"","date","means","variable","date.adj"
"total.words","1766",333.932584269663,"total.words",1801
"no.lines","1766",48.5365168539326,"no.lines",1801
"quest","1766",0.00420778993820225,"quest",1801
"quest.line","1766",0.0282582826460674,"quest.line",1801
"exclam","1766",0.0134722070674157,"exclam",1801
"exclam.line","1766",0.0905630825224719,"exclam.line",1801
"period","1766",0.0271826862696629,"period",1801
"period.line","1766",0.184163854831461,"period.line",1801
"comma","1766",0.114094663539326,"comma",1801
"comma.line","1766",0.793981667977528,"comma.line",1801
"total","1766",0.193098135393258,"total",1801
"total.line","1766",1.33038283932584,"total.line",1801
"total.words1","1767",236.117647058824,"total.words",1802
"no.lines1","1767",34.3529411764706,"no.lines",1802
"quest1","1767",0.00183791241176471,"quest",1802
"quest.line1","1767",0.0121505188235294,"quest.line",1802
"exclam1","1767",0.00793717402941176,"exclam",1802
"exclam.line1","1767",0.0531800782352941,"exclam.line",1802
"period1","1767",0.0274400323529412,"period",1802
"period.line1","1767",0.191255273823529,"period.line",1802
"comma1","1767",0.0903094191176471,"comma",1802
"comma.line1","1767",0.630441888235294,"comma.line",1802
"total1","1767",0.155393647058824,"total",1802
"total.line1","1767",1.08102764411765,"total.line",1802
"total.words2","1768",228.706140350877,"total.words",1803
"no.lines2","1768",33.9539473684211,"no.lines",1803
"quest2","1768",0.00350705247807018,"quest",1803
"quest.line2","1768",0.0229345748245614,"quest.line",1803
"exclam2","1768",0.017952091627193,"exclam",1803
"exclam.line2","1768",0.120039775833333,"exclam.line",1803
"period2","1768",0.0310329258070175,"period",1803
"period.line2","1768",0.208503421184211,"period.line",1803
"comma2","1768",0.129008899122807,"comma",1803
"comma.line2","1768",0.902810413157895,"comma.line",1803
"total2","1768",0.210611050438596,"total",1803
"total.line2","1768",1.45915251184211,"total.line",1803
"total.words3","1769",197.395939086294,"total.words",1804
"no.lines3","1769",29.508883248731,"no.lines",1804
"quest3","1769",0.00344354038832487,"quest",1804
"quest.line3","1769",0.0230615964949239,"quest.line",1804
"exclam3","1769",0.0202801940837563,"exclam",1804
"exclam.line3","1769",0.153558453873096,"exclam.line",1804
"period3","1769",0.0274631247182741,"period",1804
"period.line3","1769",0.195900410507614,"period.line",1804
"comma3","1769",0.107623914213198,"comma",1804
"comma.line3","1769",0.777889420050761,"comma.line",1804
"total3","1769",0.18503590251269,"total",1804
"total.line3","1769",1.33885443274112,"total.line",1804
"total.words4","1770",224.084240687679,"total.words",1805
"no.lines4","1770",33.4765042979943,"no.lines",1805
"quest4","1770",0.00433462594326648,"quest",1805
"quest.line4","1770",0.0293967121335244,"quest.line",1805
"exclam4","1770",0.0201971313329513,"exclam",1805
"exclam.line4","1770",0.130284342160458,"exclam.line",1805
"period4","1770",0.0196064699954155,"period",1805
"period.line4","1770",0.13725267486533,"period.line",1805
"comma4","1770",0.110519358550143,"comma",1805
"comma.line4","1770",0.760024869398281,"comma.line",1805
"total4","1770",0.183536248080229,"total",1805
"total.line4","1770",1.25780206469914,"total.line",1805
"total.words5","1771",300.090909090909,"total.words",1806
"no.lines5","1771",53.1938502673797,"no.lines",1806
"quest5","1771",0.00424434707754011,"quest",1806
"quest.line5","1771",0.0260044001631016,"quest.line",1806
"exclam5","1771",0.00964331980748663,"exclam",1806
"exclam.line5","1771",0.0554537426096257,"exclam.line",1806
"period5","1771",0.0282157116176471,"period",1806
"period.line5","1771",0.163887713502674,"period.line",1806
"comma5","1771",0.126597227433155,"comma",1806
"comma.line5","1771",0.743539676470588,"comma.line",1806
"total5","1771",0.199631326229947,"total",1806
"total.line5","1771",1.17077511550802,"total.line",1806
"total.words6","1772",189.95126705653,"total.words",1807
"no.lines6","1772",27.0818713450292,"no.lines",1807
"quest6","1772",0.00628752847563353,"quest",1807
"quest.line6","1772",0.0451157509005848,"quest.line",1807
"exclam6","1772",0.0260092868148148,"exclam",1807
"exclam.line6","1772",0.17926429208577,"exclam.line",1807
"period6","1772",0.0276727462436647,"period",1807
"period.line6","1772",0.194359679044834,"period.line",1807
"comma6","1772",0.0953340258674464,"comma",1807
"comma.line6","1772",0.680018624366472,"comma.line",1807
"total6","1772",0.174824707738791,"total",1807
"total.line6","1772",1.23897163528265,"total.line",1807
"total.words7","1773",258.894736842105,"total.words",1808
"no.lines7","1773",38.5105263157895,"no.lines",1808
"quest7","1773",0.00349086174736842,"quest",1808
"quest.line7","1773",0.0246322346315789,"quest.line",1808
"exclam7","1773",0.0207541947894737,"exclam",1808
"exclam.line7","1773",0.140284383157895,"exclam.line",1808
"period7","1773",0.0321127125473684,"period",1808
"period.line7","1773",0.224209916105263,"period.line",1808
"comma7","1773",0.117202917894737,"comma",1808
"comma.line7","1773",0.817616626315789,"comma.line",1808
"total7","1773",0.201908954736842,"total",1808
"total.line7","1773",1.40561497789474,"total.line",1808
"total.words8","1774",252.02719665272,"total.words",1809
"no.lines8","1774",36.5407949790795,"no.lines",1809
"quest8","1774",0.00379022799372385,"quest",1809
"quest.line8","1774",0.0264287645146444,"quest.line",1809
"exclam8","1774",0.0135854168368201,"exclam",1809
"exclam.line8","1774",0.0933385294456067,"exclam.line",1809
"period8","1774",0.0325068285711297,"period",1809
"period.line8","1774",0.23246433460251,"period.line",1809
"comma8","1774",0.106472598514644,"comma",1809
"comma.line8","1774",0.766661902301255,"comma.line",1809
"total8","1774",0.176452205104603,"total",1809
"total.line8","1774",1.26178535523013,"total.line",1809
"total.words9","1775",205.48023862789,"total.words",1810
"no.lines9","1775",30.7345264727815,"no.lines",1810
"quest9","1775",0.00481144810812826,"quest",1810
"quest.line9","1775",0.0344028473527219,"quest.line",1810
"exclam9","1775",0.0159114124086503,"exclam",1810
"exclam.line9","1775",0.112799638680089,"exclam.line",1810
"period9","1775",0.0309506881066368,"period",1810
"period.line9","1775",0.219790427089485,"period.line",1810
"comma9","1775",0.113064920402685,"comma",1810
"comma.line9","1775",0.795399589709172,"comma.line",1810
"total9","1775",0.188348750686055,"total",1810
"total.line9","1775",1.3283912847129,"total.line",1810
"total.words10","1776",251.421641791045,"total.words",1811
"no.lines10","1776",35.8694029850746,"no.lines",1811
"quest10","1776",0.00538759082835821,"quest",1811
"quest.line10","1776",0.0398940882537313,"quest.line",1811
"exclam10","1776",0.0153669569925373,"exclam",1811
"exclam.line10","1776",0.110994948731343,"exclam.line",1811
"period10","1776",0.0200457804328358,"period",1811
"period.line10","1776",0.144051370373134,"period.line",1811
"comma10","1776",0.117100804850746,"comma",1811
"comma.line10","1776",0.852944100373134,"comma.line",1811
"total10","1776",0.186016010820896,"total",1811
"total.line10","1776",1.35249140559701,"total.line",1811
"total.words11","1777",300.271461716937,"total.words",1812
"no.lines11","1777",46.3932714617169,"no.lines",1812
"quest11","1777",0.00497053716009281,"quest",1812
"quest.line11","1777",0.0341891147006961,"quest.line",1812
"exclam11","1777",0.0111454686403712,"exclam",1812
"exclam.line11","1777",0.0771889667656613,"exclam.line",1812
"period11","1777",0.0277458526542923,"period",1812
"period.line11","1777",0.184543559141531,"period.line",1812
"comma11","1777",0.0988846117169374,"comma",1812
"comma.line11","1777",0.663870093967517,"comma.line",1812
"total11","1777",0.171953515034803,"total",1812
"total.line11","1777",1.15604192273782,"total.line",1812
"total.words12","1778",142.308120133482,"total.words",1813
"no.lines12","1778",20.9360400444939,"no.lines",1813
"quest12","1778",0.00309084868854283,"quest",1813
"quest.line12","1778",0.020997148836485,"quest.line",1813
"exclam12","1778",0.00318460008453838,"exclam",1813
"exclam.line12","1778",0.0216042745050056,"exclam.line",1813
"period12","1778",0.0359072768965517,"period",1813
"period.line12","1778",0.243172864593993,"period.line",1813
"comma12","1778",0.0992087369410456,"comma",1813
"comma.line12","1778",0.676006822803115,"comma.line",1813
"total12","1778",0.155816542302558,"total",1813
"total.line12","1778",1.06073194404894,"total.line",1813
"total.words13","1779",247.169386169386,"total.words",1814
"no.lines13","1779",37.6686091686092,"no.lines",1814
"quest13","1779",0.00438878402020202,"quest",1814
"quest.line13","1779",0.02920390103108,"quest.line",1814
"exclam13","1779",0.0138126437715618,"exclam",1814
"exclam.line13","1779",0.0905808898065268,"exclam.line",1814
"period13","1779",0.0259157638982129,"period",1814
"period.line13","1779",0.174607425361305,"period.line",1814
"comma13","1779",0.12313219029526,"comma",1814
"comma.line13","1779",0.832254446464646,"comma.line",1814
"total13","1779",0.186178823162393,"total",1814
"total.line13","1779",1.25386054615385,"total.line",1814
"total.words14","1780",286.631067961165,"total.words",1815
"no.lines14","1780",46.2233009708738,"no.lines",1815
"quest14","1780",0.00529338091262136,"quest",1815
"quest.line14","1780",0.0325581424660194,"quest.line",1815
"exclam14","1780",0.0222806863009709,"exclam",1815
"exclam.line14","1780",0.140342102834951,"exclam.line",1815
"period14","1780",0.0304770808252427,"period",1815
"period.line14","1780",0.191536646796117,"period.line",1815
"comma14","1780",0.114061316116505,"comma",1815
"comma.line14","1780",0.727251210679612,"comma.line",1815
"total14","1780",0.199908316504854,"total",1815
"total.line14","1780",1.27102237961165,"total.line",1815
"total.words15","1781",179.359523809524,"total.words",1816
"no.lines15","1781",26.3321428571429,"no.lines",1816
"quest15","1781",0.00775293044761905,"quest",1816
"quest.line15","1781",0.0542166380714286,"quest.line",1816
"exclam15","1781",0.0266627915690476,"exclam",1816
"exclam.line15","1781",0.186007939571429,"exclam.line",1816
"period15","1781",0.0234363051904762,"period",1816
"period.line15","1781",0.167122737380952,"period.line",1816
"comma15","1781",0.117114196309524,"comma",1816
"comma.line15","1781",0.83844770452381,"comma.line",1816
"total15","1781",0.202036002547619,"total",1816
"total.line15","1781",1.43477703095238,"total.line",1816
"total.words16","1782",195.628985507246,"total.words",1817
"no.lines16","1782",29.1898550724638,"no.lines",1817
"quest16","1782",0.00410572224637681,"quest",1817
"quest.line16","1782",0.0277371887246377,"quest.line",1817
"exclam16","1782",0.00908647966666667,"exclam",1817
"exclam.line16","1782",0.0622857575072464,"exclam.line",1817
"period16","1782",0.0283125377391304,"period",1817
"period.line16","1782",0.186786905652174,"period.line",1817
"comma16","1782",0.113847550550725,"comma",1817
"comma.line16","1782",0.774977087826087,"comma.line",1817
"total16","1782",0.181721467826087,"total",1817
"total.line16","1782",1.22725721275362,"total.line",1817
"total.words17","1783",245.898360655738,"total.words",1818
"no.lines17","1783",39.6409836065574,"no.lines",1818
"quest17","1783",0.00489688607540984,"quest",1818
"quest.line17","1783",0.0335644413803279,"quest.line",1818
"exclam17","1783",0.0182083239377049,"exclam",1818
"exclam.line17","1783",0.12535958295082,"exclam.line",1818
"period17","1783",0.0241080639213115,"period",1818
"period.line17","1783",0.15443852335082,"period.line",1818
"comma17","1783",0.105449189836066,"comma",1818
"comma.line17","1783",0.67460048295082,"comma.line",1818
"total17","1783",0.179103734229508,"total",1818
"total.line17","1783",1.15544506622951,"total.line",1818
"total.words18","1784",230.767266395821,"total.words",1819
"no.lines18","1784",36.2701683110853,"no.lines",1819
"quest18","1784",0.004099122630296,"quest",1819
"quest.line18","1784",0.0267504252275102,"quest.line",1819
"exclam18","1784",0.0133531912687174,"exclam",1819
"exclam.line18","1784",0.0873329324892629,"exclam.line",1819
"period18","1784",0.0275680473511317,"period",1819
"period.line18","1784",0.183840973662217,"period.line",1819
"comma18","1784",0.111582143343006,"comma",1819
"comma.line18","1784",0.742365023813117,"comma.line",1819
"total18","1784",0.181477874567615,"total",1819
"total.line18","1784",1.20601415322113,"total.line",1819
"total.words19","1785",214.009077155825,"total.words",1820
"no.lines19","1785",32.7155824508321,"no.lines",1820
"quest19","1785",0.00446656754160363,"quest",1820
"quest.line19","1785",0.0299289126838124,"quest.line",1820
"exclam19","1785",0.0148380247125567,"exclam",1820
"exclam.line19","1785",0.097559598290469,"exclam.line",1820
"period19","1785",0.0273915257730711,"period",1820
"period.line19","1785",0.183418215597579,"period.line",1820
"comma19","1785",0.116181765370651,"comma",1820
"comma.line19","1785",0.780814549016641,"comma.line",1820
"total19","1785",0.185741672072617,"total",1820
"total.line19","1785",1.24586708986384,"total.line",1820
"total.words20","1786",239.386666666667,"total.words",1821
"no.lines20","1786",40.9066666666667,"no.lines",1821
"quest20","1786",0.00520248399333333,"quest",1821
"quest.line20","1786",0.0293474435333333,"quest.line",1821
"exclam20","1786",0.02303704626,"exclam",1821
"exclam.line20","1786",0.138255637,"exclam.line",1821
"period20","1786",0.02938615,"period",1821
"period.line20","1786",0.1784036142,"period.line",1821
"comma20","1786",0.110391376533333,"comma",1821
"comma.line20","1786",0.675404482,"comma.line",1821
"total20","1786",0.192796152666667,"total",1821
"total.line20","1786",1.169833672,"total.line",1821
"total.words21","1787",206.096264367816,"total.words",1822
"no.lines21","1787",31.4489942528736,"no.lines",1822
"quest21","1787",0.00950107441522989,"quest",1822
"quest.line21","1787",0.0596906705431034,"quest.line",1822
"exclam21","1787",0.0230561150818966,"exclam",1822
"exclam.line21","1787",0.144603388178161,"exclam.line",1822
"period21","1787",0.0258240000258621,"period",1822
"period.line21","1787",0.17268148204023,"period.line",1822
"comma21","1787",0.110819895311782,"comma",1822
"comma.line21","1787",0.731622291350575,"comma.line",1822
"total21","1787",0.203639020833333,"total",1822
"total.line21","1787",1.33539237155172,"total.line",1822
"total.words22","1788",301.217125382263,"total.words",1823
"no.lines22","1788",47.6559633027523,"no.lines",1823
"quest22","1788",0.00548428440061162,"quest",1823
"quest.line22","1788",0.0336736499021407,"quest.line",1823
"exclam22","1788",0.0180324261498471,"exclam",1823
"exclam.line22","1788",0.116809277492355,"exclam.line",1823
"period22","1788",0.0248565929174312,"period",1823
"period.line22","1788",0.152865093058104,"period.line",1823
"comma22","1788",0.112288885351682,"comma",1823
"comma.line22","1788",0.71460280795107,"comma.line",1823
"total22","1788",0.181336663180428,"total",1823
"total.line22","1788",1.14898889143731,"total.line",1823
"total.words23","1789",250.84907120743,"total.words",1824
"no.lines23","1789",37.859133126935,"no.lines",1824
"quest23","1789",0.00518320082739938,"quest",1824
"quest.line23","1789",0.0344109031470588,"quest.line",1824
"exclam23","1789",0.0193108243119195,"exclam",1824
"exclam.line23","1789",0.129711284073529,"exclam.line",1824
"period23","1789",0.0288699079210526,"period",1824
"period.line23","1789",0.189937198924149,"period.line",1824
"comma23","1789",0.108015719631579,"comma",1824
"comma.line23","1789",0.723443815828173,"comma.line",1824
"total23","1789",0.184147252043344,"total",1824
"total.line23","1789",1.22893513962848,"total.line",1824
"total.words24","1790",202.39751552795,"total.words",1825
"no.lines24","1790",27.7639751552795,"no.lines",1825
"quest24","1790",0.00304860421118012,"quest",1825
"quest.line24","1790",0.022202921863354,"quest.line",1825
"exclam24","1790",0.0112389191552795,"exclam",1825
"exclam.line24","1790",0.0828756663354037,"exclam.line",1825
"period24","1790",0.0194918738012422,"period",1825
"period.line24","1790",0.140703769503106,"period.line",1825
"comma24","1790",0.110242788322981,"comma",1825
"comma.line24","1790",0.825326521118012,"comma.line",1825
"total24","1790",0.16969505826087,"total",1825
"total.line24","1790",1.26491218819876,"total.line",1825
"total.words25","1791",275.629468177855,"total.words",1826
"no.lines25","1791",42.9472537053182,"no.lines",1826
"quest25","1791",0.00637997899651264,"quest",1826
"quest.line25","1791",0.04135953355449,"quest.line",1826
"exclam25","1791",0.00982721022144725,"exclam",1826
"exclam.line25","1791",0.0633740445972101,"exclam.line",1826
"period25","1791",0.0270604877994769,"period",1826
"period.line25","1791",0.174557888936356,"period.line",1826
"comma25","1791",0.10716748994769,"comma",1826
"comma.line25","1791",0.701300427114211,"comma.line",1826
"total25","1791",0.162495256695728,"total",1826
"total.line25","1791",1.06162744681779,"total.line",1826
"total.words26","1792",273.518796992481,"total.words",1827
"no.lines26","1792",40.3886278195489,"no.lines",1827
"quest26","1792",0.00458013947086466,"quest",1827
"quest.line26","1792",0.031502921737782,"quest.line",1827
"exclam26","1792",0.0100838684595865,"exclam",1827
"exclam.line26","1792",0.0683423037913534,"exclam.line",1827
"period26","1792",0.0272581680986842,"period",1827
"period.line26","1792",0.185529193947368,"period.line",1827
"comma26","1792",0.104194489072368,"comma",1827
"comma.line26","1792",0.716290128843985,"comma.line",1827
"total26","1792",0.165658332095865,"total",1827
"total.line26","1792",1.13559286635338,"total.line",1827
"total.words27","1793",212.591511137869,"total.words",1828
"no.lines27","1793",30.2290788681517,"no.lines",1828
"quest27","1793",0.00215921643618302,"quest",1828
"quest.line27","1793",NA,"quest.line",1828
"exclam27","1793",0.00915879787417219,"exclam",1828
"exclam.line27","1793",NA,"exclam.line",1828
"period27","1793",0.0119057134253462,"period",1828
"period.line27","1793",NA,"period.line",1828
"comma27","1793",0.0474364284078868,"comma",1828
"comma.line27","1793",Inf,"comma.line",1828
"total27","1793",0.0824859804647803,"total",1828
"total.line27","1793",Inf,"total.line",1828
"total.words28","1794",266.72591587517,"total.words",1829
"no.lines28","1794",41.8371777476255,"no.lines",1829
"quest28","1794",0.00313225294843962,"quest",1829
"quest.line28","1794",0.019610257734057,"quest.line",1829
"exclam28","1794",0.0154500253975577,"exclam",1829
"exclam.line28","1794",0.0995935663175034,"exclam.line",1829
"period28","1794",0.0298987858358209,"period",1829
"period.line28","1794",0.194202512510176,"period.line",1829
"comma28","1794",0.120298445305292,"comma",1829
"comma.line28","1794",0.793281542469471,"comma.line",1829
"total28","1794",0.187856492401628,"total",1829
"total.line28","1794",1.23579726485753,"total.line",1829
"total.words29","1795",239.86741102582,"total.words",1830
"no.lines29","1795",34.8824145150035,"no.lines",1830
"quest29","1795",0.00353628099651082,"quest",1830
"quest.line29","1795",0.024900801235171,"quest.line",1830
"exclam29","1795",0.0163720041339846,"exclam",1830
"exclam.line29","1795",0.111249056989532,"exclam.line",1830
"period29","1795",0.0232477417529658,"period",1830
"period.line29","1795",0.159876113244941,"period.line",1830
"comma29","1795",0.106983110410328,"comma",1830
"comma.line29","1795",0.756205517745987,"comma.line",1830
"total29","1795",0.172257685349616,"total",1830
"total.line29","1795",1.20777743486392,"total.line",1830
"total.words30","1796",194.182509505703,"total.words",1831
"no.lines30","1796",26.9144486692015,"no.lines",1831
"quest30","1796",0.00478434860646388,"quest",1831
"quest.line30","1796",0.0354223623726236,"quest.line",1831
"exclam30","1796",0.00702298713307985,"exclam",1831
"exclam.line30","1796",0.0505243390874525,"exclam.line",1831
"period30","1796",0.0261245922243346,"period",1831
"period.line30","1796",0.192018912946768,"period.line",1831
"comma30","1796",0.106297476045627,"comma",1831
"comma.line30","1796",0.783673627946768,"comma.line",1831
"total30","1796",0.161382050608365,"total",1831
"total.line30","1796",1.18874051292776,"total.line",1831
"total.words31","1797",226.751177394035,"total.words",1832
"no.lines31","1797",33.5576923076923,"no.lines",1832
"quest31","1797",0.00491932165620094,"quest",1832
"quest.line31","1797",0.033007574399529,"quest.line",1832
"exclam31","1797",0.0202932840698587,"exclam",1832
"exclam.line31","1797",0.139484604598116,"exclam.line",1832
"period31","1797",0.0215729703312402,"period",1832
"period.line31","1797",0.148648963565934,"period.line",1832
"comma31","1797",0.100675212064364,"comma",1832
"comma.line31","1797",0.702085758908948,"comma.line",1832
"total31","1797",0.172366065649137,"total",1832
"total.line31","1797",1.19583646389325,"total.line",1832
"total.words32","1798",294,"total.words",1833
"no.lines32","1798",44.6965517241379,"no.lines",1833
"quest32","1798",0.00375327470344828,"quest",1833
"quest.line32","1798",0.0251001553494253,"quest.line",1833
"exclam32","1798",0.0241407809747126,"exclam",1833
"exclam.line32","1798",0.161749979931034,"exclam.line",1833
"period32","1798",0.0156478104758621,"period",1833
"period.line32","1798",0.104827410335632,"period.line",1833
"comma32","1798",0.109447814229885,"comma",1833
"comma.line32","1798",0.744158118942529,"comma.line",1833
"total32","1798",0.175611898528736,"total",1833
"total.line32","1798",1.18944233678161,"total.line",1833
"total.words33","1799",293.261859582543,"total.words",1834
"no.lines33","1799",44.4748576850095,"no.lines",1834
"quest33","1799",0.00395592781973435,"quest",1834
"quest.line33","1799",NA,"quest.line",1834
"exclam33","1799",0.0201156230056926,"exclam",1834
"exclam.line33","1799",NA,"exclam.line",1834
"period33","1799",0.0217461916783681,"period",1834
"period.line33","1799",Inf,"period.line",1834
"comma33","1799",0.101909522267552,"comma",1834
"comma.line33","1799",Inf,"comma.line",1834
"total33","1799",0.170727933585389,"total",1834
"total.line33","1799",Inf,"total.line",1834
"total.words34","1800",307.452830188679,"total.words",1835
"no.lines34","1800",47.7169811320755,"no.lines",1835
"quest34","1800",0.0040718962327044,"quest",1835
"quest.line34","1800",0.0284464158490566,"quest.line",1835
"exclam34","1800",0.00790424177358491,"exclam",1835
"exclam.line34","1800",0.0502925664150943,"exclam.line",1835
"period34","1800",0.0300241144465409,"period",1835
"period.line34","1800",0.196028365660377,"period.line",1835
"comma34","1800",0.118683191320755,"comma",1835
"comma.line34","1800",0.79484628427673,"comma.line",1835
"total34","1800",0.183277855345912,"total",1835
"total.line34","1800",1.2204168427673,"total.line",1835
"total.words35","1801",212.580428954424,"total.words",1836
"no.lines35","1801",32.080764075067,"no.lines",1836
"quest35","1801",0.00383173960991957,"quest",1836
"quest.line35","1801",0.024938138730563,"quest.line",1836
"exclam35","1801",0.0166543442761394,"exclam",1836
"exclam.line35","1801",0.105472747788874,"exclam.line",1836
"period35","1801",0.0222753458378016,"period",1836
"period.line35","1801",0.149631042674263,"period.line",1836
"comma35","1801",0.0987292898967828,"comma",1836
"comma.line35","1801",0.664399499865952,"comma.line",1836
"total35","1801",0.165200021514745,"total",1836
"total.line35","1801",1.10125291575067,"total.line",1836
"total.words36","1802",240.422480620155,"total.words",1837
"no.lines36","1802",36.8827519379845,"no.lines",1837
"quest36","1802",0.00370727842183463,"quest",1837
"quest.line36","1802",NA,"quest.line",1837
"exclam36","1802",0.0141571248837209,"exclam",1837
"exclam.line36","1802",NA,"exclam.line",1837
"period36","1802",0.0303390207965116,"period",1837
"period.line36","1802",NA,"period.line",1837
"comma36","1802",0.0977451957945736,"comma",1837
"comma.line36","1802",NA,"comma.line",1837
"total36","1802",0.170241636091731,"total",1837
"total.line36","1802",Inf,"total.line",1837
"total.words37","1803",246.746610169492,"total.words",1838
"no.lines37","1803",37.2949152542373,"no.lines",1838
"quest37","1803",0.00357901231101695,"quest",1838
"quest.line37","1803",NA,"quest.line",1838
"exclam37","1803",0.0138480946601695,"exclam",1838
"exclam.line37","1803",NA,"exclam.line",1838
"period37","1803",0.0282682477262712,"period",1838
"period.line37","1803",Inf,"period.line",1838
"comma37","1803",0.100541339720339,"comma",1838
"comma.line37","1803",NA,"comma.line",1838
"total37","1803",0.165236099110169,"total",1838
"total.line37","1803",Inf,"total.line",1838
"total.words38","1804",263.915662650602,"total.words",1839
"no.lines38","1804",42.4397590361446,"no.lines",1839
"quest38","1804",0.00464541610120482,"quest",1839
"quest.line38","1804",0.0299353086650602,"quest.line",1839
"exclam38","1804",0.0171058313084337,"exclam",1839
"exclam.line38","1804",0.108149266975904,"exclam.line",1839
"period38","1804",0.0278419693590361,"period",1839
"period.line38","1804",0.178890123975904,"period.line",1839
"comma38","1804",0.0992083110843374,"comma",1839
"comma.line38","1804",0.642308273012048,"comma.line",1839
"total38","1804",0.168676533445783,"total",1839
"total.line38","1804",1.08856097325301,"total.line",1839
"total.words39","1805",236.770161290323,"total.words",1840
"no.lines39","1805",30.6622983870968,"no.lines",1840
"quest39","1805",0.00406806725201613,"quest",1840
"quest.line39","1805",0.030544716796371,"quest.line",1840
"exclam39","1805",0.0179519949596774,"exclam",1840
"exclam.line39","1805",0.131795584072581,"exclam.line",1840
"period39","1805",0.0197865170584677,"period",1840
"period.line39","1805",0.151613930544355,"period.line",1840
"comma39","1805",0.0922166364516129,"comma",1840
"comma.line39","1805",0.707165875423387,"comma.line",1840
"total39","1805",0.167787124979839,"total",1840
"total.line39","1805",1.27540618185484,"total.line",1840
"total.words40","1806",245.278783958603,"total.words",1841
"no.lines40","1806",34.9104139715395,"no.lines",1841
"quest40","1806",0.00423764531694696,"quest",1841
"quest.line40","1806",0.0302421261054334,"quest.line",1841
"exclam40","1806",0.0165867922457956,"exclam",1841
"exclam.line40","1806",0.11879678717141,"exclam.line",1841
"period40","1806",0.0217359527626132,"period",1841
"period.line40","1806",0.155280959223803,"period.line",1841
"comma40","1806",0.108394758564036,"comma",1841
"comma.line40","1806",0.791386816093144,"comma.line",1841
"total40","1806",0.169559789786546,"total",1841
"total.line40","1806",1.23069668098318,"total.line",1841
"total.words41","1807",321.252515572592,"total.words",1842
"no.lines41","1807",48.1825586966938,"no.lines",1842
"quest41","1807",0.00335930744130331,"quest",1842
"quest.line41","1807",0.0235958973488261,"quest.line",1842
"exclam41","1807",0.0134158958442741,"exclam",1842
"exclam.line41","1807",0.0894101741931001,"exclam.line",1842
"period41","1807",0.0257551446439866,"period",1842
"period.line41","1807",0.175169451715381,"period.line",1842
"comma41","1807",0.101562927906085,"comma",1842
"comma.line41","1807",0.696854824791567,"comma.line",1842
"total41","1807",0.163656594331576,"total",1842
"total.line41","1807",1.11925310752276,"total.line",1842
"total.words42","1808",231.160964666293,"total.words",1843
"no.lines42","1808",34.4671901289961,"no.lines",1843
"quest42","1808",0.00413829972574313,"quest",1843
"quest.line42","1808",0.0286316244391475,"quest.line",1843
"exclam42","1808",0.0168110363185642,"exclam",1843
"exclam.line42","1808",0.115104320178351,"exclam.line",1843
"period42","1808",0.0232349204683118,"period",1843
"period.line42","1808",0.152703479024117,"period.line",1843
"comma42","1808",0.106964944178351,"comma",1843
"comma.line42","1808",0.738054705215928,"comma.line",1843
"total42","1808",0.178233846102075,"total",1843
"total.line42","1808",1.22233492484577,"total.line",1843
"total.words43","1809",265.743532058493,"total.words",1844
"no.lines43","1809",38.9738470191226,"no.lines",1844
"quest43","1809",0.00442290104386952,"quest",1844
"quest.line43","1809",0.0317600970253093,"quest.line",1844
"exclam43","1809",0.0179103672795276,"exclam",1844
"exclam.line43","1809",0.122979326179978,"exclam.line",1844
"period43","1809",0.0230463678110236,"period",1844
"period.line43","1809",0.162787308113611,"period.line",1844
"comma43","1809",0.0983400514218223,"comma",1844
"comma.line43","1809",0.697453834364454,"comma.line",1844
"total43","1809",0.16256769575928,"total",1844
"total.line43","1809",1.14935668661417,"total.line",1844
"total.words44","1810",196.422900763359,"total.words",1845
"no.lines44","1810",29.0019083969466,"no.lines",1845
"quest44","1810",0.0036947578129771,"quest",1845
"quest.line44","1810",NA,"quest.line",1845
"exclam44","1810",0.0142016585587786,"exclam",1845
"exclam.line44","1810",NA,"exclam.line",1845
"period44","1810",0.0169111203129771,"period",1845
"period.line44","1810",Inf,"period.line",1845
"comma44","1810",0.107384541984733,"comma",1845
"comma.line44","1810",Inf,"comma.line",1845
"total44","1810",0.166871430343511,"total",1845
"total.line44","1810",Inf,"total.line",1845
"total.words45","1811",185.308139534884,"total.words",1846
"no.lines45","1811",27.2576308139535,"no.lines",1846
"quest45","1811",0.00366723755668605,"quest",1846
"quest.line45","1811",0.0256116830915698,"quest.line",1846
"exclam45","1811",0.0241192192761628,"exclam",1846
"exclam.line45","1811",0.174363279767442,"exclam.line",1846
"period45","1811",0.0147319564349564,"period",1846
"period.line45","1811",0.106611555986919,"period.line",1846
"comma45","1811",0.114762052132994,"comma",1846
"comma.line45","1811",0.842932442936047,"comma.line",1846
"total45","1811",0.182304559077035,"total",1846
"total.line45","1811",1.33510026326308,"total.line",1846
"total.words46","1812",198.128151260504,"total.words",1847
"no.lines46","1812",26.9096638655462,"no.lines",1847
"quest46","1812",0.00718659716176471,"quest",1847
"quest.line46","1812",NA,"quest.line",1847
"exclam46","1812",0.0227384651186975,"exclam",1847
"exclam.line46","1812",NA,"exclam.line",1847
"period46","1812",0.0310090529128151,"period",1847
"period.line46","1812",Inf,"period.line",1847
"comma46","1812",0.0893308053371849,"comma",1847
"comma.line46","1812",NA,"comma.line",1847
"total46","1812",0.174280921985294,"total",1847
"total.line46","1812",Inf,"total.line",1847
"total.words47","1813",190.200421940928,"total.words",1848
"no.lines47","1813",26.6178797468354,"no.lines",1848
"quest47","1813",0.00434977054799578,"quest",1848
"quest.line47","1813",0.0318189188544304,"quest.line",1848
"exclam47","1813",0.0116492478285865,"exclam",1848
"exclam.line47","1813",0.0843593207827004,"exclam.line",1848
"period47","1813",0.0270788342120253,"period",1848
"period.line47","1813",0.203552528306962,"period.line",1848
"comma47","1813",0.0906633994272152,"comma",1848
"comma.line47","1813",0.681131976049578,"comma.line",1848
"total47","1813",0.163133180411392,"total",1848
"total.line47","1813",1.22873139804852,"total.line",1848
"total.words48","1814",232.622327790974,"total.words",1849
"no.lines48","1814",36.0383440787241,"no.lines",1849
"quest48","1814",0.00383675365049203,"quest",1849
"quest.line48","1814",0.0260594687675602,"quest.line",1849
"exclam48","1814",0.018115248937903,"exclam",1849
"exclam.line48","1814",0.118679494854089,"exclam.line",1849
"period48","1814",0.0230523720695623,"period",1849
"period.line48","1814",0.152821674154734,"period.line",1849
"comma48","1814",0.0932856353610451,"comma",1849
"comma.line48","1814",0.623523506114693,"comma.line",1849
"total48","1814",0.163872452483882,"total",1849
"total.line48","1814",1.09454902806244,"total.line",1849
"total.words49","1815",188.623076923077,"total.words",1850
"no.lines49","1815",26.5884615384615,"no.lines",1850
"quest49","1815",0.00228106350769231,"quest",1850
"quest.line49","1815",0.0169514911538462,"quest.line",1850
"exclam49","1815",0.00734041901538462,"exclam",1850
"exclam.line49","1815",0.0522642567692308,"exclam.line",1850
"period49","1815",0.0289192129846154,"period",1850
"period.line49","1815",0.204690670076923,"period.line",1850
"comma49","1815",0.102260422230769,"comma",1850
"comma.line49","1815",0.75372265,"comma.line",1850
"total49","1815",0.164456972,"total",1850
"total.line49","1815",1.19942479923077,"total.line",1850
"total.words50","1816",287.934246575342,"total.words",1851
"no.lines50","1816",47.7897260273973,"no.lines",1851
"quest50","1816",0.00505393311917808,"quest",1851
"quest.line50","1816",0.0311211088068493,"quest.line",1851
"exclam50","1816",0.0200463510178082,"exclam",1851
"exclam.line50","1816",0.121972678989041,"exclam.line",1851
"period50","1816",0.0254864579547945,"period",1851
"period.line50","1816",0.154691723890411,"period.line",1851
"comma50","1816",0.0996295604520548,"comma",1851
"comma.line50","1816",0.619455094863014,"comma.line",1851
"total50","1816",0.179596923657534,"total",1851
"total.line50","1816",1.10801971465753,"total.line",1851
"total.words51","1817",220.063247863248,"total.words",1852
"no.lines51","1817",33.5867521367521,"no.lines",1852
"quest51","1817",0.00370599229316239,"quest",1852
"quest.line51","1817",0.0240664097444444,"quest.line",1852
"exclam51","1817",0.0111949219273504,"exclam",1852
"exclam.line51","1817",0.0736555587547009,"exclam.line",1852
"period51","1817",0.0274866674444444,"period",1852
"period.line51","1817",0.190868252912821,"period.line",1852
"comma51","1817",0.101267812810256,"comma",1852
"comma.line51","1817",0.692320198205128,"comma.line",1852
"total51","1817",0.161301682940171,"total",1852
"total.line51","1817",1.09701683008547,"total.line",1852
"total.words52","1818",281.730601569311,"total.words",1853
"no.lines52","1818",42.0357454228422,"no.lines",1853
"quest52","1818",0.00391676602441151,"quest",1853
"quest.line52","1818",0.026222771690497,"quest.line",1853
"exclam52","1818",0.00850962706887533,"exclam",1853
"exclam.line52","1818",0.0593537302266783,"exclam.line",1853
"period52","1818",0.0235115396870096,"period",1853
"period.line52","1818",0.159197242884045,"period.line",1853
"comma52","1818",0.0863129249398431,"comma",1853
"comma.line52","1818",0.58953634048823,"comma.line",1853
"total52","1818",0.149267887001744,"total",1853
"total.line52","1818",1.02397420377507,"total.line",1853
"total.words53","1819",220.898466780238,"total.words",1854
"no.lines53","1819",26.5229982964225,"no.lines",1854
"quest53","1819",0.00594852527768313,"quest",1854
"quest.line53","1819",NA,"quest.line",1854
"exclam53","1819",0.0117550424715503,"exclam",1854
"exclam.line53","1819",NA,"exclam.line",1854
"period53","1819",0.0233627129475298,"period",1854
"period.line53","1819",NA,"period.line",1854
"comma53","1819",0.119862283124361,"comma",1854
"comma.line53","1819",Inf,"comma.line",1854
"total53","1819",0.181661505284497,"total",1854
"total.line53","1819",Inf,"total.line",1854
"total.words54","1820",262.972899728997,"total.words",1855
"no.lines54","1820",39.7003161698284,"no.lines",1855
"quest54","1820",0.00473428736224029,"quest",1855
"quest.line54","1820",0.0321417826255646,"quest.line",1855
"exclam54","1820",0.014513713434056,"exclam",1855
"exclam.line54","1820",0.0964945107502258,"exclam.line",1855
"period54","1820",0.0256044906766034,"period",1855
"period.line54","1820",0.173381114914182,"period.line",1855
"comma54","1820",0.112339796847335,"comma",1855
"comma.line54","1820",0.767504422411924,"comma.line",1855
"total54","1820",0.178238919110208,"total",1855
"total.line54","1820",1.21302101770551,"total.line",1855
"total.words55","1821",264.75745526839,"total.words",1856
"no.lines55","1821",37.2902584493042,"no.lines",1856
"quest55","1821",0.00472081911928429,"quest",1856
"quest.line55","1821",0.0353895299801193,"quest.line",1856
"exclam55","1821",0.0131708613936382,"exclam",1856
"exclam.line55","1821",0.0949796644771372,"exclam.line",1856
"period55","1821",0.0184277334771372,"period",1856
"period.line55","1821",0.138813993292247,"period.line",1856
"comma55","1821",0.10860907332008,"comma",1856
"comma.line55","1821",0.812274741550696,"comma.line",1856
"total55","1821",0.168424340159046,"total",1856
"total.line55","1821",1.25770395807157,"total.line",1856
"total.words56","1822",270.361927144536,"total.words",1857
"no.lines56","1822",40.5881316098707,"no.lines",1857
"quest56","1822",0.00408716213278496,"quest",1857
"quest.line56","1822",0.0278283666639248,"quest.line",1857
"exclam56","1822",0.0124607961186839,"exclam",1857
"exclam.line56","1822",0.0834649358578143,"exclam.line",1857
"period56","1822",0.0265543616768508,"period",1857
"period.line56","1822",0.181044766909518,"period.line",1857
"comma56","1822",0.105412820763807,"comma",1857
"comma.line56","1822",0.716600056521739,"comma.line",1857
"total56","1822",0.169533394524089,"total",1857
"total.line56","1822",1.15327031656874,"total.line",1857
"total.words57","1823",210.280245746692,"total.words",1858
"no.lines57","1823",31.3624763705104,"no.lines",1858
"quest57","1823",0.00399717193809074,"quest",1858
"quest.line57","1823",NA,"quest.line",1858
"exclam57","1823",0.0107291455680529,"exclam",1858
"exclam.line57","1823",NA,"exclam.line",1858
"period57","1823",0.0258470443657845,"period",1858
"period.line57","1823",NA,"period.line",1858
"comma57","1823",0.10417301581758,"comma",1858
"comma.line57","1823",NA,"comma.line",1858
"total57","1823",0.167269682896975,"total",1858
"total.line57","1823",NA,"total.line",1858
"total.words58","1824",213.516946468166,"total.words",1859
"no.lines58","1824",32.5513145391194,"no.lines",1859
"quest58","1824",0.00617525816154577,"quest",1859
"quest.line58","1824",0.041675246862211,"quest.line",1859
"exclam58","1824",0.0157097765280329,"exclam",1859
"exclam.line58","1824",0.103281267992081,"exclam.line",1859
"period58","1824",0.0311027367795375,"period",1859
"period.line58","1824",0.218487412214127,"period.line",1859
"comma58","1824",0.0973388487899905,"comma",1859
"comma.line58","1824",0.667752763335445,"comma.line",1859
"total58","1824",0.176585840373773,"total",1859
"total.line58","1824",1.20914846560025,"total.line",1859
"total.words59","1825",248.134769539078,"total.words",1860
"no.lines59","1825",37.1505511022044,"no.lines",1860
"quest59","1825",0.00600516029108216,"quest",1860
"quest.line59","1825",0.040620494498497,"quest.line",1860
"exclam59","1825",0.0161157430260521,"exclam",1860
"exclam.line59","1825",0.10817045692986,"exclam.line",1860
"period59","1825",0.0254259940721443,"period",1860
"period.line59","1825",0.168804636049599,"period.line",1860
"comma59","1825",0.101548980885772,"comma",1860
"comma.line59","1825",0.683081349328657,"comma.line",1860
"total59","1825",0.171201997800601,"total",1860
"total.line59","1825",1.14782920280561,"total.line",1860
"total.words60","1826",244.891583452211,"total.words",1861
"no.lines60","1826",38.5142653352354,"no.lines",1861
"quest60","1826",0.00541218032524964,"quest",1861
"quest.line60","1826",0.0354613755392297,"quest.line",1861
"exclam60","1826",0.0118279843594864,"exclam",1861
"exclam.line60","1826",0.0764120388459344,"exclam.line",1861
"period60","1826",0.0318892739714693,"period",1861
"period.line60","1826",0.203985570827389,"period.line",1861
"comma60","1826",0.103685557081312,"comma",1861
"comma.line60","1826",0.67502648299572,"comma.line",1861
"total60","1826",0.177145402125535,"total",1861
"total.line60","1826",1.14673777446505,"total.line",1861
"total.words61","1827",223.857363542739,"total.words",1862
"no.lines61","1827",32.6277033985582,"no.lines",1862
"quest61","1827",0.00291140434552008,"quest",1862
"quest.line61","1827",0.0204051580499485,"quest.line",1862
"exclam61","1827",0.0154234992873326,"exclam",1862
"exclam.line61","1827",0.103977934765191,"exclam.line",1862
"period61","1827",0.0255919023218332,"period",1862
"period.line61","1827",0.180880725216272,"period.line",1862
"comma61","1827",0.093130256869207,"comma",1862
"comma.line61","1827",0.659398654927909,"comma.line",1862
"total61","1827",0.156217391519053,"total",1862
"total.line61","1827",1.09943956380021,"total.line",1862
"total.words62","1828",260.397008547009,"total.words",1863
"no.lines62","1828",37.8602564102564,"no.lines",1863
"quest62","1828",0.00421195176538462,"quest",1863
"quest.line62","1828",0.0307456719854701,"quest.line",1863
"exclam62","1828",0.0118102808358974,"exclam",1863
"exclam.line62","1828",0.0815530678696581,"exclam.line",1863
"period62","1828",0.0278858694286325,"period",1863
"period.line62","1828",0.198547587739744,"period.line",1863
"comma62","1828",0.0913641022611111,"comma",1863
"comma.line62","1828",0.658177111653846,"comma.line",1863
"total62","1828",0.158377349803419,"total",1863
"total.line62","1828",1.13478223029915,"total.line",1863
"total.words63","1829",291.251724137931,"total.words",1864
"no.lines63","1829",44.1543103448276,"no.lines",1864
"quest63","1829",0.00552337661034483,"quest",1864
"quest.line63","1829",0.0365125977137931,"quest.line",1864
"exclam63","1829",0.00959100511206896,"exclam",1864
"exclam.line63","1829",0.0627782848758621,"exclam.line",1864
"period63","1829",0.0290660808103448,"period",1864
"period.line63","1829",0.1905776545,"period.line",1864
"comma63","1829",0.101032148344828,"comma",1864
"comma.line63","1829",0.665570795517241,"comma.line",1864
"total63","1829",0.165298655327586,"total",1864
"total.line63","1829",1.08976553224138,"total.line",1864
"total.words64","1830",143.49799815214,"total.words",1865
"no.lines64","1830",22.1445950107792,"no.lines",1865
"quest64","1830",0.00622333143393902,"quest",1865
"quest.line64","1830",0.0404011195635972,"quest.line",1865
"exclam64","1830",0.0133494902195873,"exclam",1865
"exclam.line64","1830",0.083087255737296,"exclam.line",1865
"period64","1830",0.0296663268170619,"period",1865
"period.line64","1830",0.188113751250385,"period.line",1865
"comma64","1830",0.098429300394518,"comma",1865
"comma.line64","1830",0.641700115586695,"comma.line",1865
"total64","1830",0.174758187788728,"total",1865
"total.line64","1830",1.13496086042501,"total.line",1865
"total.words65","1831",236.980916030534,"total.words",1866
"no.lines65","1831",34.0916030534351,"no.lines",1866
"quest65","1831",0.00509258829007634,"quest",1866
"quest.line65","1831",0.0371641380534351,"quest.line",1866
"exclam65","1831",0.0124395623969466,"exclam",1866
"exclam.line65","1831",0.0889254962022901,"exclam.line",1866
"period65","1831",0.0239150036450382,"period",1866
"period.line65","1831",0.168655199885496,"period.line",1866
"comma65","1831",0.103669535839695,"comma",1866
"comma.line65","1831",0.755757188549618,"comma.line",1866
"total65","1831",0.165286947824427,"total",1866
"total.line65","1831",1.1908925240458,"total.line",1866
"total.words66","1832",238.841288782816,"total.words",1867
"no.lines66","1832",35.8466587112172,"no.lines",1867
"quest66","1832",0.00635500153818616,"quest",1867
"quest.line66","1832",0.0434979652267303,"quest.line",1867
"exclam66","1832",0.0170674820620525,"exclam",1867
"exclam.line66","1832",0.11404275451074,"exclam.line",1867
"period66","1832",0.0219230215143198,"period",1867
"period.line66","1832",0.147318096861575,"period.line",1867
"comma66","1832",0.106968137792363,"comma",1867
"comma.line66","1832",0.727143618973747,"comma.line",1867
"total66","1832",0.171898727935561,"total",1867
"total.line66","1832",1.16411099904535,"total.line",1867
"total.words67","1833",280.805907172996,"total.words",1868
"no.lines67","1833",41.6926863572433,"no.lines",1868
"quest67","1833",0.00531334527285513,"quest",1868
"quest.line67","1833",0.0363613193867792,"quest.line",1868
"exclam67","1833",0.0114710137369902,"exclam",1868
"exclam.line67","1833",0.0774135660900141,"exclam.line",1868
"period67","1833",0.028047642559775,"period",1868
"period.line67","1833",0.190256043727145,"period.line",1868
"comma67","1833",0.10035731838256,"comma",1868
"comma.line67","1833",0.700293511392405,"comma.line",1868
"total67","1833",0.164124630984529,"total",1868
"total.line67","1833",1.13272749971871,"total.line",1868
"total.words68","1834",243.738650306748,"total.words",1869
"no.lines68","1834",35.5319018404908,"no.lines",1869
"quest68","1834",0.00553438863803681,"quest",1869
"quest.line68","1834",0.0440068871079755,"quest.line",1869
"exclam68","1834",0.0131285525828221,"exclam",1869
"exclam.line68","1834",0.0875600462809816,"exclam.line",1869
"period68","1834",0.0271165358404908,"period",1869
"period.line68","1834",0.192672424662577,"period.line",1869
"comma68","1834",0.0855191809263804,"comma",1869
"comma.line68","1834",0.606478243312883,"comma.line",1869
"total68","1834",0.154440658944785,"total",1869
"total.line68","1834",1.09167178785276,"total.line",1869
"total.words69","1835",208.256962025316,"total.words",1870
"no.lines69","1835",29.6693037974684,"no.lines",1870
"quest69","1835",0.00603272578734177,"quest",1870
"quest.line69","1835",0.0446386285481013,"quest.line",1870
"exclam69","1835",0.0143562904367089,"exclam",1870
"exclam.line69","1835",0.102376727825949,"exclam.line",1870
"period69","1835",0.0256988393613924,"period",1870
"period.line69","1835",0.185866269170886,"period.line",1870
"comma69","1835",0.103141251385443,"comma",1870
"comma.line69","1835",0.744754145943038,"comma.line",1870
"total69","1835",0.167418157765823,"total",1870
"total.line69","1835",1.20840959582278,"total.line",1870
"total.words70","1836",238.728260869565,"total.words",1871
"no.lines70","1836",37.4162404092072,"no.lines",1871
"quest70","1836",0.00477863183631714,"quest",1871
"quest.line70","1836",0.0309717961099744,"quest.line",1871
"exclam70","1836",0.0184736613772379,"exclam",1871
"exclam.line70","1836",0.11628440959335,"exclam.line",1871
"period70","1836",0.02835134657289,"period",1871
"period.line70","1836",0.185044862282609,"period.line",1871
"comma70","1836",0.098756321758312,"comma",1871
"comma.line70","1836",0.65060309629156,"comma.line",1871
"total70","1836",0.169977206668798,"total",1871
"total.line70","1836",1.11236977710997,"total.line",1871
"total.words71","1837",289.994699646643,"total.words",1872
"no.lines71","1837",39.0874558303887,"no.lines",1872
"quest71","1837",0.00527814472438163,"quest",1872
"quest.line71","1837",0.041916998885159,"quest.line",1872
"exclam71","1837",0.0100321453630742,"exclam",1872
"exclam.line71","1837",0.0708582861863958,"exclam.line",1872
"period71","1837",0.0258857715954064,"period",1872
"period.line71","1837",0.201099505530035,"period.line",1872
"comma71","1837",0.0941772258215548,"comma",1872
"comma.line71","1837",0.723061890300353,"comma.line",1872
"total71","1837",0.154293243498233,"total",1872
"total.line71","1837",1.18506013454064,"total.line",1872
"total.words72","1838",229.913580246914,"total.words",1873
"no.lines72","1838",34.2067901234568,"no.lines",1873
"quest72","1838",0.00285956789197531,"quest",1873
"quest.line72","1838",0.0257094581018519,"quest.line",1873
"exclam72","1838",0.0144618503209877,"exclam",1873
"exclam.line72","1838",0.097719277095679,"exclam.line",1873
"period72","1838",0.029721868462963,"period",1873
"period.line72","1838",0.246855560555556,"period.line",1873
"comma72","1838",0.0912979098765432,"comma",1873
"comma.line72","1838",0.662982206790123,"comma.line",1873
"total72","1838",0.155260069104938,"total",1873
"total.line72","1838",1.1666442154321,"total.line",1873
"total.words73","1839",253.601131541726,"total.words",1874
"no.lines73","1839",37.4441301272984,"no.lines",1874
"quest73","1839",0.00406614537199434,"quest",1874
"quest.line73","1839",0.0272646636237624,"quest.line",1874
"exclam73","1839",0.0134223592857143,"exclam",1874
"exclam.line73","1839",0.0909158468458274,"exclam.line",1874
"period73","1839",0.0267047256265912,"period",1874
"period.line73","1839",0.177479272899576,"period.line",1874
"comma73","1839",0.10681607096181,"comma",1874
"comma.line73","1839",0.72505790678925,"comma.line",1874
"total73","1839",0.166915579717115,"total",1874
"total.line73","1839",1.12937742206506,"total.line",1874
"total.words74","1840",180.205160478288,"total.words",1875
"no.lines74","1840",28.2800503461296,"no.lines",1875
"quest74","1840",0.00589951319572058,"quest",1875
"quest.line74","1840",0.0396963561780994,"quest.line",1875
"exclam74","1840",0.0123557123606042,"exclam",1875
"exclam.line74","1840",0.0780326890516048,"exclam.line",1875
"period74","1840",0.037012391346759,"period",1875
"period.line74","1840",0.253904074631844,"period.line",1875
"comma74","1840",0.0959384024153556,"comma",1875
"comma.line74","1840",0.647449554285714,"comma.line",1875
"total74","1840",0.171811208124607,"total",1875
"total.line74","1840",1.14845469559471,"total.line",1875
"total.words75","1841",247.364450127877,"total.words",1876
"no.lines75","1841",36.7468030690537,"no.lines",1876
"quest75","1841",0.00548020688363171,"quest",1876
"quest.line75","1841",0.0384225660537084,"quest.line",1876
"exclam75","1841",0.0161677593184143,"exclam",1876
"exclam.line75","1841",0.110650537710997,"exclam.line",1876
"period75","1841",0.0221513315179028,"period",1876
"period.line75","1841",0.152126596278772,"period.line",1876
"comma75","1841",0.107501541700767,"comma",1876
"comma.line75","1841",0.75336919258312,"comma.line",1876
"total75","1841",0.172377995409207,"total",1876
"total.line75","1841",1.20002313900256,"total.line",1876
"total.words76","1842",201.329490291262,"total.words",1877
"no.lines76","1842",27.7612257281553,"no.lines",1877
"quest76","1842",0.00465924719538835,"quest",1877
"quest.line76","1842",0.0353758399235437,"quest.line",1877
"exclam76","1842",0.00949294132099514,"exclam",1877
"exclam.line76","1842",0.0734738608859223,"exclam.line",1877
"period76","1842",0.0362110865072816,"period",1877
"period.line76","1842",0.284634073385922,"period.line",1877
"comma76","1842",0.0942108689563107,"comma",1877
"comma.line76","1842",0.729362421419903,"comma.line",1877
"total76","1842",0.163600131535194,"total",1877
"total.line76","1842",1.26912814523058,"total.line",1877
"total.words77","1843",250.133191640099,"total.words",1878
"no.lines77","1843",38.5752745306412,"no.lines",1878
"quest77","1843",0.00355789504427914,"quest",1878
"quest.line77","1843",0.0240555779493447,"quest.line",1878
"exclam77","1843",0.0053958560031881,"exclam",1878
"exclam.line77","1843",0.0369221310102728,"exclam.line",1878
"period77","1843",0.0278660153319164,"period",1878
"period.line77","1843",0.189746137385406,"period.line",1878
"comma77","1843",0.0948296966347857,"comma",1878
"comma.line77","1843",0.647104565618137,"comma.line",1878
"total77","1843",0.153877404434998,"total",1878
"total.line77","1843",1.04931900800567,"total.line",1878
"total.words78","1844",208.228852838934,"total.words",1879
"no.lines78","1844",29.6399188876014,"no.lines",1879
"quest78","1844",0.00526380590034762,"quest",1879
"quest.line78","1844",0.0411440979432213,"quest.line",1879
"exclam78","1844",0.0129810252404403,"exclam",1879
"exclam.line78","1844",0.0915524937659328,"exclam.line",1879
"period78","1844",0.0268298674229432,"period",1879
"period.line78","1844",0.200691218655852,"period.line",1879
"comma78","1844",0.0987423528099652,"comma",1879
"comma.line78","1844",0.746913792016222,"comma.line",1879
"total78","1844",0.168696310951333,"total",1879
"total.line78","1844",1.26975194834878,"total.line",1879
"total.words79","1845",172.454710969504,"total.words",1880
"no.lines79","1845",24.1251706873009,"no.lines",1880
"quest79","1845",0.00564383402594447,"quest",1880
"quest.line79","1845",0.0369155854451525,"quest.line",1880
"exclam79","1845",0.00912443698088302,"exclam",1880
"exclam.line79","1845",0.0603916043436504,"exclam.line",1880
"period79","1845",0.0325494073063268,"period",1880
"period.line79","1845",0.212898147792444,"period.line",1880
"comma79","1845",0.100177139736004,"comma",1880
"comma.line79","1845",0.671237812193901,"comma.line",1880
"total79","1845",0.168159643313609,"total",1880
"total.line79","1845",1.12045450496131,"total.line",1880
"total.words80","1846",220.377821393523,"total.words",1881
"no.lines80","1846",32.8631010794897,"no.lines",1881
"quest80","1846",0.00448389559077527,"quest",1881
"quest.line80","1846",0.0312535538331698,"quest.line",1881
"exclam80","1846",0.019905989609421,"exclam",1881
"exclam.line80","1846",0.133364472482826,"exclam.line",1881
"period80","1846",0.0239154147801766,"period",1881
"period.line80","1846",0.162308346077527,"period.line",1881
"comma80","1846",0.089406247013739,"comma",1881
"comma.line80","1846",0.622386104396467,"comma.line",1881
"total80","1846",0.155882054838077,"total",1881
"total.line80","1846",1.07353006800785,"total.line",1881
"total.words81","1847",198.322392414296,"total.words",1882
"no.lines81","1847",27.5900802334063,"no.lines",1882
"quest81","1847",0.00571274078482859,"quest",1882
"quest.line81","1847",0.0431288782308534,"quest.line",1882
"exclam81","1847",0.00987326246389497,"exclam",1882
"exclam.line81","1847",0.0710304453344274,"exclam.line",1882
"period81","1847",0.0286266828727206,"period",1882
"period.line81","1847",0.212517734902991,"period.line",1882
"comma81","1847",0.0870375491575492,"comma",1882
"comma.line81","1847",0.645493412629468,"comma.line",1882
"total81","1847",0.150912334051787,"total",1882
"total.line81","1847",1.11798480357403,"total.line",1882
"total.words82","1848",274.807860262009,"total.words",1883
"no.lines82","1848",39.8231441048035,"no.lines",1883
"quest82","1848",0.00412569377292576,"quest",1883
"quest.line82","1848",0.0273604590917031,"quest.line",1883
"exclam82","1848",0.015706776349345,"exclam",1883
"exclam.line82","1848",0.106276304934498,"exclam.line",1883
"period82","1848",0.0309550610829694,"period",1883
"period.line82","1848",0.212243639563319,"period.line",1883
"comma82","1848",0.0926027677423581,"comma",1883
"comma.line82","1848",0.640751108296943,"comma.line",1883
"total82","1848",0.160024338951965,"total",1883
"total.line82","1848",1.10563471004367,"total.line",1883
"total.words83","1849",212.041255605381,"total.words",1884
"no.lines83","1849",32.5206278026906,"no.lines",1884
"quest83","1849",0.00422449565336323,"quest",1884
"quest.line83","1849",0.0280007150044843,"quest.line",1884
"exclam83","1849",0.0161610541470852,"exclam",1884
"exclam.line83","1849",0.102280710986099,"exclam.line",1884
"period83","1849",0.0241178408443946,"period",1884
"period.line83","1849",0.166647836784753,"period.line",1884
"comma83","1849",0.0967379821165919,"comma",1884
"comma.line83","1849",0.654749324605381,"comma.line",1884
"total83","1849",0.156192360327354,"total",1884
"total.line83","1849",1.05292124609865,"total.line",1884
"total.words84","1850",207.865289765721,"total.words",1885
"no.lines84","1850",29.382552404439,"no.lines",1885
"quest84","1850",0.00459450729346486,"quest",1885
"quest.line84","1850",0.0335263060591862,"quest.line",1885
"exclam84","1850",0.0105359738831689,"exclam",1885
"exclam.line84","1850",0.0718744398930333,"exclam.line",1885
"period84","1850",0.0309905618751541,"period",1885
"period.line84","1850",0.22366626304254,"period.line",1885
"comma84","1850",0.0955991429007398,"comma",1885
"comma.line84","1850",0.694288198751541,"comma.line",1885
"total84","1850",0.16194527345561,"total",1885
"total.line84","1850",1.17101011439581,"total.line",1885
"total.words85","1851",161.909874088801,"total.words",1886
"no.lines85","1851",22.4254473161034,"no.lines",1886
"quest85","1851",0.00211135586613651,"quest",1886
"quest.line85","1851",0.0156676531616965,"quest.line",1886
"exclam85","1851",0.00923847389728297,"exclam",1886
"exclam.line85","1851",0.0683612337786614,"exclam.line",1886
"period85","1851",0.0220602940888005,"period",1886
"period.line85","1851",0.163784332174288,"period.line",1886
"comma85","1851",0.0983860057786614,"comma",1886
"comma.line85","1851",0.741642337905898,"comma.line",1886
"total85","1851",0.146210702683897,"total",1886
"total.line85","1851",1.09865176056991,"total.line",1886
"total.words86","1852",122.890721649485,"total.words",1887
"no.lines86","1852",19.0567010309278,"no.lines",1887
"quest86","1852",0.0089718003257732,"quest",1887
"quest.line86","1852",0.0576742851134021,"quest.line",1887
"exclam86","1852",0.0181406672494845,"exclam",1887
"exclam.line86","1852",0.111447890762887,"exclam.line",1887
"period86","1852",0.0289773508742268,"period",1887
"period.line86","1852",0.184456205773196,"period.line",1887
"comma86","1852",0.0902348447628866,"comma",1887
"comma.line86","1852",0.580855516824742,"comma.line",1887
"total86","1852",0.165653125917526,"total",1887
"total.line86","1852",1.05991313731959,"total.line",1887
"total.words87","1853",225.875,"total.words",1888
"no.lines87","1853",36.7331730769231,"no.lines",1888
"quest87","1853",0.00336430857211538,"quest",1888
"quest.line87","1853",0.0220129894615385,"quest.line",1888
"exclam87","1853",0.0136553505576923,"exclam",1888
"exclam.line87","1853",0.0840352203365385,"exclam.line",1888
"period87","1853",0.0388757302884615,"period",1888
"period.line87","1853",0.244729217451923,"period.line",1888
"comma87","1853",0.0859156671298077,"comma",1888
"comma.line87","1853",0.547438343653846,"comma.line",1888
"total87","1853",0.168018555,"total",1888
"total.line87","1853",1.06568768317308,"total.line",1888
"total.words88","1854",269.572230014025,"total.words",1889
"no.lines88","1854",37.804347826087,"no.lines",1889
"quest88","1854",0.00544153182889201,"quest",1889
"quest.line88","1854",NA,"quest.line",1889
"exclam88","1854",0.0161497860392707,"exclam",1889
"exclam.line88","1854",Inf,"exclam.line",1889
"period88","1854",0.0252735194081346,"period",1889
"period.line88","1854",Inf,"period.line",1889
"comma88","1854",0.0863694019354839,"comma",1889
"comma.line88","1854",Inf,"comma.line",1889
"total88","1854",0.14645835256662,"total",1889
"total.line88","1854",Inf,"total.line",1889
"total.words89","1855",142.932664756447,"total.words",1890
"no.lines89","1855",19.8015759312321,"no.lines",1890
"quest89","1855",0.00427866690830946,"quest",1890
"quest.line89","1855",0.0354319566375358,"quest.line",1890
"exclam89","1855",0.00916826659455587,"exclam",1890
"exclam.line89","1855",0.0889537597994269,"exclam.line",1890
"period89","1855",0.0261558475243553,"period",1890
"period.line89","1855",0.364307064813754,"period.line",1890
"comma89","1855",0.0853663023352436,"comma",1890
"comma.line89","1855",0.940839604255014,"comma.line",1890
"total89","1855",0.147227024498567,"total",1890
"total.line89","1855",1.62847014212034,"total.line",1890
"total.words90","1856",220.997155049787,"total.words",1891
"no.lines90","1856",31.1792318634424,"no.lines",1891
"quest90","1856",0.00459903941678521,"quest",1891
"quest.line90","1856",0.0327197890355619,"quest.line",1891
"exclam90","1856",0.00952522398008535,"exclam",1891
"exclam.line90","1856",0.067743393200569,"exclam.line",1891
"period90","1856",0.0275276436998578,"period",1891
"period.line90","1856",0.197643379032717,"period.line",1891
"comma90","1856",0.0985530662588905,"comma",1891
"comma.line90","1856",0.715804263342817,"comma.line",1891
"total90","1856",0.154565630967283,"total",1891
"total.line90","1856",1.11793620213371,"total.line",1891
"total.words91","1857",239.22577092511,"total.words",1892
"no.lines91","1857",36.3028634361233,"no.lines",1892
"quest91","1857",0.00341594945484581,"quest",1892
"quest.line91","1857",0.0232384375066079,"quest.line",1892
"exclam91","1857",0.0103160722687225,"exclam",1892
"exclam.line91","1857",0.0687830777125551,"exclam.line",1892
"period91","1857",0.0264513646993392,"period",1892
"period.line91","1857",0.174755831442731,"period.line",1892
"comma91","1857",0.0900717245594714,"comma",1892
"comma.line91","1857",0.608962037643172,"comma.line",1892
"total91","1857",0.152734572433921,"total",1892
"total.line91","1857",1.02569323226872,"total.line",1892
"total.words92","1858",171.40888066605,"total.words",1893
"no.lines92","1858",25.1651248843663,"no.lines",1893
"quest92","1858",0.00547345318871415,"quest",1893
"quest.line92","1858",0.0405000370425532,"quest.line",1893
"exclam92","1858",0.00984296558649399,"exclam",1893
"exclam.line92","1858",0.0682253559685476,"exclam.line",1893
"period92","1858",0.0313638433422757,"period",1893
"period.line92","1858",0.227714739500463,"period.line",1893
"comma92","1858",0.0911558905846439,"comma",1893
"comma.line92","1858",0.65504294212766,"comma.line",1893
"total92","1858",0.155814758029602,"total",1893
"total.line92","1858",1.12201589481961,"total.line",1893
"total.words93","1859",188.610785463072,"total.words",1894
"no.lines93","1859",27.8540445486518,"no.lines",1894
"quest93","1859",0.00476673218757327,"quest",1894
"quest.line93","1859",0.0363710567631887,"quest.line",1894
"exclam93","1859",0.00704825867643611,"exclam",1894
"exclam.line93","1859",0.0476347577327081,"exclam.line",1894
"period93","1859",0.0333715803364596,"period",1894
"period.line93","1859",0.262542304923798,"period.line",1894
"comma93","1859",0.0942292884407972,"comma",1894
"comma.line93","1859",0.723392848616647,"comma.line",1894
"total93","1859",0.161676370046893,"total",1894
"total.line93","1859",1.2407080087925,"total.line",1894
"total.words94","1860",214.548387096774,"total.words",1895
"no.lines94","1860",29.8366935483871,"no.lines",1895
"quest94","1860",0.00265000008467742,"quest",1895
"quest.line94","1860",0.0188122672580645,"quest.line",1895
"exclam94","1860",0.00809330684677419,"exclam",1895
"exclam.line94","1860",0.0562498577822581,"exclam.line",1895
"period94","1860",0.0326962928346774,"period",1895
"period.line94","1860",0.250381511854839,"period.line",1895
"comma94","1860",0.082477992016129,"comma",1895
"comma.line94","1860",0.618661051612903,"comma.line",1895
"total94","1860",0.142556633830645,"total",1895
"total.line94","1860",1.07457164233871,"total.line",1895
"total.words95","1861",194.735154662452,"total.words",1896
"no.lines95","1861",29.6659516820953,"no.lines",1896
"quest95","1861",0.0042390702433958,"quest",1896
"quest.line95","1861",0.0290766436705803,"quest.line",1896
"exclam95","1861",0.00655079549582298,"exclam",1896
"exclam.line95","1861",0.043375704662452,"exclam.line",1896
"period95","1861",0.0347581913669,"period",1896
"period.line95","1861",0.238875948089862,"period.line",1896
"comma95","1861",0.0942084203811244,"comma",1896
"comma.line95","1861",0.65295899867916,"comma.line",1896
"total95","1861",0.154451368582073,"total",1896
"total.line95","1861",1.06707587134793,"total.line",1896
"total.words96","1862",177.781240261764,"total.words",1897
"no.lines96","1862",27.5771268307884,"no.lines",1897
"quest96","1862",0.00483653189311312,"quest",1897
"quest.line96","1862",0.0306227697207853,"quest.line",1897
"exclam96","1862",0.0128213890283577,"exclam",1897
"exclam.line96","1862",0.0825258626914927,"exclam.line",1897
"period96","1862",0.028441795115924,"period",1897
"period.line96","1862",0.187176070701153,"period.line",1897
"comma96","1862",0.0930503818666251,"comma",1897
"comma.line96","1862",0.6161629534933,"comma.line",1897
"total96","1862",0.156545796419445,"total",1897
"total.line96","1862",1.03135580174821,"total.line",1897
"total.words97","1863",277.235294117647,"total.words",1898
"no.lines97","1863",38.5196078431373,"no.lines",1898
"quest97","1863",0.00473252807843137,"quest",1898
"quest.line97","1863",0.0344490432026144,"quest.line",1898
"exclam97","1863",0.0124052798954248,"exclam",1898
"exclam.line97","1863",0.0885140069934641,"exclam.line",1898
"period97","1863",0.0254294541568627,"period",1898
"period.line97","1863",0.180870757320261,"period.line",1898
"comma97","1863",0.0855846618300654,"comma",1898
"comma.line97","1863",0.622702100653595,"comma.line",1898
"total97","1863",0.143623664771242,"total",1898
"total.line97","1863",1.03716810261438,"total.line",1898
"total.words98","1864",228.535211267606,"total.words",1899
"no.lines98","1864",33.5618153364632,"no.lines",1899
"quest98","1864",0.00579613576838811,"quest",1899
"quest.line98","1864",0.0400347011690141,"quest.line",1899
"exclam98","1864",0.0160446544053208,"exclam",1899
"exclam.line98","1864",0.106479764726135,"exclam.line",1899
"period98","1864",0.0311101226244131,"period",1899
"period.line98","1864",0.212143264773083,"period.line",1899
"comma98","1864",0.0873799897965571,"comma",1899
"comma.line98","1864",0.610725527276995,"comma.line",1899
"total98","1864",0.156534503928013,"total",1899
"total.line98","1864",1.08403297668232,"total.line",1899
