word,count.a,count.b,med.a,med.b,p,diff
mrs,5822,2761,0.0033958437,0.0002421941,3.96764491124187e-16,0.0031536496
mother,3129,2154,0.0019513192,0.0005369733,2.17745172511347e-14,0.0014143459
love,3840,3692,0.0025905498,0.0011987639,2.44711043307722e-10,0.0013917858
look,7311,7849,0.0047219508,0.0034952941,2.13128024007386e-08,0.0012266567
room,3142,2476,0.0020339527,0.0008538503,1.59952437465012e-12,0.0011801024
thought,5598,5286,0.0035380698,0.0023949646,2.16317362578108e-10,0.0011431051
heart,3707,3810,0.0026267791,0.0015088045,2.26059377805734e-07,0.0011179747
miss,4839,3114,0.001590104,0.0004759891,3.29100541520385e-07,0.0011141149
felt,3114,2583,0.0020630784,0.0010212766,9.8574705640712e-11,0.0010418018
home,2253,1695,0.001488872,0.0005696615,4.4622462283517e-11,0.0009192105
littl,5504,5860,0.0034990432,0.0025939539,2.49821442804418e-05,0.0009050893
feel,3384,3179,0.0022811107,0.0013870957,1.73708849969413e-10,0.0008940151
never,3868,3987,0.0026615005,0.0018137447,6.78235237029401e-07,0.0008477559
eye,4882,6392,0.0033761435,0.002594164,0.0068358225,0.0007819795
go,4239,4238,0.002702294,0.0019218639,4.82624341571401e-06,0.0007804301
wish,2651,1963,0.0016816783,0.0009099369,3.12875666831538e-13,0.0007717413
see,4328,4910,0.0030568341,0.0023361099,0.0007047848,0.0007207242
father,3277,3006,0.0016187965,0.0009133344,0.0015959743,0.0007054621
think,3473,3827,0.0022911602,0.0015867571,1.33574412376554e-05,0.0007044031
seem,3838,4074,0.0026251456,0.00192445,4.90646228171643e-05,0.0007006956
happi,1771,1242,0.0011648773,0.000486127,5.2840276959222e-17,0.0006787502
dear,2198,2316,0.0012891929,0.0006180057,2.4329176406941e-06,0.0006711872
letter,1975,1975,0.0012465871,0.0005908936,1.13852786411556e-05,0.0006556935
till,1828,1303,0.0011165767,0.0004635368,3.60496463136531e-07,0.0006530399
tear,1842,1048,0.0010393723,0.0004041296,3.15594953114112e-15,0.0006352427
child,1574,1004,0.0008784255,0.0002470025,2.91553369014992e-14,0.000631423
girl,1502,1130,0.0009168305,0.0003156077,1.3419128305189e-10,0.0006012228
door,2242,2293,0.0014065015,0.0008133959,6.63261559669811e-07,0.0005931057
thing,2435,2721,0.0018824038,0.0013012178,0.0028531607,0.000581186
voic,2350,2547,0.0015808334,0.0010117998,2.55244423735424e-05,0.0005690336
kind,1892,1802,0.0012919759,0.0007293813,6.31045927723202e-08,0.0005625945
beauti,1570,1477,0.0009997567,0.0004441348,2.61628021328243e-09,0.0005556219
much,4578,5056,0.0029726184,0.0024212284,0.0008259265,0.00055139
woman,1437,1478,0.0011030521,0.0005574026,1.52303416725334e-07,0.0005456495
everi,3120,2861,0.0019172696,0.0013729337,4.62100725581366e-07,0.0005443358
hope,3077,2365,0.0015828688,0.0010433401,1.17034865021239e-06,0.0005395287
even,4033,4422,0.0026891483,0.0021547156,3.72756174392284e-06,0.0005344327
mind,3228,3331,0.0020842017,0.0015513957,3.3460660586476e-06,0.000532806
alway,1666,1482,0.001125922,0.0006007038,4.11352417102266e-08,0.0005252182
want,1503,1343,0.0009898959,0.0004934557,1.75925072916769e-08,0.0004964402
read,1454,1417,0.0010170498,0.0005230691,2.88114825540791e-08,0.0004939807
must,3207,3475,0.0021665215,0.0016845577,0.0001038933,0.0004819638
smile,1950,2303,0.0012899737,0.000823684,3.80754213825871e-06,0.0004662897
saw,2834,2995,0.0017911274,0.0013350581,0.0004167224,0.0004560693
walk,1790,1779,0.0010769591,0.0006333473,2.63985512432022e-08,0.0004436118
talk,1499,1409,0.0009221994,0.0004788943,1.51404372607297e-07,0.0004433051
went,2452,2793,0.0014356439,0.000995067,0.0025472819,0.0004405769
sat,1465,1293,0.0008861249,0.0004507149,1.39986207853033e-07,0.00043541
tender,1198,831,0.0006781774,0.0002502435,8.66085533659885e-13,0.0004279339
ask,2991,3097,0.0015746068,0.0011537389,0.0021079973,0.0004208679
poor,1637,1929,0.0010844642,0.0006662997,0.000395013,0.0004181645
sister,1822,1134,0.0006295397,0.0002149038,5.29265869332084e-07,0.0004146359
quit,1837,2184,0.0010504039,0.0006393201,0.000421366,0.0004110838
wonder,1332,1148,0.0008576364,0.0004504636,4.78225990332507e-09,0.0004071728
marri,863,696,0.0005423901,0.0001400847,1.17125731678136e-09,0.0004023054
bed,903,847,0.0006388417,0.0002492556,2.70441015278002e-08,0.0003895861
cheek,948,668,0.0006066816,0.0002187707,3.8285796073447e-13,0.0003879109
pleasur,1204,869,0.0006659359,0.0002841809,2.16792300221342e-12,0.000381755
long,3097,3399,0.0020284418,0.0016591297,0.0010834226,0.0003693121
morn,1692,1801,0.0011765439,0.0008079178,8.84856805533326e-07,0.0003686262
pain,1189,878,0.0007323622,0.0003663074,1.40547004168703e-07,0.0003660547
husband,1006,543,0.0004762196,0.0001103692,5.45220077011653e-10,0.0003658503
affect,1323,1087,0.0007990706,0.0004348194,2.23099577936448e-07,0.0003642511
soft,866,603,0.0005434969,0.0001841698,8.52763207523871e-09,0.0003593271
life,2144,2535,0.0014642887,0.001106471,0.0007290203,0.0003578178
care,1614,1448,0.000998962,0.0006423822,1.16901569981667e-07,0.0003565798
aunt,1729,591,0.0003563958,0,5.84069051208827e-12,0.0003563958
sit,1063,947,0.0007160138,0.0003614689,1.37265610006987e-08,0.0003545449
window,1056,931,0.0006628684,0.0003205859,2.38349127905277e-08,0.0003422825
stay,777,463,0.0004942234,0.0001525519,7.02047978863887e-11,0.0003416715
day,3653,4680,0.0025923718,0.0022559874,0.0065609186,0.0003363845
yet,2849,3192,0.0017658271,0.0014357913,0.0070293137,0.0003300358
listen,1372,1065,0.0007584232,0.0004291731,2.5781190374331e-08,0.0003292501
away,2688,2918,0.0016347432,0.0013058052,0.0014777782,0.000328938
comfort,970,587,0.0005135159,0.0001850257,2.93557606454065e-09,0.0003284902
ever,2268,2600,0.001600768,0.0012767644,1.53201386215892e-05,0.0003240036
fear,1841,1760,0.0010862119,0.0007669905,0.0001620879,0.0003192214
idea,1077,864,0.0006179066,0.0003053485,2.18652657063175e-07,0.0003125582
admir,977,980,0.0006210805,0.0003130993,3.7931743407711e-07,0.0003079812
stair,559,463,0.000302754,0,1.47917110355897e-09,0.000302754
joy,775,625,0.0004928363,0.0001934611,3.62303164291285e-06,0.0002993753
gone,1254,1158,0.0007656454,0.0004671439,5.03171845903562e-07,0.0002985015
leav,1908,2166,0.0013232342,0.0010247429,0.0006781764,0.0002984913
almost,1841,1834,0.001081704,0.0007848682,0.0001121911,0.0002968359
eager,884,695,0.0005294332,0.0002333971,6.87956007988327e-08,0.0002960361
delight,927,883,0.0005945237,0.000303977,6.56181457678463e-07,0.0002905466
pleas,986,1018,0.000657007,0.0003677148,6.81861544782515e-06,0.0002892923
oh,1009,962,0.0004688414,0.0001807502,0.0003164515,0.0002880912
fanci,903,819,0.0005608779,0.0002745808,9.30650412417886e-07,0.0002862971
glad,898,673,0.0005265017,0.0002410184,1.14654626781738e-08,0.0002854833
sure,1510,1429,0.000897353,0.0006121419,0.000106161,0.0002852111
kiss,809,684,0.0004619407,0.0001769906,6.91349374910011e-07,0.0002849501
sometim,850,676,0.0005570635,0.0002739509,2.01717275075077e-08,0.0002831125
often,1192,1097,0.0007651339,0.0004852576,3.78575670622699e-06,0.0002798762
dread,851,535,0.0004885648,0.0002122254,1.20637462574459e-08,0.0002763394
sens,951,833,0.0005716503,0.0003020501,2.78627354008474e-07,0.0002696001
determin,909,967,0.0006304912,0.00036292,0.0001810819,0.0002675712
faint,674,432,0.0003723081,0.0001060199,1.57831362604993e-11,0.0002662882
possibl,1325,1297,0.0008091152,0.0005435895,8.15649863658573e-05,0.0002655257
expect,1296,1243,0.0008175901,0.0005533465,2.21419821913042e-05,0.0002642435
sweet,779,705,0.0004447513,0.0001821723,1.23513039042571e-07,0.000262579
tri,1474,1097,0.0006809664,0.0004201564,3.63423124490779e-05,0.0002608099
dress,948,662,0.0005191283,0.0002599683,1.55371855106831e-08,0.00025916
chair,717,737,0.0004391576,0.0001805544,4.02970885035962e-05,0.0002586033
perfect,814,858,0.0005394146,0.0002819064,0.0004347664,0.0002575082
marriag,546,455,0.0003193603,6.2623006220433e-05,2.22250646461087e-07,0.0002567373
carriag,731,484,0.0003325912,7.80411847409531e-05,1.35688188048204e-08,0.00025455
attent,1150,1138,0.0007216462,0.0004712619,8.58342719561703e-06,0.0002503842
watch,1304,1229,0.0007722257,0.0005244405,0.0001337272,0.0002477851
pale,671,787,0.0004381593,0.0001907331,0.0001007252,0.0002474262
blush,568,493,0.0003237512,7.78016942267076e-05,3.93345353901351e-10,0.0002459495
gentl,892,815,0.0005246012,0.0002797465,2.52190272321655e-06,0.0002448547
piti,630,390,0.000378375,0.0001357959,7.08020912494889e-10,0.000242579
anxious,851,701,0.0005174902,0.0002755782,3.39935523398152e-07,0.0002419121
conscious,790,601,0.0004235368,0.0001818471,4.7222361196576e-05,0.0002416898
book,680,634,0.0003985359,0.0001569806,1.70255996443102e-07,0.0002415553
promis,1012,982,0.0006759159,0.0004345625,1.9423169637265e-06,0.0002413534
distress,606,282,0.0002677775,2.65717170643567e-05,6.50787413140884e-11,0.0002412058
flower,443,265,0.0002383935,0,2.07602267916558e-11,0.0002383935
gave,1592,1912,0.0010680457,0.0008317427,0.0001300864,0.000236303
express,1845,1926,0.0011260455,0.0008916442,0.0003779242,0.0002344013
rest,1260,1267,0.0008051827,0.0005740654,3.93805802568637e-05,0.0002311172
charm,572,416,0.0003340727,0.000103805,3.61329747334828e-10,0.0002302677
sooth,445,205,0.0002264528,0,6.1192225095896e-14,0.0002264528
quiet,1093,962,0.0005915572,0.0003655324,0.0004514013,0.0002260248
suffer,1177,948,0.0006410768,0.0004153594,0.0003001944,0.0002257175
world,1198,1602,0.0008492693,0.0006255546,0.0010724968,0.0002237147
imagin,832,654,0.0004658864,0.0002449038,6.27522037523e-05,0.0002209826
ill,665,466,0.0003700942,0.0001502695,5.62033477746257e-10,0.0002198247
interest,1403,1601,0.0008528337,0.0006413253,0.0070122305,0.0002115083
notic,707,598,0.0004508697,0.0002396142,6.78813626691669e-06,0.0002112554
bright,652,575,0.0003864117,0.0001791182,1.52177141255699e-05,0.0002072935
chang,1253,1238,0.0007592123,0.0005530392,9.10562831087069e-06,0.0002061731
week,723,633,0.0004326368,0.0002266651,1.39732400341304e-08,0.0002059717
spirit,1381,1398,0.0008298254,0.0006240952,0.0038899801,0.0002057302
alon,1367,1314,0.0008067445,0.0006025645,0.0001501385,0.00020418
plan,565,470,0.0003386354,0.0001353955,2.29274784179726e-06,0.0002032399
agit,578,492,0.0003121835,0.0001099357,2.79290314492755e-05,0.0002022478
play,783,988,0.0005209301,0.0003194925,0.0011965915,0.0002014376
sick,487,341,0.0002645019,6.55851797563252e-05,2.31457926257125e-10,0.0001989167
sorrow,739,514,0.000381391,0.000182872,2.70274948324974e-07,0.0001985191
ca,389,406,0.0001983553,0,0.0021006842,0.0001983553
wait,1108,1136,0.0006607077,0.0004628569,0.0002018323,0.0001978508
usual,926,997,0.0006260214,0.0004290051,0.0038516037,0.0001970163
lip,1064,1280,0.0005848015,0.0003888148,0.001775124,0.0001959868
grief,449,310,0.000195725,0,2.45651935747882e-06,0.000195725
longer,857,797,0.0004951923,0.0003003456,6.07567779652758e-05,0.0001948466
cold,778,986,0.0005146979,0.0003199425,0.0008052337,0.0001947555
visit,1180,1250,0.0007296825,0.0005349485,0.0008722262,0.0001947341
sleep,646,676,0.0004391576,0.0002451947,2.82088063803387e-05,0.000193963
glow,349,279,0.0001939239,0,1.12796790262515e-07,0.0001939239
sake,446,351,0.0002884064,9.54660759089184e-05,8.27520677575687e-08,0.0001929403
sigh,677,554,0.0003357562,0.000144222,3.83016186695375e-07,0.0001915342
clasp,362,299,0.0001910911,0,2.50307750435797e-06,0.0001910911
futur,593,472,0.0003723081,0.0001815708,3.33488442652911e-07,0.0001907372
spoke,1252,1400,0.0007663855,0.0005758768,0.0020539637,0.0001905087
help,947,871,0.0005106133,0.0003201883,5.92240873742806e-05,0.000190425
mistress,373,425,0.0001890317,0,2.53042671547173e-06,0.0001890317
trembl,815,689,0.0003579107,0.0001691679,6.58124739484003e-06,0.0001887428
earnest,783,780,0.0005035887,0.0003161594,0.0001098646,0.0001874293
hastili,516,341,0.0002763604,9.1324789662023e-05,6.89695711994303e-10,0.0001850356
last,2699,3192,0.0017326329,0.0015491792,0.0061596267,0.0001834537
tast,481,362,0.0002796252,9.62025035769146e-05,8.95933970130399e-09,0.0001834227
pictur,530,446,0.0002835337,0.0001001967,1.20478933994796e-05,0.000183337
someth,1604,1756,0.0010310999,0.0008489062,0.0038257172,0.0001821937
yes,1075,1237,0.0005927606,0.0004116627,0.0033772444,0.000181098
breakfast,350,390,0.0002496454,6.86554440734595e-05,6.0555089676774e-06,0.00018099
danc,467,299,0.000179152,0,7.1133761437867e-07,0.000179152
calm,671,809,0.0004531338,0.0002754712,0.0001145694,0.0001776626
believ,1653,1916,0.0010004135,0.0008235711,0.0010101522,0.0001768424
arrang,580,587,0.0004004879,0.0002239898,6.90940818823033e-06,0.0001764981
earli,633,627,0.0004001975,0.0002240183,6.67309694379268e-06,0.0001761791
daughter,794,1032,0.0004988535,0.0003230857,0.0065977167,0.0001757678
hair,762,694,0.0003693773,0.0001950104,0.0017086747,0.0001743669
fix,728,721,0.0004552501,0.0002829856,0.0002572349,0.0001722645
fond,495,447,0.0002735479,0.0001039407,1.15750774211355e-08,0.0001696072
cousin,773,664,0.0001693602,0,0.0001588928,0.0001693602
convinc,529,331,0.0002654344,9.68195311311843e-05,1.98008769661899e-07,0.0001686149
dare,613,616,0.0004088361,0.0002413057,4.88389982458168e-06,0.0001675304
garden,407,440,0.0001662294,0,5.94180414177059e-05,0.0001662294
grace,1532,620,0.0003327698,0.0001675755,8.47750691506331e-06,0.0001651943
disappoint,615,400,0.0003079982,0.000145761,2.33598819368944e-06,0.0001622373
children,589,518,0.0002930983,0.0001318565,1.26394274361995e-06,0.0001612418
meant,472,318,0.0002207233,6.02979107993682e-05,9.29590455704628e-06,0.0001604254
pretti,595,620,0.0003335933,0.0001732453,0.0003918574,0.000160348
concern,804,613,0.0003819689,0.0002218156,0.0098143795,0.0001601533
els,560,537,0.0003562806,0.00019626,3.26594485630673e-06,0.0001600206
besid,799,871,0.0004981152,0.0003387042,0.0067488858,0.000159411
embarrass,332,307,0.0001564846,0,0.000486647,0.0001564846
left,2150,2718,0.0014867404,0.0013312946,0.0038008675,0.0001554458
dinner,464,624,0.0002404526,8.65935764248462e-05,0.0009215342,0.000153859
servant,630,703,0.0003637555,0.0002103738,0.0086087053,0.0001533816
improv,285,194,0.000152674,0,2.87932048640206e-06,0.000152674
uncl,864,941,0.000152674,0,0.0006035229,0.000152674
regret,476,329,0.0002506484,9.83401381660087e-05,8.23406494332667e-07,0.0001523082
accept,485,513,0.0003051829,0.0001532621,0.0003740883,0.0001519209
daili,256,216,0.000151862,0,2.88553392534606e-06,0.000151862
forget,581,567,0.0003696883,0.0002188472,0.0008724355,0.0001508411
warm,518,572,0.0003321972,0.0001823839,7.20111810519395e-05,0.0001498134
sob,401,191,0.0001493498,0,6.25661812721539e-13,0.0001493498
timid,275,220,0.0001491327,0,1.0785345742669e-05,0.0001491327
spent,263,239,0.0001482168,0,1.39665983569912e-05,0.0001482168
rous,332,206,0.0001481791,0,2.33075987324745e-05,0.0001481791
vain,576,508,0.000334484,0.0001870298,7.98096828283788e-05,0.0001474542
curios,416,350,0.0002299766,8.27318681707076e-05,1.16888041579171e-05,0.0001472447
wife,1078,1418,0.000467666,0.000321177,0.0006982294,0.000146489
mental,243,169,0.0001452267,0,1.11589775332123e-08,0.0001452267
lest,345,238,0.0001629135,1.86943842069842e-05,0.0001539788,0.0001442192
recollect,792,562,0.0003074361,0.0001646093,0.0007712663,0.0001428267
enjoy,542,441,0.0002730019,0.0001311038,2.01885104012325e-05,0.0001418981
sad,657,696,0.0003513261,0.0002096359,0.0011425172,0.0001416902
awaken,382,262,0.0001407332,0,8.47121228796778e-05,0.0001407332
weep,300,188,0.0001384582,0,2.16954875287146e-06,0.0001384582
eleg,249,166,0.0001378024,0,6.42258769789911e-11,0.0001378024
fault,270,232,0.0001378024,0,0.0001408363,0.0001378024
afternoon,328,310,0.0001912507,5.38503168770977e-05,0.000168038,0.0001374004
endur,325,268,0.0001830943,4.58418863371399e-05,4.19325748535438e-05,0.0001372524
unusu,298,198,0.0001372228,0,5.04275160648455e-06,0.0001372228
gay,263,230,0.0001372131,0,5.46100057938714e-05,0.0001372131
anxieti,542,400,0.0002403084,0.0001032319,2.87269477328921e-05,0.0001370765
mourn,379,215,0.0001369033,0,1.21809133862648e-06,0.0001369033
chamber,756,612,0.0002089176,7.34801374205967e-05,0.004561336,0.0001354375
health,426,328,0.00023198,9.84563694998109e-05,6.01419630693494e-07,0.0001335237
wretch,243,305,0.0001334962,0,0.0083833438,0.0001334962
prefer,422,289,0.000220583,8.86431048120102e-05,7.34144462620762e-07,0.0001319399
visitor,251,196,0.0001319291,0,1.03862355771676e-06,0.0001319291
given,940,1156,0.0006719612,0.0005402831,0.0048317694,0.0001316781
attend,728,842,0.0004355523,0.0003051655,0.003222584,0.0001303868
summer,239,259,0.0001299314,0,0.0005618611,0.0001299314
music,387,323,0.0001476681,1.79134422470622e-05,0.0013081582,0.0001297546
winter,248,193,0.0001286944,0,3.13549317052894e-06,0.0001286944
bless,518,490,0.000287242,0.0001594377,2.89984131045211e-05,0.0001278043
tea,304,225,0.0001268536,0,5.1025467238493e-07,0.0001268536
assur,716,815,0.0004810941,0.0003543111,0.0090361815,0.000126783
knew,2436,2489,0.0012220599,0.0010954183,0.0059818877,0.0001266415
emot,830,641,0.0003390887,0.0002124891,0.0001388797,0.0001265996
cheer,578,645,0.0003561605,0.0002298886,0.0004100165,0.0001262719
silent,971,989,0.0005056155,0.0003798709,0.0016280923,0.0001257446
contrast,217,190,0.0001256007,0,0.0001031417,0.0001256007
decis,249,210,0.0001255901,0,0.0003673123,0.0001255901
sympathi,450,396,0.000220583,9.51791853589383e-05,2.67771623446441e-05,0.0001254039
finish,444,424,0.00030089,0.0001770835,2.28959250505183e-05,0.0001238065
delic,286,283,0.0001805501,5.6889895539397e-05,0.0001649468,0.0001236602
live,1276,1500,0.0008876898,0.0007643572,0.0005394075,0.0001233326
seat,1093,1219,0.0006739035,0.000550595,0.0027709744,0.0001233085
prais,323,276,0.0001401731,1.79134422470622e-05,0.0018427087,0.0001222597
check,286,217,0.0001221896,0,5.97814333540219e-05,0.0001221896
asleep,246,212,0.0001221207,0,0.000398341,0.0001221207
draw,576,697,0.0003980084,0.0002759946,0.0060856005,0.0001220138
bell,449,384,0.0001219544,0,3.33883531271452e-05,0.0001219544
imag,257,263,0.0001203067,0,0.000287558,0.0001203067
caress,258,113,0.0001198777,0,7.95739029509117e-11,0.0001198777
amus,483,448,0.0002199152,0.0001003162,2.87823309248363e-06,0.000119599
unconsci,393,372,0.0001909779,7.20839488847746e-05,0.0010317793,0.000118894
pleasant,488,504,0.0002730819,0.0001551601,0.0008728423,0.0001179218
impati,555,515,0.0002944046,0.0001765792,0.0059836298,0.0001178253
insist,240,205,0.000117823,0,0.0041910213,0.000117823
guess,328,206,0.0001174052,0,1.54338878048196e-05,0.0001174052
constant,356,357,0.0002105751,9.34154047742792e-05,1.32286561236286e-06,0.0001171597
flush,261,283,0.0001536454,3.70212901616532e-05,0.0013253131,0.0001166241
relief,308,225,0.0001463061,3.03042383824166e-05,2.10087411504328e-05,0.0001160018
imposs,488,477,0.0002903776,0.0001757424,0.0006764337,0.0001146353
studi,386,521,0.0001963704,8.17899501995726e-05,5.24112581987008e-05,0.0001145805
grave,617,631,0.0003507891,0.0002366699,0.0002473258,0.0001141191
past,618,632,0.0003759058,0.0002630898,0.001511207,0.000112816
afraid,450,415,0.0002362063,0.0001234943,0.001374061,0.000112712
hasten,388,395,0.0001672103,5.57210514560857e-05,0.0067072854,0.0001114893
excit,824,810,0.000441495,0.0003300622,0.0016013136,0.0001114328
prospect,325,291,0.0001864168,7.50645278853354e-05,4.53087797507475e-05,0.0001113523
messag,261,225,0.0001104231,0,0.0011949407,0.0001104231
handsom,409,379,0.0002058423,9.59800590661256e-05,0.0002668518,0.0001098623
angel,243,214,0.0001094691,0,1.94551296848057e-06,0.0001094691
strength,462,520,0.0002687633,0.0001600192,0.0083853272,0.0001087441
cruel,220,209,0.0001077603,0,0.0009633691,0.0001077603
memori,406,428,0.0002216886,0.0001148787,0.0014599996,0.0001068099
lover,450,354,0.0001790782,7.244803717939e-05,2.29186430132837e-05,0.0001066301
reproach,341,241,0.0001648954,5.84284465322961e-05,5.96150252893708e-05,0.000106467
weari,435,305,0.0001960697,8.99944957405804e-05,9.17876605661319e-05,0.0001060752
plead,255,158,0.0001054417,0,4.56805213484962e-06,0.0001054417
prayer,339,300,0.0001051663,0,0.0025341547,0.0001051663
anguish,261,141,0.0001042661,0,2.2063298984626e-06,0.0001042661
tire,265,194,0.000104204,0,0.0013073164,0.000104204
bitter,509,560,0.000287729,0.0001837057,0.0039380992,0.0001040233
sink,200,188,0.0001036674,0,0.0011176756,0.0001036674
resent,278,195,0.0001035692,0,8.11552823281232e-05,0.0001035692
declin,262,256,0.0001449044,4.15770101950973e-05,0.0001450034,0.0001033274
indulg,402,318,0.0002134788,0.0001111486,8.38404491435767e-05,0.0001023302
affection,349,289,0.0001642036,6.20341411893437e-05,6.02810748840376e-06,0.0001021695
shock,413,238,0.0001486154,4.73051616376408e-05,2.68623335928706e-06,0.0001013102
frequent,457,406,0.0002417411,0.0001404342,0.0002384453,0.0001013069
explan,291,293,0.0001440576,4.33155553132672e-05,0.0084464867,0.0001007421
forgiv,353,317,0.0001656271,6.50522053924311e-05,0.000934679,0.0001005749
excus,359,330,0.000180284,8.03466840263674e-05,0.0008284288,9.99373624907001e-05
persuad,305,285,0.0001649981,6.51630133350133e-05,0.0015423182,9.98350963636631e-05
real,426,378,0.0002505545,0.0001510062,0.0001694698,9.95482976354232e-05
supper,192,219,9.94109263967806e-05,0,0.0002171128,9.94109263967806e-05
gratifi,240,175,9.92815221222986e-05,0,0.000100679,9.92815221222986e-05
seldom,195,159,9.92815221222986e-05,0,9.39622931354253e-06,9.92815221222986e-05
wept,272,168,9.82875685173379e-05,0,1.59989874836638e-07,9.82875685173379e-05
wrote,328,401,0.0001751991,7.71967168112199e-05,0.0058214672,9.80024157489203e-05
madam,1072,632,9.78594290018717e-05,0,0.0002701129,9.78594290018717e-05
pride,457,484,0.0002597933,0.0001619892,0.0016124088,9.78040444187002e-05
begin,538,554,0.0003350087,0.0002375804,0.0024154059,9.74283358877649e-05
blame,246,153,9.70773915760452e-05,0,3.48855625510078e-06,9.70773915760452e-05
fade,182,105,9.67405341034375e-05,0,9.89849890086161e-12,9.67405341034375e-05
fold,303,356,0.0001902282,9.38421888401644e-05,0.0042664789,9.63860413723575e-05
indign,407,430,0.0002193832,0.0001230131,0.0040862784,9.63700080555225e-05
flatter,253,211,9.62904414001027e-05,0,0.0001742433,9.62904414001027e-05
soften,245,172,9.61400777801559e-05,0,4.86544183519635e-08,9.61400777801559e-05
month,438,587,0.0003030556,0.0002070661,0.0068046563,9.59894740669058e-05
nervous,220,138,9.59552041387522e-05,0,1.24460626553753e-06,9.59552041387522e-05
shut,347,344,0.0002059249,0.0001103942,0.0003751886,9.5530649836221e-05
forgot,288,214,0.0001568876,6.1478943466115e-05,0.0003936525,9.54086585539003e-05
ignor,366,330,0.0002164959,0.0001214387,0.0055394389,9.5057199762833e-05
compos,234,222,9.49323753939185e-05,0,0.0022889581,9.49323753939185e-05
remembr,279,119,9.46128918340676e-05,0,5.7214862987785e-10,9.46128918340676e-05
ceas,335,366,0.0002048071,0.0001104793,0.0051571972,9.43278690211505e-05
spend,186,130,9.41235361129414e-05,0,2.39276596308262e-06,9.41235361129414e-05
brown,414,323,9.37140410707347e-05,0,6.89709267126331e-05,9.37140410707347e-05
sensibl,401,287,0.0001467825,5.32122998543212e-05,0.0001056624,9.35702105194046e-05
nurs,262,155,9.3560236349416e-05,0,3.19126903482328e-09,9.3560236349416e-05
sensat,269,191,9.34730237994e-05,0,6.55230934686506e-06,9.34730237994e-05
refus,580,500,0.0002711701,0.0001782532,0.0017813599,9.29168800643588e-05
leisur,202,185,9.24459865469062e-05,0,0.0007201038,9.24459865469062e-05
hurt,211,213,9.21403989721217e-05,0,0.0055351379,9.21403989721217e-05
spite,441,373,0.0002056822,0.0001150176,0.0055477767,9.06646281028359e-05
vaniti,213,132,9.05064750446909e-05,0,3.15588636066287e-07,9.05064750446909e-05
inspir,223,222,9.04891876947404e-05,0,0.0038346499,9.04891876947404e-05
confus,456,395,0.0002229961,0.000132518,0.0010689505,9.04781057589321e-05
absorb,200,161,9.04204863256966e-05,0,7.99556159735305e-05,9.04204863256966e-05
interrupt,615,693,0.0003451433,0.0002550789,0.0033287726,9.00643863328142e-05
patienc,185,174,9.00233880975981e-05,0,0.0004828411,9.00233880975981e-05
fatigu,225,179,8.96173117587644e-05,0,0.0008848448,8.96173117587644e-05
hate,255,306,8.96173117587644e-05,0,0.0019131961,8.96173117587644e-05
exclam,193,176,8.95778694822296e-05,0,0.0001614942,8.95778694822296e-05
except,661,682,0.000390717,0.0003013513,0.0022667313,8.93656926090707e-05
spring,377,412,0.0002171036,0.0001281172,0.0083187592,8.89864023405569e-05
style,196,177,8.87715654802337e-05,0,0.0004321928,8.87715654802337e-05
decid,420,397,0.0002262885,0.0001378775,0.0063636724,8.84110854822057e-05
dim,228,217,8.78315255336594e-05,0,0.0004620267,8.78315255336594e-05
sunk,350,179,8.5678814019336e-05,0,0.0001461556,8.5678814019336e-05
attract,314,359,0.0001904413,0.0001055095,0.0030901409,8.49318260611901e-05
resolut,496,554,0.0002640493,0.0001792886,0.008582422,8.47606918916923e-05
hide,182,179,8.42918626569252e-05,0,0.0018620876,8.42918626569252e-05
angri,300,348,0.0001515891,6.78132086095791e-05,0.0066261067,8.37758552033418e-05
patient,310,269,0.0001414739,5.8045547653816e-05,0.0012979579,8.34283731417138e-05
belov,233,197,8.33872223844688e-05,0,3.58740332716592e-06,8.33872223844688e-05
resign,208,172,8.33872223844688e-05,0,0.0001458524,8.33872223844688e-05
occasion,284,281,0.0001724658,8.91895724362132e-05,0.0097733503,8.32762369363368e-05
domest,176,184,8.30608218119602e-05,0,0.0004577029,8.30608218119602e-05
repos,228,205,8.30608218119602e-05,0,0.0090976503,8.30608218119602e-05
depend,332,355,0.0001961372,0.0001134484,0.0064075555,8.26887910136248e-05
brilliant,169,204,8.22282597894923e-05,0,0.0004404415,8.22282597894923e-05
insens,198,162,8.2114803576907e-05,0,0.0001562102,8.2114803576907e-05
snatch,157,135,8.17884030043984e-05,0,0.0005187534,8.17884030043984e-05
selfish,178,177,8.17460234367954e-05,0,9.70607444586556e-05,8.17460234367954e-05
nobodi,227,214,8.16587627376873e-05,0,0.0005073217,8.16587627376873e-05
capabl,176,153,8.13621952960151e-05,0,0.0074545409,8.13621952960151e-05
subdu,209,169,8.13621952960151e-05,0,0.0001250692,8.13621952960151e-05
various,300,326,0.0001629083,8.19106973619838e-05,0.0059563763,8.09975837498534e-05
nice,177,133,8.0926221686681e-05,0,2.43609267766978e-09,8.0926221686681e-05
cherish,169,113,8.04688659924332e-05,0,7.96857729387591e-08,8.04688659924332e-05
bend,194,185,8.04230686100455e-05,0,0.0065000415,8.04230686100455e-05
pillow,274,137,8.03806890424426e-05,0,9.4910687810432e-08,8.03806890424426e-05
whatev,446,504,0.000271195,0.0001909412,0.0070741514,8.02538151416077e-05
exert,343,326,0.0001757872,9.67305314296613e-05,0.0010325678,7.90566863661025e-05
assert,178,166,7.88143127214283e-05,0,0.0070348014,7.88143127214283e-05
curl,282,176,7.88143127214283e-05,0,4.98944510677938e-05,7.88143127214283e-05
dislik,244,141,7.80378111144551e-05,0,3.81065427555897e-05,7.80378111144551e-05
asham,213,182,7.7024219378879e-05,0,0.0042306622,7.7024219378879e-05
frighten,185,183,7.7024219378879e-05,0,0.0041349217,7.7024219378879e-05
awak,141,178,7.67166842069035e-05,0,0.003994603,7.67166842069035e-05
bent,380,385,0.000198563,0.0001218627,0.0066381698,7.67003244894578e-05
indiffer,396,426,0.0001856533,0.0001090149,0.0012184641,7.66384113682797e-05
bird,189,300,7.61312928493795e-05,0,0.0043031717,7.61312928493795e-05
chill,152,128,7.52111067475948e-05,0,6.97633245536912e-07,7.52111067475948e-05
recal,252,263,0.0001289387,5.45149897756577e-05,0.0027632597,7.44236998441793e-05
introduc,268,318,0.0001318526,5.75130412322856e-05,0.0085961592,7.43395661156555e-05
luxuri,148,154,7.35229983573464e-05,0,0.0002596703,7.35229983573464e-05
vex,169,96,7.32788313402543e-05,0,3.40545144007751e-08,7.32788313402543e-05
burst,458,536,0.0002372631,0.0001641308,0.0085463102,7.31323406189992e-05
vision,230,215,8.78315255336594e-05,1.50394032364796e-05,0.0046154781,7.27921222971798e-05
stole,194,128,7.23928377352343e-05,0,1.91759366756304e-06,7.23928377352343e-05
reliev,337,345,0.000186946,0.0001148885,0.0019106933,7.20575403964926e-05
provok,170,135,7.16814068714629e-05,0,0.000297323,7.16814068714629e-05
urg,333,294,0.0001465646,7.54971858718677e-05,0.005955272,7.10673943415764e-05
shade,275,233,0.0001221896,5.12540333870704e-05,0.0032840209,7.09355393379474e-05
welcom,314,380,0.0001711666,0.0001006463,0.0092492536,7.05202493292966e-05
spare,337,289,0.0001728901,0.0001030962,6.60160173175065e-05,6.97938518252939e-05
foolish,139,178,6.940747745041e-05,0,0.000441691,6.940747745041e-05
hasti,145,155,6.93346750247535e-05,0,0.0043888568,6.93346750247535e-05
disagre,132,123,6.92565144996833e-05,0,0.0001222137,6.92565144996833e-05
sought,396,376,0.0001892258,0.000120045,0.0038054965,6.91808221988174e-05
footstep,167,185,6.89740208113838e-05,0,0.0083929276,6.89740208113838e-05
wrap,131,142,6.88917655341571e-05,0,0.0035183941,6.88917655341571e-05
temper,298,288,0.0001599401,9.14050214376032e-05,0.007881527,6.85350539129659e-05
belief,176,119,6.82643348581651e-05,0,2.88566860836755e-05,6.82643348581651e-05
sourc,143,131,6.82245896387908e-05,0,0.0002198401,6.82245896387908e-05
handkerchief,144,131,6.80350132494333e-05,0,7.28195884990727e-05,6.80350132494333e-05
total,168,140,6.77911329997647e-05,0,0.0001040709,6.77911329997647e-05
reserv,267,259,0.0001429127,7.51834662259461e-05,0.0036127756,6.77292371926778e-05
involuntarili,224,84,6.69646730828449e-05,0,9.57248600843044e-10,6.69646730828449e-05
oppress,207,114,6.68094267351258e-05,0,1.82202219678014e-05,6.68094267351258e-05
lesson,235,207,6.65477855863382e-05,0,0.0002784492,6.65477855863382e-05
inquiri,325,325,0.0001379237,7.1733446017012e-05,0.0060231364,6.61902858350209e-05
persist,151,124,6.53524678710738e-05,0,1.03171742422514e-05,6.53524678710738e-05
dearest,213,231,6.50947560668804e-05,0,0.0036841053,6.50947560668804e-05
neglect,236,216,9.52782595385872e-05,3.04254388705381e-05,0.0022986205,6.48528206680491e-05
friendship,285,313,0.0001332713,6.86554440734595e-05,0.0032411748,6.46158907747143e-05
irrit,196,126,6.36377972028283e-05,0,2.38620532248767e-05,6.36377972028283e-05
cup,138,167,6.32499431808644e-05,0,0.0072690894,6.32499431808644e-05
restless,173,144,6.32499431808644e-05,0,6.36402490648374e-06,6.32499431808644e-05
gratitud,364,290,0.0001462782,8.33443627917978e-05,0.0008904196,6.2933858246516e-05
agreeabl,303,323,0.0001075221,4.46499804001021e-05,0.0071246279,6.28721299070922e-05
stronger,157,135,6.21418594797458e-05,0,0.0084905771,6.21418594797458e-05
entreat,264,139,6.13305974677275e-05,0,1.85378751603416e-07,6.13305974677275e-05
offend,234,240,0.0001120719,5.09015980694995e-05,0.0042215597,6.11702732440363e-05
esteem,243,165,6.10603402242848e-05,0,0.0002338689,6.10603402242848e-05
repent,155,125,6.08818616217878e-05,0,0.0001928161,6.08818616217878e-05
household,168,164,6.08303113363369e-05,0,0.0087737959,6.08303113363369e-05
contain,228,262,0.0001355218,7.52348075116148e-05,0.0057049066,6.02870314586515e-05
entreati,177,97,5.93675294350621e-05,0,2.00718820078999e-06,5.93675294350621e-05
amiabl,179,120,5.91599662749215e-05,0,1.51810577382687e-06,5.91599662749215e-05
beam,139,144,5.8574661886687e-05,0,0.0030152267,5.8574661886687e-05
unlik,132,113,5.79950115277234e-05,0,0.0004886078,5.79950115277234e-05
unpleas,150,108,5.79950115277234e-05,0,0.0001368668,5.79950115277234e-05
curtain,151,166,5.79289650346532e-05,0,0.0033450444,5.79289650346532e-05
excess,145,136,5.79289650346532e-05,0,0.0068110775,5.79289650346532e-05
defer,142,136,5.66115938540216e-05,0,0.0082255098,5.66115938540216e-05
afflict,185,110,5.62332101950547e-05,0,0.000314056,5.62332101950547e-05
rain,184,139,5.61555532244763e-05,0,6.26980798664374e-05,5.61555532244763e-05
furnitur,125,87,5.60359356567679e-05,0,2.11461295847737e-07,5.60359356567679e-05
repress,132,84,5.58973937673107e-05,0,2.00416273292008e-06,5.58973937673107e-05
delicaci,221,170,5.52815840380786e-05,0,0.0086790248,5.52815840380786e-05
candl,165,172,5.47345401167989e-05,0,0.0004863536,5.47345401167989e-05
inclin,399,419,0.0002122024,0.0001578087,0.0027521947,5.43936741343452e-05
simpl,321,376,0.0001770024,0.0001227331,0.009346897,5.42693715829754e-05
ornament,117,103,5.42016389277123e-05,0,1.42328424451561e-05,5.42016389277123e-05
wipe,120,129,5.42016389277123e-05,0,0.0026780712,5.42016389277123e-05
motionless,141,144,5.41239819571338e-05,0,0.0004819908,5.41239819571338e-05
fever,148,148,5.35849801756288e-05,0,2.9064384923504e-05,5.35849801756288e-05
temptat,139,103,5.3406292818907e-05,0,1.26860196565178e-05,5.3406292818907e-05
shine,185,208,5.23030302880835e-05,0,0.0056867328,5.23030302880835e-05
varieti,110,99,5.14501592382362e-05,0,3.42922479773395e-05,5.14501592382362e-05
shawl,189,74,5.13993290264296e-05,0,5.99996921613935e-12,5.13993290264296e-05
lament,173,83,5.10648411272747e-05,0,2.66467724385006e-06,5.10648411272747e-05
solitud,182,149,5.09871841566963e-05,0,0.0012727697,5.09871841566963e-05
hid,119,113,5.09034921915331e-05,0,5.26907365370889e-05,5.09034921915331e-05
treasur,122,150,5.08258352209547e-05,0,0.0096641372,5.08258352209547e-05
sparkl,132,150,5.05958063282487e-05,0,0.0060461479,5.05958063282487e-05
paint,134,171,4.94592365483523e-05,0,0.0092618871,4.94592365483523e-05
kitchen,239,144,4.93673519952577e-05,0,3.12092269285958e-07,4.93673519952577e-05
composur,202,140,4.91743836325955e-05,0,0.0009872772,4.91743836325955e-05
reviv,233,138,4.86348523395967e-05,0,0.0011409718,4.86348523395967e-05
cottag,306,203,4.84735034038551e-05,0,0.0015998434,4.84735034038551e-05
percept,126,114,4.82215561778241e-05,0,0.0001054391,4.82215561778241e-05
hopeless,140,115,4.80105283223151e-05,0,0.0014040372,4.80105283223151e-05
droop,136,114,4.74661876969592e-05,0,5.99594945560007e-05,4.74661876969592e-05
complain,102,129,4.73244588000639e-05,0,0.0040337284,4.73244588000639e-05
awok,131,134,4.6780118174708e-05,0,0.0001951289,4.6780118174708e-05
bloom,111,59,4.6780118174708e-05,0,1.25660481349265e-10,4.6780118174708e-05
flew,183,151,4.58238621327274e-05,0,0.0058824715,4.58238621327274e-05
displeasur,192,77,4.56344466265733e-05,0,3.44277209090876e-07,4.56344466265733e-05
fascin,120,138,4.56182292348177e-05,0,0.0005657006,4.56182292348177e-05
refin,93,87,4.56182292348177e-05,0,8.88768657757767e-05,4.56182292348177e-05
sunshin,189,99,4.56182292348177e-05,0,1.6740315884414e-05,4.56182292348177e-05
somebodi,120,144,4.55476716800072e-05,0,0.0001261335,4.55476716800072e-05
certainti,120,104,4.54091915694694e-05,0,0.0066317655,4.54091915694694e-05
partial,209,135,4.38191789900071e-05,0,0.0010921079,4.38191789900071e-05
vexat,130,89,4.35481122426248e-05,0,3.71353542485321e-06,4.35481122426248e-05
lap,192,75,4.34619451168566e-05,0,3.81397529238608e-09,4.34619451168566e-05
ardent,146,127,4.32399869226832e-05,0,0.0014185043,4.32399869226832e-05
kneel,135,167,4.28663515352357e-05,0,0.0023736484,4.28663515352357e-05
ray,177,107,4.27758755946054e-05,0,3.12454952891962e-06,4.27758755946054e-05
warmth,137,133,4.26733831725735e-05,0,0.0053516322,4.26733831725735e-05
consol,274,283,0.0001035134,6.10964668008059e-05,0.002841599,4.24169570099857e-05
shrink,145,98,4.1756794689842e-05,0,0.0010219278,4.1756794689842e-05
tend,104,120,4.12726069056453e-05,0,0.0027236465,4.12726069056453e-05
bedsid,146,71,4.09318467941665e-05,0,3.34215404626731e-08,4.09318467941665e-05
vagu,148,142,4.03976332824709e-05,0,0.004112034,4.03976332824709e-05
librari,252,158,3.99872556415075e-05,0,1.81269201789159e-05,3.99872556415075e-05
puzzl,126,143,3.99496844703141e-05,0,0.0079415632,3.99496844703141e-05
knelt,132,102,3.98146766347425e-05,0,1.74184157743115e-07,3.98146766347425e-05
dissip,117,65,3.9441041247295e-05,0,1.07721990100918e-07,3.9441041247295e-05
sofa,219,139,3.85407507863476e-05,0,1.22714971859493e-07,3.85407507863476e-05
crimson,127,96,3.70541948574352e-05,0,2.84937196389384e-06,3.70541948574352e-05
exquisit,122,103,3.59679005929404e-05,0,0.0001104832,3.59679005929404e-05
brighten,105,112,3.57692967829826e-05,0,7.22337302559542e-05,3.57692967829826e-05
infinit,135,127,3.51472492670884e-05,0,0.0033966818,3.51472492670884e-05
displeas,126,60,3.44610171666001e-05,0,3.47441754813981e-07,3.44610171666001e-05
divid,115,129,3.42784912361111e-05,0,0.0099334599,3.42784912361111e-05
tranquil,180,89,3.41837030414323e-05,0,8.88616821953777e-07,3.41837030414323e-05
abstract,126,130,3.3552926966236e-05,0,0.0049709983,3.3552926966236e-05
desol,166,107,3.32858613179997e-05,0,1.41224664622229e-05,3.32858613179997e-05
envi,116,99,3.32858613179997e-05,0,0.0025969087,3.32858613179997e-05
bath,172,108,3.16685415129934e-05,0,0.000425807,3.16685415129934e-05
autumn,110,86,3.11629044599621e-05,0,6.90610116556912e-06,3.11629044599621e-05
disord,108,109,3.01993582343059e-05,0,0.0001476715,3.01993582343059e-05
childhood,143,88,2.82385220631371e-05,0,1.5119569977459e-05,2.82385220631371e-05
bonnet,251,119,2.68313770818658e-05,0,3.97205240749418e-08,2.68313770818658e-05
lone,185,149,2.65540629566981e-05,0,0.0060485561,2.65540629566981e-05
throb,145,127,1.97343598765449e-05,0,0.0008578745,1.97343598765449e-05
scream,150,139,1.85329330219801e-05,0,0.0059627427,1.85329330219801e-05
neat,131,123,1.77122816961281e-05,0,0.0009690681,1.77122816961281e-05
subsid,117,110,1.77122816961281e-05,0,0.0092199193,1.77122816961281e-05
helpless,143,130,1.76660675446328e-05,0,0.0015819237,1.76660675446328e-05
wed,159,126,1.6748735470472e-05,0,0.0004506852,1.6748735470472e-05
widow,248,252,1.65789984069985e-05,0,0.0073111968,1.65789984069985e-05
mortifi,149,88,1.3450622763834e-05,0,3.48284250945651e-05,1.3450622763834e-05
persuas,109,83,1.3450622763834e-05,0,0.0002557328,1.3450622763834e-05
ach,122,55,1.02061645233721e-05,0,1.38542395090926e-09,1.02061645233721e-05
daylight,80,76,9.11909538573774e-06,0,0.0002407387,9.11909538573774e-06
happier,117,77,9.11909538573774e-06,0,1.26912107197443e-05,9.11909538573774e-06
silk,134,94,7.45990302126072e-06,0,3.01602447535199e-05,7.45990302126072e-06
