filenames,corpus,WC,WPS,Sixltr,Dic,Numerals,Pronoun,I,We,Self,You,Other,Negate,Assent,Article,Preps,Number,Affect,Posemo,Posfeel,Optim,Negemo,Anx,Anger,Sad,Cogmech,Cause,Insight,Discrep,Inhib,Tentat,Certain,Senses,See,Hear,Feel,Social,Comm,Othref,Friends,Family,Humans,Time,Past,Present,Future,Space,Up,Down,Incl,Excl,Motion,Occup,School,Job,Achieve,Leisure,Home,Sports,TV,Music,Money,Metaph,Relig,Death,Physcal,Body,Sexual,Eating,Sleep,Groom,Swear,Nonfl,Fillers,Period,Comma,Colon,SemiC,QMark,Exclam,Dash,Quote,Apostro,Parenth,OtherP,AllPct
"GN_1796_Tieck,Ludwig_WilliamLovell_Novel.txt",DE_NOV,160504,23.9,21.27,67.39,0.17,14.87,7.25,0.7,7.95,1.91,5.43,1.78,0.13,8.21,9.09,0.3,5.55,3.23,0.6,0.58,2.32,0.33,0.3,0.68,8.57,1.51,2.19,1.69,0.21,0.87,2.35,0.24,0.18,0.01,0.02,10.3,1.6,8.51,0.41,0.48,0.79,4.58,3.23,5.77,0.72,7.54,0.91,0.19,6.58,2.01,0.8,2.77,0.53,0.71,1.77,1.33,0.73,0.3,0.14,0.17,0.44,1.23,0.89,0.4,1.56,1.22,0.24,0.04,0.13,0.04,0.02,0,0,3.33,10.14,0.27,0.9,0.48,0.44,1.42,0,0.03,0.02,0.26,17.32
"GN_1797_Paul,Jean_Siebenkäs_Novel.txt",DE_NOV,178140,33.4,25.7,62.8,0.31,9.03,1.79,0.42,2.21,1.36,5.97,1.42,0.14,11.84,9.72,0.85,4,2.4,0.37,0.4,1.6,0.16,0.23,0.48,6.28,1.5,1.13,1.41,0.21,0.76,1.4,0.25,0.16,0.03,0.03,9.47,1.24,7.69,0.3,0.48,0.61,4.39,3.88,2.93,0.44,7.87,1.27,0.36,7.06,2.73,0.87,3.04,0.71,1.04,1.69,1.3,0.65,0.3,0.17,0.2,0.73,1.32,0.96,0.49,2.18,1.84,0.2,0.13,0.13,0.11,0.04,0,0,3.17,8.44,0.7,0.77,0.23,0.3,2.87,0,0.56,0.2,0.32,17.48
"GN_1798_La Roche,Sophie von_ErscheinungenamSeeOneida_Novel.txt",DE_NOV,103037,31.66,23.74,63.84,0.12,11.44,4.52,1.13,5.65,1.77,5.03,1.01,0.11,9.82,9.5,0.37,4.93,3.52,0.75,0.54,1.41,0.24,0.17,0.54,7.11,1.49,2.15,1.21,0.15,0.48,1.81,0.24,0.13,0,0.04,10.29,2.1,7.61,0.4,0.88,0.94,3.58,4.33,3.07,0.55,8.05,0.97,0.14,7.6,1.96,0.83,3.27,0.87,1.08,1.9,1.66,0.88,0.49,0.14,0.17,0.64,1.47,1.17,0.38,1.38,0.93,0.25,0.12,0.08,0.07,0,0,0,2.51,11.35,0.82,0.62,0.25,0.45,0.83,0,0.05,0.01,0,16.79
"GN_1798_Tieck,Ludwig_FranzSternbaldsWanderungen_Novel.txt",DE_NOV,102722,29.3,22.64,65.42,0,12.81,3.6,0.59,4.19,2.1,7.55,1.55,0.1,9.33,8.68,0.31,5.46,3.78,0.68,0.59,1.66,0.27,0.2,0.54,7.37,1.39,2,1.36,0.16,0.7,1.98,0.31,0.23,0.02,0.02,12.07,1.71,9.97,0.47,0.4,0.61,4.41,4.72,4.35,0.5,7.42,1.07,0.22,6.64,1.91,1.05,3.28,0.68,0.99,2.1,1.58,0.6,0.43,0.17,0.38,0.37,1.2,0.96,0.27,1.65,1.27,0.24,0.06,0.11,0.06,0,0,0,3.36,11.55,0.45,0.53,0.5,0.36,0.21,0,0.05,0.01,0.27,17.28
"GN_1798_Unger,Friederike_JulchenGrünthal_Novel.txt",DE_NOV,97852,19.23,23.73,66.59,0.02,14.11,6.57,0.49,7.05,1.94,6.16,1.73,0.13,8.88,8.78,0.38,5.35,3.41,0.71,0.61,1.92,0.31,0.25,0.54,7.38,1.29,2.15,1.54,0.27,0.62,1.72,0.3,0.18,0.02,0.07,11.31,2.22,8.04,0.35,1.36,0.99,3.88,5.41,3.74,0.62,7.46,0.86,0.16,5.51,2.1,0.92,3.49,0.93,0.98,2,1.47,0.76,0.34,0.14,0.25,0.59,1.24,0.99,0.27,2.01,1.65,0.31,0.05,0.07,0.08,0.01,0,0,4.17,10.54,0.4,1.46,0.55,0.89,1.28,0,0.47,0.07,0.04,19.91
"GN_1798_Wolzogen,Caroline_AgnesvonLilien_Novel.txt",DE_NOV,80317,19.08,24.34,68.65,0,14.44,6.93,0.96,7.89,1.79,5.65,0.99,0.04,10.32,10.3,0.36,6.46,4.08,0.95,0.67,2.36,0.52,0.3,0.59,7.25,0.93,2.71,1.06,0.28,0.55,2,0.36,0.26,0.05,0.02,11.63,2.68,8.2,0.62,1.19,0.62,3.95,5.23,3.44,0.55,8.78,0.92,0.16,6.25,1.55,1,3.17,0.6,1.04,1.94,2.47,1.33,0.65,0.22,0.3,0.46,1.22,0.95,0.29,2.24,1.74,0.3,0.04,0.14,0.18,0,0,0,4.63,9.43,0.27,0.52,0.25,0.53,0.29,0,0.05,0,1.08,17.06
GN_1799_Hölderlin_Hyperion_Novel.txt,DE_NOV,86420,18.84,17.06,60.54,10.63,13.11,5.56,1,6.56,2.57,4.69,1.66,0.14,9.01,7.15,0.28,4.56,3.06,0.7,0.54,1.5,0.18,0.19,0.55,6.58,1.98,1.48,1.39,0.25,0.4,1.27,0.25,0.19,0.01,0.03,9.64,1.48,8.02,0.21,0.23,0.56,3.48,3.82,4.27,0.42,6.65,0.73,0.3,6.19,1.85,0.74,2.15,0.41,0.6,1.36,1.44,0.81,0.4,0.09,0.16,0.46,1.81,1.42,0.52,1.56,1.18,0.24,0.03,0.12,0.08,0,0,0,3.22,10.57,0.09,0.61,0.58,1.52,0.06,0,1.31,0.35,0,18.67
"GN_1799_Schlegel,Friedrich_Lucinde_Novel.txt",DE_NOV,29996,21.66,22.23,67.01,0,11.01,2.6,0.39,3,2.42,6.23,1.63,0.1,10.27,8.57,0.45,6.41,4.49,1.08,0.73,1.91,0.24,0.28,0.61,8.62,1.82,2.1,1.53,0.26,0.9,2.39,0.28,0.18,0.01,0.06,10.76,1.14,9.3,0.44,0.34,0.66,3.97,3.36,4.38,0.56,7.14,0.62,0.15,8.51,2.45,0.45,3.2,0.54,0.95,2.1,1.53,0.73,0.45,0.14,0.24,0.39,1.78,1.41,0.42,1.74,1.13,0.41,0.05,0.08,0.17,0.02,0,0,4.05,7.42,0.3,0.59,0.4,0.34,0.53,0,0.16,0,0.25,14.06
GN_1800_Novalis_HeinrichvonOfterdingen_Novel.txt,DE_NOV,45948,18.66,25.1,65.2,0.02,10.44,2.04,0.46,2.51,2.22,7.12,1.08,0.07,11.82,9.38,0.36,4.89,3.45,0.55,0.54,1.43,0.22,0.17,0.45,5.32,1.14,1.7,0.78,0.1,0.43,1.44,0.27,0.16,0.02,0.05,11.19,1.26,8.95,0.39,0.79,0.61,3.92,4.77,3.3,0.72,8.07,1.01,0.28,8.04,1.37,1.09,3.05,0.82,0.92,1.71,1.93,0.81,0.5,0.17,0.47,0.6,1.25,1.04,0.27,1.83,1.43,0.23,0.06,0.15,0.1,0,0,0,4.97,8.7,0.22,0.55,0.27,0.12,0.28,0,0.1,0.04,0.46,15.74
"GN_1801_Fischer,CarolineAuguste_GustavsVerirrungen_Novel.txt",DE_NOV,19941,11.49,21.61,67.27,0.31,17.23,8.29,0.55,8.85,2.33,7.31,1.8,0.2,7.44,8.41,0.42,4.77,2.75,0.53,0.46,2.02,0.34,0.33,0.72,8.09,1.2,2.54,2.06,0.23,0.58,1.7,0.5,0.4,0,0.09,11.55,2.36,9.51,0.24,0.52,0.52,4.52,5.97,3.57,0.62,6.97,1.03,0.08,5.18,2.63,1.03,2.74,0.67,0.69,1.74,1.41,0.7,0.43,0.12,0.17,0.46,1.12,0.87,0.29,2.22,1.81,0.3,0.05,0.2,0.07,0.03,0.01,0,5.91,6.65,0.49,1.04,1.06,3.22,4.66,0,0.05,0.01,0,23.1
"GN_1801_Schlegel,Dorothea_Florentin_Novel.txt",DE_NOV,56900,24.72,23.48,66.62,0,14.46,4.54,0.46,5,2.23,8.31,1.7,0.07,8.49,9.5,0.31,5.5,3.57,0.65,0.71,1.91,0.37,0.25,0.5,7.28,1.16,1.98,1.36,0.34,0.77,1.92,0.23,0.18,0.02,0.02,12.95,1.91,10.51,0.44,0.72,0.57,4.46,5.36,3.39,0.58,8.04,0.99,0.18,5.83,2.18,1.07,3.18,0.68,1.04,1.87,1.78,0.92,0.45,0.13,0.29,0.52,1.01,0.82,0.22,1.35,1.02,0.23,0.03,0.22,0.07,0.01,0,0,4.06,10.56,0.25,1.08,0.51,0.7,1.05,0,0.09,0.01,0.25,18.56
"GN_1802_Arnim,Achimvon_HollinsLiebeleben_Novel.txt",DE_NOV,29495,28.06,22.2,58.85,10.48,11.42,3.89,0.55,4.43,2.2,5.71,1.24,0.02,9.81,8.63,0.52,5.49,3.42,0.79,0.63,2.05,0.36,0.27,0.62,6.42,1.07,1.56,0.9,0.33,0.44,2.34,0.29,0.2,0,0.04,9.88,1.22,8.81,0.41,0.48,0.39,3.45,3.29,3.78,0.53,6.99,0.8,0.19,4.95,1.69,0.87,3.06,0.77,0.92,1.76,1.93,1.06,0.45,0.14,0.29,0.39,1.26,0.87,0.47,1.39,1.01,0.21,0.07,0.19,0.04,0.01,0,0,3.08,9.64,0.21,0.34,0.2,0.32,0.07,0,0.13,0.39,0.02,14.77
"GN_1802_Brentano,Clemens_Godwi_Novel.txt",DE_NOV,137096,28.21,20.05,67.44,0.01,13.93,5.15,0.54,5.69,2.38,6.83,1.7,0.07,10.26,8.87,0.37,5.39,3.51,0.77,0.5,1.87,0.23,0.19,0.68,7.18,1.56,1.89,1.19,0.19,0.56,1.97,0.3,0.17,0.03,0.05,11.4,1.5,9.47,0.39,0.61,0.55,3.7,4.31,4.9,0.64,7.82,0.88,0.23,7.15,1.97,0.97,2.82,0.56,0.75,1.82,1.74,0.89,0.38,0.11,0.37,0.47,1.39,0.9,0.56,1.88,1.36,0.33,0.08,0.2,0.12,0.02,0,0,3.33,11.57,0.46,0.74,0.31,0.32,0.99,0,0.05,0.02,0.3,18.08
"GN_1802_Fischer,CarolineAuguste_DieHonigmonathe_Novel.txt",DE_NOV,34164,9.94,21.69,66.73,0.36,16.19,6.42,0.6,7.02,2.94,7.14,2.47,0.29,6.9,7.91,0.59,5.69,3.31,0.56,0.82,2.37,0.4,0.38,0.74,8.42,1.4,2.28,2.2,0.26,0.66,2,0.28,0.2,0.02,0.04,12.26,1.84,10.43,0.24,0.61,0.71,4.21,2.99,6.52,0.91,6.76,0.78,0.12,4.77,2.15,0.82,2.5,0.53,0.69,1.55,1.77,1.19,0.34,0.1,0.15,0.38,1.37,0.97,0.43,2.08,1.13,0.25,0.04,0.11,0.64,0.04,0,0,7.28,6.94,0.23,0.88,1.31,2.48,2.49,0,0.05,0.01,0.04,21.71
"GN_1803_Mereau,Sophie_AmandaundEduard_Novel.txt",DE_NOV,50791,20.72,22.9,67.21,0.11,14.43,6.68,0.7,7.38,2.52,5.17,1.48,0.1,9.01,8.94,0.39,6.15,4.12,1.09,0.61,2,0.31,0.22,0.77,8.25,1.52,2.2,1.24,0.25,0.7,2.57,0.32,0.27,0.01,0.02,9.88,1.49,8.74,0.36,0.31,0.49,4.35,3.33,5.05,0.59,7.76,0.81,0.15,6.82,1.91,0.77,2.59,0.49,0.83,1.55,2.09,1.14,0.56,0.17,0.24,0.44,1.4,1.06,0.39,1.61,1.24,0.21,0.04,0.07,0.1,0,0,0,3.28,12.8,0.09,0.81,0.45,1.2,1.62,0,0.27,0,0.06,20.57
"GN_1803_Paul,Jean_Titan_Novel.txt",DE_NOV,265959,30.1,24.3,62.94,0.2,9.01,1.32,0.24,1.56,1.62,6.56,1.22,0.1,11.65,9.72,0.48,4.66,2.94,0.63,0.44,1.72,0.18,0.28,0.48,6.12,1.59,1.23,1.18,0.2,0.61,1.46,0.33,0.23,0.03,0.05,10.53,1.39,8.16,0.33,0.72,0.53,4.5,4.52,2.87,0.4,8.09,1.41,0.35,7.16,2.38,1.04,2.62,0.57,0.67,1.6,1.49,0.7,0.42,0.16,0.22,0.43,1.54,1.18,0.48,2.12,1.71,0.29,0.07,0.13,0.13,0.03,0,0,3.2,7.99,0.5,0.88,0.33,0.55,3.33,0,0.69,0.38,0.31,18.19
"GN_1804_Unger,FriederikeHelene_AlbertundAlbertine_Novel.txt",DE_NOV,44856,20.91,26.51,63.75,0.09,10.8,1.98,0.26,2.24,2.64,7.8,1.57,0.11,9.88,8.79,0.45,6.4,4.61,0.67,0.57,1.79,0.23,0.29,0.5,6.44,1.23,1.63,1.12,0.26,0.59,1.81,0.27,0.16,0.02,0.05,12.18,1.77,9.42,0.49,0.85,0.59,3.83,5.82,2.87,0.52,7.35,0.68,0.17,5.59,1.92,0.84,3.17,0.71,0.99,1.88,1.51,0.76,0.39,0.15,0.23,0.82,1.06,0.78,0.32,1.88,1.51,0.23,0.1,0.09,0.1,0.02,0.01,0,4.09,10.28,0.36,1.32,0.58,1.36,1.16,0,0.4,0.04,0,19.52
"GN_1805_Klingemann,August_DieNachtwachendesBonaventura_Novel.txt",DE_NOV,38799,31.44,23.51,63.87,0.09,10.11,3.7,0.3,4.01,1.43,5.18,1.22,0.13,11.59,10.04,0.52,4.43,2.38,0.34,0.42,2.05,0.24,0.28,0.47,6.32,1.74,1.33,1.2,0.15,0.73,1.35,0.22,0.14,0.02,0.05,8.15,0.95,6.72,0.16,0.35,0.63,4.2,3.38,3.88,0.29,8.87,1.25,0.25,7.59,2.43,0.94,2.85,0.76,0.69,1.68,1.48,0.62,0.4,0.24,0.23,0.44,1.77,1.21,0.79,1.74,1.29,0.25,0.09,0.29,0.09,0.05,0,0,2.79,9.28,0.14,0.88,0.17,0.67,1.48,0,0.13,0.01,0.41,15.99
"GN_1805_Paul,Jean_Flegeljahre_Novel.txt",DE_NOV,158601,28.01,24.22,61.66,0.22,8.57,1.58,0.2,1.78,1.11,5.93,1.29,0.14,11.36,9.76,0.64,3.83,2.58,0.46,0.44,1.24,0.11,0.2,0.33,6.52,1.56,1.28,1.28,0.2,0.85,1.52,0.29,0.16,0.04,0.02,9.61,1.43,7.41,0.26,0.57,0.54,4.48,4.37,2.9,0.37,8.05,1.43,0.32,6.43,2.8,1.09,2.93,0.82,0.78,1.67,1.67,0.72,0.37,0.16,0.43,0.92,1.16,0.99,0.22,1.74,1.32,0.23,0.13,0.15,0.1,0.04,0,0,3.65,9.1,0.5,0.88,0.35,0.36,3.66,0,0.76,0.15,0.33,19.3
"GN_1806_Unger,FriederikeHelene_BekenntnisseeinerschönenSeele_Novel.txt",DE_NOV,49440,28.73,25.85,64.33,0,11.74,4.85,1.01,5.86,1.19,5.43,1.91,0.03,9.89,10.51,0.46,4.69,3.19,0.4,0.74,1.5,0.14,0.27,0.58,8.49,1.8,2.06,1.32,0.28,0.56,2.66,0.16,0.13,0.02,0.01,9.34,1.61,7.87,0.36,0.55,0.52,4.05,5.41,3.56,0.57,8.71,0.93,0.11,5.33,2.44,0.99,3.94,0.77,1.37,2.42,1.22,0.58,0.33,0.11,0.21,0.6,0.97,0.71,0.29,0.82,0.6,0.14,0.01,0.04,0.06,0.01,0,0,3.53,10.64,0.16,1.35,0.19,0.07,0.13,0,0.2,0.03,0,16.33
"GN_1809_Goethe,Johann_DieWahlverwandtschaften_Novel.txt",DE_NOV,80351,21.62,30.65,55.34,0.55,9.39,1.38,0.65,2.03,1.54,6.59,1.37,0.14,8.23,8.49,0.4,4.24,2.89,0.43,0.57,1.32,0.22,0.14,0.41,6.47,1.17,1.62,1.32,0.25,0.78,1.6,0.23,0.18,0.02,0.01,10.37,1.23,8.51,0.47,0.4,0.54,3.57,4.28,3.08,0.48,7.67,0.93,0.15,5.18,1.83,0.85,3.01,0.63,0.96,1.8,1.36,0.73,0.36,0.15,0.14,0.44,0.65,0.45,0.22,0.98,0.7,0.16,0.03,0.06,0.07,0,0,0,4.16,9.61,0.5,0.95,0.21,0.27,0.29,0.22,0.3,0.56,0,17.62
"GN_1810_Arnim,Achimvon_ArmutReichtumSchuldUndBusseDerGrafinDolores_Novel.txt",DE_NOV,191972,39.45,24.12,57.18,8.12,10.8,2.2,0.34,2.54,2.1,7.29,1.28,0.06,9.44,7.77,0.4,4.4,2.65,0.57,0.57,1.75,0.26,0.26,0.51,6.29,1.31,1.52,1.02,0.21,0.47,2,0.23,0.15,0.03,0.02,11.21,1.24,9.37,0.3,0.67,0.74,3.39,4.12,3.11,0.43,6.68,0.74,0.14,5.11,1.81,0.88,2.65,0.6,0.81,1.56,1.4,0.71,0.34,0.1,0.26,0.53,1.25,0.96,0.34,1.47,1.11,0.18,0.07,0.14,0.09,0.01,0,0,2.39,8.67,0.3,1.58,0.13,0.13,0.01,0,0.05,0.32,0,13.9
"GN_1810_Fouqué,CarolinedelaMotte_DieFraudesFalkensteins_Novel.txt",DE_NOV,66451,18.52,23.68,65.58,0,11.95,2.56,0.48,3.04,2.3,7.84,1.39,0.17,9.74,9.56,0.37,5.41,3.07,0.59,0.65,2.32,0.49,0.32,0.52,7.12,1.58,1.91,0.98,0.22,0.64,2.06,0.34,0.31,0.02,0.01,12.25,1.8,10.14,0.34,0.49,0.6,4.46,5.04,3.25,0.52,8.49,1.19,0.2,6.4,2.14,1.05,3.14,0.79,0.72,1.87,1.94,0.8,0.59,0.32,0.26,0.53,1.28,0.99,0.33,1.93,1.6,0.24,0.02,0.14,0.11,0.01,0.01,0,4.32,11.21,0.19,0.58,0.44,0.69,0.29,0,0.25,0.01,0,17.99
"GN_1812_Fischer,CarolineAuguste_Margarethe_Novel.txt",DE_NOV,37928,12.27,19.9,69.88,0.02,16.99,6.93,0.54,7.47,2.58,7.8,2.36,0.34,7.26,7.45,0.37,4.92,3,0.65,0.64,1.92,0.33,0.3,0.62,8.91,1.46,2.46,2.4,0.22,0.62,2.04,0.3,0.25,0.01,0.01,13.83,2.37,10.5,0.13,0.94,1.23,4.27,4.54,5.38,0.96,6.22,0.94,0.13,5.81,2.87,0.91,2.76,0.67,0.67,1.71,1.29,0.69,0.37,0.09,0.15,0.4,1.61,1.28,0.4,1.74,1.41,0.21,0.04,0.12,0.07,0.01,0,0,4.95,9.97,0.47,0.69,1.14,2.17,1.92,0,0.63,0.01,0.01,21.97
"GN_1812_Fouqué,CarolinedelaMotte_MagiederNatur_Novel.txt",DE_NOV,41988,21.07,25.89,64.32,0.05,10.38,1.33,0.39,1.72,2.07,7.94,1.21,0.17,10.71,9.63,0.34,4.83,2.74,0.46,0.59,2.1,0.48,0.35,0.36,6.97,1.65,1.81,0.84,0.22,0.69,2.08,0.41,0.32,0.02,0.03,11.74,1.39,9.81,0.26,0.65,0.64,3.85,5.4,2.74,0.39,8.64,1.24,0.26,6.73,1.93,0.97,3.02,0.7,0.89,1.84,1.86,0.77,0.64,0.15,0.32,0.65,0.94,0.73,0.25,2.4,2.11,0.2,0.07,0.15,0.09,0.01,0,0,3.47,12.63,0.12,0.25,0.3,0.99,0.28,0,0.05,0,0,18.07
"GN_1814_Ahlefeld,Charlottevon_MarieMüller_Novel.txt",DE_NOV,42767,21.5,22.52,68.44,0.06,15.44,3.07,0.28,3.35,4.05,10.81,1.33,0.05,9.83,9.62,0.46,6.51,4.07,1.16,0.76,2.44,0.24,0.38,1.02,6.54,1.11,1.79,1.58,0.23,0.32,1.78,0.43,0.34,0.02,0.06,14.87,1.55,12.91,0.36,0.69,0.39,4.13,5.22,3.09,0.49,7.44,0.79,0.18,6.8,2.27,0.81,3.06,0.65,0.77,1.86,1.69,0.9,0.46,0.14,0.2,0.55,1.52,1.01,0.56,2.28,1.82,0.37,0.02,0.12,0.07,0.01,0,0,3.63,12.47,0.13,0.22,0.4,0.65,1.37,0,0.22,0,0,19.08
"GN_1815_Eichendorff,Josephvon_AhnungUndGegenwart_Novel.txt",DE_NOV,112384,22.77,23.32,57.11,9.36,8.43,1.67,0.29,1.96,1.33,5.81,0.83,0.04,9.28,9.04,0.31,4.39,2.8,0.3,0.44,1.59,0.29,0.2,0.39,5.87,1.5,1.5,0.77,0.16,0.48,1.73,0.28,0.22,0.01,0.01,8.44,0.94,7.39,0.18,0.28,0.43,4.46,5.66,1.94,0.36,8.69,1.65,0.32,6.18,1.84,1.09,2.52,0.62,0.6,1.57,1.65,0.73,0.47,0.12,0.33,0.37,0.88,0.72,0.2,1.49,1.26,0.1,0.06,0.15,0.08,0.02,0,0,3.94,8.52,0.26,0.18,0.15,0.35,0.12,0,0.67,0.3,0,14.76
"GN_1815_Hoffmann,E.T.A_DieElixiereDesTeufels_Novel.txt",DE_NOV,166686,25.82,22.66,56.55,10.76,9.64,4.25,0.3,4.55,1.39,4.17,0.95,0.18,10.26,8.29,0.34,4.39,2.57,0.31,0.53,1.8,0.24,0.34,0.36,5.89,1.4,1.65,0.97,0.17,0.51,1.48,0.25,0.19,0.02,0.02,7.52,1.35,5.86,0.17,0.46,0.44,3.26,4.2,3.08,0.42,7.19,1,0.15,5.57,1.92,0.83,2.57,0.52,0.69,1.69,1.71,0.67,0.37,0.18,0.51,0.51,1.54,1.29,0.32,1.37,1.09,0.15,0.06,0.1,0.1,0.01,0,0,3.56,10.19,0.44,0.34,0.29,0.71,0.13,0,0.19,0.4,0.01,16.62
"GN_1817_Arnim,Achimvon_DieKronenwachterErsterBandBertholdsErstesUndZweitesLeben_Novel.txt",DE_NOV,114775,37.47,21.31,58.13,9.42,9.75,1.48,0.34,1.82,1.69,7.31,1.25,0.02,10.28,8.3,0.37,4.08,2.42,0.37,0.55,1.65,0.28,0.29,0.4,6.01,1.37,1.53,1.31,0.2,0.41,1.39,0.2,0.14,0.01,0.01,11.05,1.42,8.77,0.17,0.75,0.83,3.66,5.03,2.77,0.43,7.03,0.83,0.21,5.39,2.15,0.98,2.96,0.66,1.05,1.7,1.24,0.7,0.28,0.08,0.2,0.59,1.11,0.85,0.31,1.44,1.13,0.11,0.08,0.15,0.08,0.01,0,0,2.44,9.91,0.24,0.23,0.12,0.11,0.01,0,0.01,0.29,0,13.66
"GN_1820_Ahlefeld,Charlottevon_Erna_Novel.txt",DE_NOV,55932,33.19,27.35,64.24,0.12,12.01,1.13,0.2,1.33,2.62,10.24,1.29,0.09,10.85,10.73,0.33,5.81,3.42,0.59,0.72,2.36,0.35,0.43,0.6,6.14,1.41,1.43,1.01,0.34,0.58,1.6,0.31,0.23,0.05,0.02,13.2,1.23,11.43,0.31,0.43,0.4,4.26,4,2.14,0.35,8.69,0.91,0.14,6.3,2.44,0.77,3.07,0.54,0.96,1.88,1.9,0.98,0.56,0.15,0.22,0.49,1.44,1.16,0.33,1.7,1.4,0.17,0.04,0.08,0.16,0.02,0,0,2.71,11.93,0.08,0.06,0.17,0.15,0.94,0,0.28,0.01,0.02,16.35
"GN_1820_Hoffmann,E.T.A_LebensAnsichtenDesKatersMurr_Novel.txt",DE_NOV,154219,26.81,22.56,55.95,10.77,9.38,3.62,0.27,3.89,1.53,4.49,1.24,0.17,10.14,7.83,0.31,4.58,2.77,0.4,0.56,1.8,0.24,0.31,0.41,5.77,1.22,1.42,1.06,0.16,0.58,1.57,0.31,0.22,0.05,0.02,8.14,1.57,6.19,0.26,0.38,0.52,3.34,3.97,3.1,0.36,6.66,0.95,0.17,5.18,2.03,0.77,3.05,0.76,1.01,1.61,1.44,0.6,0.34,0.15,0.36,0.43,1.12,0.85,0.32,1.75,1.44,0.22,0.09,0.12,0.06,0.02,0,0,2.61,10.44,0.24,0.11,0.31,0.9,0.08,0,0.25,0.34,0,15.62
"GN_1821_Schopenhauer,Johanna_Gabriele_Novel.txt",DE_NOV,153601,27.68,26.99,64.59,0,11.89,2.18,0.31,2.49,2.49,8.76,1.42,0.09,8.47,10.96,0.44,5.38,3.2,0.65,0.67,2.15,0.43,0.3,0.58,6.85,1.24,1.58,1.09,0.25,0.7,2.3,0.27,0.23,0.03,0.01,13.17,1.93,10.55,0.49,0.77,0.56,5.15,5.17,2.6,0.48,9.09,1.08,0.17,6.06,2.16,0.97,3.25,0.76,0.92,1.87,1.83,0.94,0.49,0.18,0.25,0.58,1.22,0.9,0.36,1.64,1.32,0.23,0.01,0.11,0.08,0,0,0,3.32,10.67,0.05,0.52,0.28,0.43,0.2,0,0.08,0,0,15.51
"GN_1822_Bernhardi,Sophie_Evremont_Novel.txt",DE_NOV,223688,31.12,24.58,66.87,0,11.99,3.16,0.61,3.76,1.36,7.5,1.35,0.1,11.14,9.3,0.3,5.62,3.23,0.54,0.74,2.35,0.42,0.39,0.69,6.67,1.32,1.95,1.38,0.32,0.47,1.5,0.31,0.24,0.03,0.02,12.87,2.07,9.37,0.52,1.3,0.81,4.02,5.37,2.94,0.61,7.33,0.86,0.12,6.21,1.98,1.01,3.48,1.13,1.04,1.66,1.77,0.95,0.44,0.14,0.25,0.65,1.38,1.08,0.34,1.66,1.43,0.17,0.03,0.09,0.06,0,0,0,2.86,10.98,0.18,0.61,0.25,0.1,0.04,0,0.04,0,0.49,15.56
"GN_1822_Huber,Therese_EllenPercy_Novel.txt",DE_NOV,88601,29.81,25.71,66.39,0.01,14.6,7.43,0.38,7.81,1.92,6.42,1.47,0.09,9.23,10.48,0.43,5.47,3.11,0.38,0.79,2.33,0.32,0.37,0.59,7.19,1.34,2.6,1.17,0.33,0.43,1.48,0.31,0.24,0.04,0,10.51,2.54,7.68,0.44,0.91,0.71,3.87,5.71,2.7,0.34,8.87,1.01,0.13,5.02,1.86,1.12,3.53,0.77,1.13,2.08,1.91,1.02,0.56,0.14,0.2,0.91,1.21,0.95,0.29,1.65,1.38,0.1,0.04,0.15,0.07,0.1,0,0,3.37,11.28,0.31,0.82,0.28,0.36,1.05,0,0.11,0.01,0.01,17.59
"GN_1823_Schopenhauer,Johanna_DieTante_Novel.txt",DE_NOV,122551,33.08,25.42,63.96,0,11.58,3.04,0.42,3.46,2.03,7.25,1.54,0.1,8.73,10.66,0.49,5.09,3.19,0.64,0.69,1.88,0.34,0.23,0.51,6.89,1.18,1.58,1.05,0.27,0.72,2.37,0.27,0.23,0.03,0,11.34,1.3,9.25,0.4,0.91,0.52,5.12,4.46,2.95,0.48,8.82,1,0.18,5.92,2.28,0.99,3.23,0.79,0.89,1.86,1.74,0.93,0.45,0.2,0.18,0.63,1.12,0.82,0.33,1.47,1.22,0.18,0.02,0.07,0.06,0.01,0,0,2.93,10.55,0.05,0.48,0.22,0.35,0.21,0,0.1,0,0.03,14.9
"GN_1826_Eichendorff,Josephvon_AusDemLebenEinesTaugenichts_Novel.txt",DE_NOV,42879,29.9,18.05,58.1,9.57,9.17,5.28,0.4,5.69,0.79,2.96,0.88,0.1,9.59,8.97,0.36,2.4,1.49,0.17,0.31,0.91,0.18,0.08,0.21,6.17,1.72,1.29,1.17,0.1,0.37,1.71,0.28,0.19,0.01,0.01,5.67,1.07,4.43,0.15,0.36,0.7,4.83,5.84,1.6,0.31,9.26,1.94,0.34,6.83,2.48,1.11,2.75,0.81,0.52,1.69,1.29,0.44,0.31,0.09,0.45,0.35,0.67,0.56,0.14,1.53,1.27,0.07,0.14,0.15,0.06,0.01,0,0,3.16,8.13,0.29,0.11,0.21,0.5,0.11,0,0.58,0.31,0,13.67
"GN_1826_Hauff,Wilhelm_Lichtenstein_Novel.txt",DE_NOV,126409,29.41,21.49,62.97,0.11,10.97,1.69,0.5,2.18,2.28,7.96,1.42,0.11,10.57,9.23,0.44,4.07,2.59,0.35,0.68,1.47,0.22,0.41,0.3,5.82,1.31,1.56,1.44,0.15,0.57,1.06,0.47,0.35,0.04,0.01,12.31,1.69,9.53,0.38,0.68,0.79,3.74,5.45,3.31,0.49,8.11,1.2,0.24,5.87,2.2,0.95,2.89,0.78,0.92,1.59,1.32,0.53,0.41,0.15,0.25,0.5,0.97,0.81,0.2,2.16,1.9,0.12,0.12,0.12,0.08,0.01,0,0,3.24,10.29,0.2,1.26,0.74,0.62,0.29,0,0.16,0.01,0.26,17.07
GN_1827_Clauren_LiebeundIrrthum_Novel.txt,DE_NOV,46466,22.82,24.56,64.48,0.7,11.8,3.88,0.53,4.41,1.78,6.64,1.75,0.15,9.92,9.03,0.36,5.44,3.83,0.77,0.56,1.6,0.28,0.23,0.43,6.72,1.28,1.87,1.45,0.24,0.76,1.35,0.33,0.22,0.05,0.04,11.32,1.86,8.21,0.65,0.95,0.61,3.93,5.43,3.13,0.41,7.55,1.01,0.13,6.06,2.06,1.1,3.17,0.98,0.82,1.69,1.5,0.86,0.33,0.08,0.22,0.7,1.1,0.9,0.22,2.19,1.76,0.32,0.08,0.09,0.08,0.03,0,0,2.88,11.15,0.11,0.99,0.53,1.01,0,1.1,0.2,0.03,1.27,19.31
"GN_1827_Hauff,Wilhelm_MemoirendesSatan_Novel.txt",DE_NOV,90098,28.25,23.92,64,0.09,11.62,4.18,0.55,4.73,1.31,6.29,1.42,0.14,10.49,9.4,0.54,4.25,2.64,0.34,0.53,1.6,0.23,0.3,0.35,6.71,1.44,1.99,1.26,0.14,0.79,1.31,0.32,0.21,0.04,0.01,10.57,1.86,7.81,0.37,0.6,0.93,3.85,4.94,3.54,0.45,7.97,1.12,0.19,5.68,2.21,0.98,3.18,0.95,0.79,1.75,1.29,0.57,0.38,0.12,0.24,0.63,1.64,1.46,0.22,1.6,1.3,0.16,0.12,0.06,0.08,0.02,0,0,3.44,11.25,0.19,1.28,0.77,0.64,0.51,0,0.07,0.04,0.28,18.44
"GN_1829_Goethe,Johann_WilhelmMeistersWanderjahre_Novel.txt",DE_NOV,143868,26.96,27.95,55.9,5.98,8.81,2.36,0.78,3.14,1.08,5.13,1.19,0.11,8.38,8.49,0.38,4.07,2.88,0.38,0.6,1.17,0.23,0.11,0.32,6.48,1.13,1.84,1.24,0.26,0.71,1.53,0.2,0.15,0.02,0.01,9.05,1.32,6.97,0.45,0.59,0.56,3.66,3.97,3.02,0.53,8.14,0.97,0.16,5.6,2.09,0.98,3.2,0.73,1.1,1.76,1.49,0.72,0.43,0.16,0.19,0.49,0.78,0.63,0.17,0.95,0.72,0.12,0.03,0.05,0.08,0.01,0,0,3.29,9.02,0.41,0.94,0.2,0.24,0.77,0.02,0.45,0.52,0,16.35
"GN_1832_Mörike,Eduard_MalerNolten_Novel.txt",DE_NOV,132195,23.89,25.73,62.5,0.01,10.29,2.49,0.42,2.92,1.57,6.4,1.38,0.19,10.33,9.43,0.54,5.06,3.09,0.42,0.59,1.96,0.36,0.23,0.57,6.76,1.36,1.75,1.27,0.25,0.81,1.63,0.29,0.21,0.04,0.02,10.36,1.38,8.2,0.44,0.51,0.57,4.49,4.29,3.25,0.47,8.1,1.23,0.2,5.53,2.11,0.81,3.03,0.73,0.78,1.84,1.62,0.72,0.45,0.21,0.25,0.45,1.18,0.87,0.35,1.66,1.36,0.16,0.05,0.11,0.1,0.02,0,0,3.27,10.16,0.22,0.58,0.51,0.91,0.58,0,0.24,0.04,0.32,16.85
"GN_1833_Laube,Heinrich_DiePoeten_Novel.txt",DE_NOV,64708,21.5,23.26,63.7,0.93,12.17,4.76,0.53,5.28,2.09,5.67,1.58,0.16,10.28,8.17,0.43,4.92,3.17,0.72,0.58,1.73,0.23,0.24,0.41,7.27,1.52,1.86,1.53,0.26,0.61,1.77,0.34,0.27,0.02,0.03,9.81,1.55,7.88,0.3,0.47,0.71,3.48,3.48,5.6,0.59,6.98,0.95,0.14,5.77,1.92,0.87,2.69,0.67,0.81,1.45,1.38,0.65,0.42,0.13,0.22,0.57,1.27,0.93,0.36,2.17,1.72,0.39,0.04,0.06,0.11,0.04,0,0,4.26,9.58,0.26,0.74,0.21,0.19,0.07,0.3,0.57,0.02,1.24,17.45
"GN_1835_Arnim,Bettinevon_Goethe'sBriefwechselMitEinemKinde_Novel.txt",DE_NOV,147489,34.39,17.89,58.97,10.4,12.53,5.31,0.35,5.66,2.83,4.44,1.52,0.17,8.44,7.82,0.36,3.81,2.71,0.59,0.51,1.09,0.15,0.14,0.39,6.68,1.76,1.63,1.25,0.18,0.34,1.73,0.2,0.13,0.02,0.01,9.47,1.53,7.95,0.28,0.41,0.36,3.46,3.28,4.53,0.56,7.49,0.93,0.19,5.93,1.92,0.84,2.31,0.53,0.65,1.42,1.3,0.63,0.29,0.09,0.3,0.33,1.22,1.03,0.22,1.45,1.11,0.21,0.07,0.25,0.07,0.01,0,0,2.47,8.7,0.34,1.49,0.29,0.29,0.06,0,1.22,0.32,0.01,15.48
"GN_1835_Gutzkow,Karl_Wally_Novel.txt",DE_NOV,36872,15.32,24.18,62.5,1.1,10.19,1.64,0.43,2.07,1.64,7.36,1.71,0.08,11.69,9.16,0.44,4.53,2.62,0.42,0.65,1.91,0.36,0.31,0.43,6.65,1.37,1.63,1.35,0.21,0.59,1.85,0.28,0.19,0.02,0.03,10.74,1.32,9.01,0.15,0.52,0.66,3.76,4.59,3.65,0.52,7.77,1.11,0.14,5.19,2.04,0.9,2.99,0.79,0.84,1.75,1.34,0.55,0.44,0.12,0.27,0.48,2.09,1.78,0.36,1.55,1.22,0.21,0.05,0.13,0.11,0.01,0,0,5.1,9.7,0.49,0.64,0.58,0.84,0.06,0.74,0.49,0.03,1.91,20.6
"GN_1836_Immermann,Karl_DieEpigonen_Novel.txt",DE_NOV,196315,21.92,26.86,63.18,0.01,10.14,2.28,0.48,2.76,1.39,6.6,1.29,0.1,11.28,9.46,0.41,4.36,2.5,0.28,0.61,1.86,0.32,0.24,0.49,6.48,1.29,1.77,1.22,0.35,0.73,1.36,0.22,0.15,0.04,0.01,10.73,1.72,8.27,0.3,0.54,0.69,3.75,5.74,3.17,0.52,8.32,1.03,0.23,5.87,1.89,0.98,3.72,0.91,1.29,2.07,1.42,0.68,0.39,0.15,0.22,0.56,1.13,0.82,0.36,1.51,1.27,0.12,0.07,0.08,0.07,0.02,0,0,4.54,11.03,0.28,0.35,0.42,0.41,0.19,0,0.09,0.01,0.32,17.62
"GN_1836_Tieck,Ludwig_DerjungeTischlermeister_Novel.txt",DE_NOV,125732,31.74,25.49,63.57,0,10.33,2.76,0.8,3.57,1.49,5.73,1.41,0.19,9.09,8.42,0.39,5.25,3.45,0.55,0.58,1.79,0.24,0.26,0.45,7.6,1.47,1.69,1.34,0.29,1.1,1.95,0.19,0.13,0.01,0.02,10.92,1.83,8.26,0.51,0.59,0.82,4.3,4.63,3.95,0.49,7.02,0.82,0.17,7.47,2.35,0.83,3.41,0.92,1.13,1.84,1.47,0.57,0.41,0.25,0.25,0.59,1.08,0.84,0.28,1.18,0.87,0.19,0.08,0.06,0.06,0.04,0,0,3.29,11.63,0.29,0.74,0.48,0.36,0.38,0,0.02,0.02,0.26,17.46
"GN_1837_Schopenhauer,Johanna_RichardWood_Novel.txt",DE_NOV,112434,25.68,26.77,63.91,0,11.24,2.1,0.36,2.46,2.07,7.59,1.69,0.08,8.63,10.91,0.41,4.91,2.95,0.41,0.71,1.94,0.37,0.31,0.5,7.13,1.23,1.67,1.16,0.3,0.77,2.21,0.33,0.27,0.04,0.01,12.08,1.43,9.85,0.51,0.75,0.52,4.92,4.89,3.11,0.46,9.22,1.13,0.24,5.89,2.28,1.08,3.42,0.76,1.1,1.99,1.64,0.9,0.36,0.16,0.24,0.57,1.04,0.74,0.35,1.44,1.23,0.14,0.02,0.11,0.06,0.01,0,0,2.81,11.12,0.3,1.26,0.49,0.61,0.23,0,0.08,0,0.77,17.64
"GN_1839_Immermann,Karl_Münchhausen_Novel.txt",DE_NOV,249397,25.01,25.54,63.45,0.02,9.96,2.57,0.36,2.93,1.43,6.26,1.42,0.11,11.52,9.17,0.6,3.8,2.27,0.29,0.53,1.51,0.25,0.23,0.37,6.48,1.39,1.63,1.41,0.34,0.67,1.25,0.26,0.18,0.03,0.01,10.17,1.73,7.74,0.26,0.5,0.69,3.91,5.55,3.26,0.48,8.21,1.2,0.28,6.37,2.03,1.08,3.38,0.87,1.05,1.89,1.38,0.71,0.35,0.14,0.19,0.63,1,0.79,0.26,1.63,1.29,0.12,0.13,0.13,0.1,0.03,0,0.01,4.05,10.25,0.43,0.36,0.41,0.57,0.78,0,0.21,0.03,0.33,17.37
"GN_1841_Hahn-Hahn,Ida_Gräfin Faustine_Novel.txt",DE_NOV,49868,21.18,23.76,63.42,0.01,13.26,3.44,0.4,3.84,2.34,8.18,2.22,0.2,8.36,8.26,0.47,5.27,3.41,0.76,0.61,1.85,0.26,0.23,0.58,7.27,1.41,1.9,1.51,0.28,0.64,1.78,0.27,0.22,0.01,0.01,13.47,2.43,10.15,0.32,0.79,0.86,3.58,4.89,4.43,0.61,6.71,1.03,0.15,5.27,2.36,0.88,2.62,0.58,0.78,1.56,1.17,0.61,0.33,0.09,0.15,0.44,1.21,0.87,0.38,1.76,1.35,0.32,0.06,0.08,0.09,0.02,0,0,4.99,10.07,0.61,0.78,0.88,1.62,1.38,0,0.33,0,0.01,20.64
"GN_1843_Lewald,Fanny_Clementine_Novel.txt",DE_NOV,34003,20.71,21.77,69.46,0.12,15.63,4.31,0.53,4.84,3.7,8.73,1.76,0.11,9.25,9.25,0.38,5.53,3.62,1.01,0.73,1.9,0.25,0.25,0.72,7.83,1.62,2.2,1.52,0.34,0.59,1.91,0.26,0.22,0.01,0.01,14.61,1.47,11.79,0.53,1.23,1.15,4.88,4.83,4.33,0.72,7.35,0.75,0.11,6.26,2.08,0.86,3.01,0.65,1.06,1.66,1.65,1.06,0.39,0.09,0.12,0.48,1.16,0.82,0.35,1.58,1.16,0.29,0.03,0.09,0.11,0.01,0,0,3.75,11.15,0.15,0.89,0.51,0.69,0.36,0,0.28,0,0,17.76
"GN_1843_Lewald,Fanny_Jenny_Novel.txt",DE_NOV,94951,22.59,23.54,68.44,0,13.39,2.52,0.44,2.96,2.96,9.08,1.65,0.08,10.05,10.03,0.34,5.63,3.6,0.97,0.79,2.01,0.32,0.28,0.65,7.21,1.46,2.17,1.41,0.33,0.58,1.65,0.23,0.19,0.02,0.01,14.83,1.84,11.33,0.41,1.46,0.66,4.06,5.2,3.44,0.62,7.97,0.85,0.12,6.4,2.13,0.91,3.14,0.66,0.92,1.89,2.09,1.32,0.48,0.14,0.18,0.5,1.63,1.35,0.31,1.83,1.1,0.26,0.02,0.04,0.49,0,0,0,3.43,11.2,0.28,0.53,0.44,0.67,0.28,0,0.53,0,0,17.36
"GN_1844_Achim,Bettinevon_ClemensBrentano'sFrühlingskranz_Novel.txt",DE_NOV,105481,28.4,19.07,58.44,9.3,12.46,4.58,0.56,5.15,3.38,4.39,1.72,0.18,8.46,7.28,0.38,4.04,2.9,0.76,0.53,1.14,0.15,0.14,0.38,6.87,1.42,1.54,1.6,0.19,0.51,1.85,0.15,0.09,0.03,0.02,9.89,1.34,8.54,0.23,0.28,0.55,3.29,2.5,5.65,0.64,6.64,0.8,0.15,5.76,2.11,0.75,2.43,0.52,0.65,1.51,1.42,0.8,0.27,0.09,0.28,0.31,1.2,0.97,0.26,1.2,0.73,0.29,0.05,0.23,0.09,0.03,0,0,2.61,7.42,0.13,0.55,0.26,0.7,0.06,0,0.05,0.3,0,12.34
"GN_1845_Keller,Gottfried_DerGrüneHeinrichErsteFassung_Novel.txt",DE_NOV,302784,41.39,24.4,55.96,10.75,8.23,2.44,0.45,2.9,0.95,4.85,1.03,0.06,9,8.66,0.48,4.02,2.64,0.28,0.61,1.37,0.22,0.2,0.35,6.1,1.25,1.53,0.98,0.22,0.78,1.58,0.23,0.15,0.02,0.01,7.71,1.07,6.31,0.19,0.47,0.52,3.87,4.58,2.1,0.32,7.22,0.99,0.18,7.52,2.25,0.91,3.36,0.79,1.11,2,1.34,0.64,0.38,0.15,0.19,0.57,0.91,0.69,0.26,1.21,0.94,0.09,0.11,0.09,0.09,0.01,0.01,0.01,2.13,8.42,0.17,0.57,0.11,0.41,0.08,0,0.04,0.3,0,12.53
"GN_1845_Lewald,Fanny_EineLebensfrage_Novel.txt",DE_NOV,92221,17.95,22.76,69.08,0.04,14.91,3.49,0.52,4.01,2.84,9.37,1.68,0.11,10.03,9.55,0.3,5.77,3.55,0.8,0.69,2.21,0.33,0.37,0.76,7.21,1.41,2.16,1.56,0.35,0.5,1.52,0.25,0.19,0.02,0.02,15.56,2.24,11.79,0.34,1.22,1.06,4.18,5.19,4.24,0.7,7.81,0.82,0.11,5.87,1.98,0.91,3.1,0.69,1.05,1.8,1.51,0.8,0.41,0.16,0.15,0.63,1.29,0.94,0.37,1.42,1.1,0.25,0.03,0.06,0.06,0.01,0,0,4.08,10.43,0.35,0.45,0.74,0.78,0.21,0,0.31,0,0,17.36
"GN_1845_Schopenhauer,Adele_Anna_Novel.txt",DE_NOV,90006,18.29,25.61,64.69,0.01,11.83,1.63,0.32,1.95,2.27,9.01,1.6,0.21,10.26,9.12,0.49,4.89,2.73,0.53,0.56,2.16,0.37,0.35,0.55,6.42,1.13,1.61,1.09,0.25,0.7,1.9,0.31,0.26,0.02,0.02,13.47,1.46,10.71,0.4,0.97,0.82,4.4,5.66,2.8,0.4,7.58,0.98,0.15,5.74,2.1,1.1,3.11,0.96,0.92,1.57,1.57,0.84,0.45,0.12,0.18,0.6,1.17,0.82,0.39,1.9,1.59,0.22,0.04,0.11,0.08,0.02,0,0,3.94,9.39,0.17,1.14,0.47,1.08,0.8,0,0.46,0,0.78,18.18
"GN_1846_Alexis,Willibald_Die HosendesHerrnvonBredow_Novel.txt",DE_NOV,110632,19.42,19.01,63.54,0.04,11.1,1.99,0.54,2.53,2.16,7.3,2.15,0.22,11.58,7.93,0.38,3.4,2.01,0.24,0.41,1.39,0.23,0.3,0.22,6.62,1.66,1.43,1.92,0.2,0.51,1.1,0.29,0.2,0.05,0.01,11.76,1.43,9.45,0.18,0.62,0.96,3.54,5.14,3.55,0.42,7.28,1.24,0.17,5.88,2.58,0.82,2.5,0.63,0.76,1.48,1.07,0.48,0.38,0.06,0.16,0.57,1.28,1.12,0.19,2.06,1.71,0.18,0.12,0.15,0.11,0.04,0,0,5.34,10.81,0.41,0.52,0.54,0.85,0.6,0,1.3,0,0,20.33
"GN_1846_Gotthelf,Jeremias_WieUliderKnecht_Novel.txt",DE_NOV,133860,26.79,17.01,63.74,0,12.38,1.38,0.17,1.55,1.56,9.25,2.75,0.18,8.71,7.06,0.54,3.25,2.15,0.26,0.55,1.09,0.12,0.23,0.25,8.5,1.58,1.45,2.91,0.17,0.97,1.64,0.25,0.13,0.02,0,13.56,1.8,11.31,0.1,0.65,0.66,4.12,5.46,3.94,0.61,6.19,0.79,0.12,5.86,2.94,1.28,3.3,0.56,1.28,1.79,1.06,0.52,0.42,0.04,0.1,0.71,0.78,0.62,0.17,1.26,0.98,0.08,0.17,0.08,0.06,0.08,0,0,3.85,11.4,0.45,0.75,0.33,0.2,0.04,0,0.04,0.02,0.3,17.41
"GN_1846_Hahn-Hahn,Ida_Sibylle_Novel.txt",DE_NOV,111349,19.98,24.45,65.66,0.01,13.93,6.12,0.51,6.63,1.72,6.25,2.01,0.13,8.97,9.59,0.51,4.99,3.1,0.62,0.58,1.88,0.26,0.23,0.61,7.12,1.47,2.07,1.15,0.23,0.72,1.77,0.2,0.14,0.03,0.01,10.55,2.05,8.22,0.2,0.55,0.59,3.66,4.72,3.95,0.44,7.79,0.98,0.16,6.87,2.3,0.97,2.81,0.58,0.89,1.66,1.59,0.82,0.4,0.13,0.26,0.52,1.65,1.28,0.41,1.47,1.13,0.22,0.05,0.09,0.06,0.01,0,0,5.45,6.14,0.66,0.78,0.48,1.57,1.85,0,0.17,0,0,17.07
"GN_1846_Otto,Louise_SchloßundFabrik_Novel.txt",DE_NOV,113635,30.56,23.45,64.44,0.04,12.39,2.14,0.79,2.93,2.25,8.19,1.6,0.17,8.44,8.87,0.51,4.51,2.66,0.4,0.59,1.84,0.26,0.32,0.48,6.75,1.53,1.57,1.46,0.24,0.61,1.54,0.27,0.19,0.04,0.02,13.37,1.81,10.69,0.31,0.62,0.68,4.52,5.91,3.35,0.55,7.71,0.99,0.22,6.27,2.34,0.97,3.28,0.71,1.2,1.91,1.4,0.64,0.4,0.13,0.25,0.78,1.01,0.72,0.32,1.59,1.31,0.16,0.06,0.1,0.06,0.02,0,0,3.25,9.32,0.53,0.13,0.55,0.63,2.47,0,0.48,0,0.01,17.36
"GN_1847_Aston,Louise_AusdemLebeneinerFrau.txt",DE_NOV,23547,23.41,26.17,63.99,0.16,9.99,2.49,0.42,2.91,2.34,6.06,1.22,0.11,12.59,9.48,0.28,5.77,3.51,0.66,0.68,2.26,0.37,0.47,0.62,5.74,1.01,1.65,0.88,0.25,0.47,1.68,0.39,0.28,0.06,0.01,10.1,1,8.09,0.25,0.94,1.07,3.48,4,3.47,0.55,7.9,1.03,0.16,6.29,1.64,0.88,3.51,0.91,1.08,1.94,1.68,0.93,0.44,0.13,0.21,1.02,1.58,1.24,0.39,1.92,1.51,0.22,0.13,0.13,0.11,0.03,0,0,3.15,10.01,0.44,1.31,0.26,1.37,0.97,0,0.34,0,0.13,17.87
"GN_1849_Gotthelf,Jeremias_UliderPächter_Novel.txt",DE_NOV,149884,28.03,18.96,64.29,0,10.98,1.27,0.34,1.6,1.35,8.07,2.76,0.16,8.98,7.69,0.51,4.27,2.64,0.27,0.66,1.63,0.23,0.29,0.37,8.18,1.62,1.61,2.43,0.18,0.98,1.62,0.24,0.12,0.03,0.01,12.23,1.51,10.01,0.12,0.65,0.93,4.2,4.92,4.66,0.71,6.35,0.86,0.13,5.59,3.03,1.21,3.43,0.56,1.23,2.02,1.32,0.67,0.44,0.11,0.12,0.94,1.18,0.92,0.28,1.45,1.16,0.09,0.18,0.12,0.06,0.06,0,0,3.58,12.45,0.27,0.59,0.28,0.2,0.04,0,0.01,0.01,0.31,17.77
"GN_1849_Weerth,Georg_RitterSchnapphahnski_Novel.txt",DE_NOV,47934,23.73,25.63,62.21,0.18,8.57,1.73,0.67,2.39,1.34,5.45,1.26,0.18,12.55,9.37,0.65,4.15,2.56,0.51,0.49,1.58,0.22,0.22,0.44,6.2,1.32,1.35,1.19,0.18,0.69,1.61,0.31,0.18,0.05,0.04,9.23,1,7.43,0.25,0.63,1,4.02,4.26,3.45,0.58,7.94,1.16,0.19,6.3,1.94,0.78,3.15,0.8,0.88,1.82,1.15,0.53,0.38,0.1,0.16,0.92,1.23,0.96,0.35,2.27,1.8,0.31,0.11,0.08,0.14,0.04,0,0,4.13,8.57,0.38,0.55,0.38,0.69,1.42,0,0.08,0.04,0.41,16.55
"GN_1852_Alexis,Willibald_RuheistdieersteBürgerpflicht_Novel.txt",DE_NOV,310987,18.09,23.9,63.16,0.04,11.23,1.94,0.79,2.73,1.63,7.65,2.07,0.24,11.88,8.11,0.39,4.07,2.53,0.35,0.51,1.53,0.23,0.33,0.33,6.8,1.38,1.73,1.81,0.27,0.67,1.2,0.32,0.23,0.04,0.01,12.35,1.56,9.61,0.29,0.76,0.93,3.23,4.67,3.81,0.48,7.06,1.08,0.17,4.89,2.22,0.75,3.01,0.74,1.07,1.62,1.36,0.55,0.49,0.13,0.22,0.62,1.04,0.82,0.26,1.79,1.52,0.19,0.08,0.07,0.07,0.02,0,0,5.51,10.44,0.47,0.34,0.72,1.07,1.39,0,0.4,0,0.01,20.3
"GN_1854_Arnim,Achimvon_DieKronenwachterZweiterBand_Novel.txt",DE_NOV,101511,39.65,20.51,58.13,9.27,11.3,2.31,0.29,2.6,2.24,7.6,1.23,0.06,9.21,8.26,0.43,3.94,2.2,0.33,0.46,1.73,0.26,0.34,0.43,5.98,1.36,1.4,1.45,0.18,0.34,1.38,0.27,0.16,0.03,0.02,11.75,1.53,9.58,0.21,0.72,0.79,3.39,5.45,2.89,0.42,7.23,0.96,0.2,5.39,2.06,1.01,2.65,0.61,0.85,1.57,1.29,0.61,0.37,0.08,0.27,0.54,1.16,0.87,0.35,1.63,1.27,0.12,0.14,0.19,0.08,0.02,0,0,2.18,8.94,0.28,1.22,0.21,0.16,0.02,0,0.06,0.29,0,13.64
"GN_1855_Freytag,Gustav_SollundHaben_Novel.txt",DE_NOV,287062,24.33,23.29,64.81,0.02,10.17,2,0.42,2.41,1.62,6.83,1.18,0.07,11.79,9.78,0.4,4.41,2.71,0.26,0.6,1.69,0.34,0.27,0.37,5.75,1.05,1.54,1.13,0.48,0.54,1.21,0.26,0.17,0.03,0.01,11.7,1.77,8.56,0.34,0.85,0.94,3.59,5.95,3.5,0.63,8.52,1.35,0.22,6.43,1.64,1.11,3.79,0.93,1.45,1.97,1.52,0.9,0.27,0.13,0.24,1.04,0.82,0.63,0.22,1.39,1.19,0.07,0.12,0.09,0.06,0.01,0,0,4.79,9.83,0.31,0.4,0.38,0.19,0.19,0,0.13,0,0.28,16.49
"GN_1857_Stifter,Adalbert_DerNachsommer_Novel.txt",DE_NOV,248800,25.72,23.18,66.9,0.01,11.38,4.5,1.16,5.66,1.43,5.15,1.33,0.09,11.24,10.34,0.34,3.14,2.5,0.32,0.54,0.63,0.07,0.09,0.17,7.73,1.92,2.14,1.08,0.18,1.03,1.6,0.17,0.12,0.02,0,9.61,1.54,7.28,0.46,0.75,0.49,4.21,6.55,3.05,0.6,9.52,1.15,0.18,7.7,2.26,1.45,3.99,0.92,1.57,2.41,1.57,0.98,0.26,0.18,0.17,0.52,0.54,0.44,0.11,0.74,0.52,0.09,0.04,0.04,0.11,0,0,0,4.13,10.47,0.11,0.23,0.09,0.01,0.09,0,0,0,0.34,15.49
"GN_1861_Spielhagen,Friedrich_ProblematischeNaturen1_Novel.txt",DE_NOV,134073,18.45,22.12,66.57,0.01,11.17,2.87,0.44,3.31,1.66,6.77,1.69,0.28,11.17,9.48,0.52,4.27,2.81,0.5,0.57,1.44,0.21,0.2,0.43,6.75,1.5,1.7,1.43,0.2,0.74,1.48,0.39,0.31,0.03,0.01,12.05,1.96,8.63,0.41,0.83,1.1,4.5,5.37,3.73,0.49,8.33,1.29,0.14,5.85,2.1,0.93,2.96,0.86,0.86,1.63,1.37,0.65,0.38,0.11,0.24,0.99,1.12,0.86,0.28,1.85,1.46,0.23,0.08,0.14,0.08,0.04,0.02,0,3.89,10.67,0.3,0.98,0.88,0.69,0.93,0,0.38,0.02,0,18.7
"GN_1861_Spielhagen,Friedrich_ProblematischeNaturen2_Novel.txt",DE_NOV,125624,18.91,23.28,65.89,0.02,10.86,2.74,0.4,3.13,1.84,6.65,1.58,0.17,11.44,9.93,0.51,4.33,2.72,0.43,0.59,1.6,0.27,0.26,0.4,6.26,1.34,1.59,1.33,0.23,0.6,1.44,0.43,0.32,0.05,0.02,11.74,1.92,8.47,0.37,0.84,1.09,4.41,5.46,3.45,0.42,8.52,1.19,0.15,6.29,1.88,0.93,2.91,0.84,0.92,1.57,1.42,0.72,0.33,0.14,0.24,0.69,1.06,0.79,0.3,1.99,1.68,0.17,0.1,0.1,0.08,0.03,0.02,0,3.83,10.15,0.32,0.92,0.73,0.74,0.75,0,0.36,0.02,0,17.8
"GN_1864_Lewald,Fanny_VonGeschlechtzuGeschlecht_Novel.txt",DE_NOV,456808,26.62,24.22,67.4,0.03,12.77,1.68,0.32,2.01,2.17,9.95,1.64,0.12,10.84,10.22,0.31,4.34,2.7,0.47,0.68,1.63,0.26,0.23,0.46,6.9,1.48,1.9,1.2,0.69,0.48,1.46,0.25,0.2,0.03,0.01,14.43,1.7,11.46,0.32,1.01,0.73,4.18,6,2.64,0.44,8.46,1.06,0.15,6.82,2,0.93,3.63,0.74,1.55,1.84,1.55,0.9,0.37,0.14,0.16,0.82,1.08,0.87,0.25,1.34,1.13,0.15,0.03,0.05,0.05,0.01,0,0,2.95,10.72,0.23,0.44,0.33,0.63,0.32,0,0.26,0,0,15.84
"GN_1864_Raabe,Wilhelm_DerHungerpastor_Novel.txt",DE_NOV,143098,26.1,24.14,63.99,0.01,8.6,1.04,0.4,1.44,1.31,6.41,1.46,0.07,12.17,9.48,0.54,3.9,2.19,0.26,0.44,1.69,0.36,0.23,0.45,5.81,1.17,1.19,1.19,0.21,0.62,1.62,0.28,0.21,0.03,0.01,10.55,1.29,8.01,0.24,0.88,0.92,4.03,5.75,2.59,0.39,8.1,1.22,0.22,7.42,2.01,1.03,3.11,0.9,1.03,1.68,1.52,0.89,0.34,0.11,0.19,0.59,1.23,0.93,0.34,1.95,1.61,0.11,0.18,0.15,0.06,0.02,0,0,3.39,8.56,0.28,0.94,0.28,0.67,0.78,0,0.21,0,0.32,15.4
"GN_1866_Marlitt,Eugenie_Goldelse_Novel.txt",DE_NOV,100011,31.29,26.37,63.83,0.04,9.94,1.72,0.24,1.96,2.19,7.14,1.35,0.21,11.21,9.61,0.47,4.1,2.28,0.31,0.51,1.81,0.35,0.31,0.44,6.18,1.27,1.65,1.21,0.28,0.55,1.46,0.49,0.41,0.03,0.01,11,1.4,8.6,0.14,0.75,0.79,4.03,5.7,2.94,0.42,8.46,1.38,0.27,6.08,2.06,1.01,2.91,0.87,0.82,1.56,1.61,0.81,0.4,0.14,0.27,0.73,1.08,0.83,0.28,2.29,1.97,0.14,0.09,0.08,0.15,0.01,0,0,5.93,9.4,0.07,0.65,0.41,0.43,0.38,0,0.08,0,0,17.36
"GN_1867_Marlitt,Eugenie_DasGeheimnisderaltenMamsell_Novel.txt",DE_NOV,89017,30.11,27.06,64.91,0.07,9.98,1.69,0.21,1.91,2.29,6.96,1.32,0.21,11.64,8.77,0.4,4.59,2.32,0.26,0.55,2.26,0.39,0.43,0.53,6.07,1.35,1.62,1.15,0.32,0.52,1.34,0.5,0.43,0.03,0.01,11.34,1.42,8.61,0.11,1.09,1.04,3.77,6.01,2.81,0.41,7.72,1.31,0.28,6.4,2.04,0.95,3.42,1.22,1.03,1.64,1.7,0.88,0.37,0.19,0.28,0.74,1.22,0.87,0.42,2.47,2.22,0.13,0.1,0.1,0.11,0.02,0,0,5.49,8.63,0.12,0.67,0.43,0.93,1.29,0,0.19,0,0,17.75
"GN_1867_Raabe,Wilhelm_AbuTelfan_Novel.txt",DE_NOV,117102,31.49,24.52,64.41,0,9.43,2.39,0.8,3.19,1.28,5.45,1.41,0.12,11.55,9.67,0.5,3.94,2.37,0.25,0.54,1.56,0.23,0.34,0.43,6.03,1.17,1.26,1.14,0.27,0.67,1.7,0.26,0.2,0.03,0.01,10.48,1.51,7.53,0.26,1.22,1.13,4.06,4.2,3.39,0.46,8.44,1.15,0.23,7.82,2.1,0.92,3.19,0.87,0.87,1.78,1.39,0.82,0.3,0.1,0.17,0.56,1.01,0.77,0.27,1.73,1.34,0.24,0.07,0.13,0.06,0.18,0,0.01,2.71,9.15,0.48,0.85,0.44,0.82,0.72,0,0.12,0,0.31,15.5
"GN_1869_Spielhagen,Friedrich_HammerundAmboß_Novel.txt",DE_NOV,205077,28.77,22.13,66.33,0.04,12.19,5.2,0.53,5.73,1.11,5.73,1.66,0.24,11.12,9.53,0.57,3.89,2.4,0.28,0.56,1.48,0.23,0.22,0.35,6.58,1.32,1.78,1.36,0.24,0.71,1.47,0.35,0.28,0.03,0.02,10.1,1.94,7.31,0.34,0.66,0.75,4.57,6.09,3.25,0.41,8.31,1.28,0.16,6.31,2.15,0.89,2.99,0.68,1.02,1.76,1.31,0.6,0.38,0.15,0.18,0.56,0.9,0.7,0.22,1.88,1.61,0.16,0.08,0.1,0.07,0.03,0,0,3.04,10.84,0.31,1.06,0.52,0.77,0.87,0,0.17,0.01,0,17.51
"GN_1870_Raabe,Wilhelm_DerSchüdderump_Novel.txt",DE_NOV,116703,29.62,23.57,64.27,0.01,9.07,2.07,0.58,2.65,1.54,5.33,1.46,0.13,11.25,9.91,0.45,4.21,2.7,0.33,0.67,1.5,0.28,0.18,0.39,6.22,1.26,1.28,1.13,0.29,0.65,2.04,0.27,0.19,0.05,0.01,9.78,1.37,7.56,0.24,0.61,1.13,4.23,4.88,3.36,0.44,8.49,1.32,0.24,8.05,2.08,0.98,2.86,0.69,0.81,1.68,1.26,0.73,0.31,0.09,0.15,0.48,1.27,1.04,0.25,1.6,1.34,0.11,0.09,0.12,0.06,0.06,0.01,0.01,2.91,8.6,0.31,0.85,0.38,0.89,0.85,0,0.14,0.01,0.31,15.14
"GN_1871_François,Louisevon_DieletzteReckenburgerin_Novel.txt",DE_NOV,92241,21.9,27.75,64.33,0.06,10.15,3.37,0.59,3.95,1.44,5.69,1.47,0.15,12.63,9.51,0.54,4.06,2.43,0.29,0.62,1.62,0.3,0.29,0.43,6,1.37,1.62,1.21,0.34,0.65,1.04,0.25,0.19,0.04,0.01,9.93,1.47,7.14,0.36,1.05,0.87,4.55,5.15,2.52,0.47,7.79,1.12,0.27,6.17,2.3,0.87,3.53,0.91,1.05,1.99,1.6,0.92,0.34,0.13,0.23,0.69,1.05,0.77,0.33,1.88,1.6,0.11,0.06,0.17,0.1,0.01,0,0,4.23,9.21,0.37,0.63,0.51,0.5,0.75,0,0.01,0.01,0,16.17
"GN_1875_Otto,Louise_AnNürnberg_Novel.txt",DE_NOV,155491,36.52,22.15,62.07,0.03,10.78,1.5,0.31,1.81,2.4,8.22,1.52,0.13,9.85,9.81,0.42,3.87,2.37,0.25,0.6,1.49,0.2,0.37,0.32,6.3,1.54,1.37,1.32,0.29,0.7,1.27,0.22,0.15,0.04,0.01,12.07,1.67,9.66,0.19,0.81,0.55,4.1,5.46,2.45,0.43,8.45,1.01,0.18,6.75,2.54,0.81,3.25,0.66,1.33,1.88,1.25,0.62,0.38,0.09,0.18,0.59,1.15,0.93,0.24,1.03,0.85,0.08,0.05,0.06,0.08,0.01,0,0,2.73,8.48,0.5,0.55,0.37,0.56,3.94,0,0.55,0.01,0.51,18.19
"GN_1876_EbnerEschenbach,Maria_Bozena_Novel.txt",DE_NOV,62841,20.35,25.09,64.51,0.04,11.28,1.24,0.14,1.39,2.46,9.09,1.43,0.11,10.93,9.53,0.4,4.49,2.61,0.39,0.6,1.87,0.33,0.35,0.44,5.45,1.08,1.56,0.98,0.32,0.52,1.26,0.36,0.27,0.04,0.03,13.79,1.97,10.33,0.25,1.14,0.97,3.72,5.99,2.85,0.39,7.83,1.28,0.18,6.14,1.74,1.02,3.18,0.88,0.92,1.79,1.54,0.75,0.47,0.09,0.26,0.77,0.98,0.73,0.28,1.86,1.62,0.17,0.07,0.11,0.06,0.01,0,0,5.96,9.17,0.92,0.31,0.72,1.11,1.24,0,0.18,0.01,0.28,19.89
"GN_1877_François,Louisevon_StufenjahreeinesGlücklichen_Novel.txt",DE_NOV,163970,24.26,26.83,64.33,0.01,9.29,1.18,0.22,1.4,1.7,7.07,1.59,0.22,12.28,9.55,0.57,4.12,2.56,0.42,0.46,1.54,0.22,0.26,0.42,5.88,1.6,1.29,1.4,0.3,0.58,0.93,0.25,0.19,0.05,0,11.71,1.22,8.46,0.37,1.45,0.87,4.18,4.94,2.7,0.53,7.91,1.14,0.24,6.02,2.59,0.84,3.32,0.99,1.11,1.7,1.49,0.83,0.32,0.13,0.22,0.75,1.47,1.19,0.34,1.91,1.57,0.19,0.08,0.09,0.12,0.02,0,0,3.64,9.29,0.32,0.83,0.52,0.66,0.55,0,0.01,0,0,15.82
"GN_1880_Spyri,Johanna_HeidesLehrundWanderjahre_Novel.txt",DE_NOV,51298,32.14,18.43,64.27,0,9.47,1.2,0.23,1.43,1.6,6.76,1.74,0.19,9.64,8.11,0.39,2.77,1.82,0.27,0.36,0.94,0.27,0.12,0.23,7.59,1.34,1.76,1.61,0.11,0.61,2.5,0.3,0.19,0.02,0.02,11.29,1.64,8.93,0.22,0.29,1.07,5.68,6.54,3.17,0.44,8.06,1.78,0.33,7.58,2.1,1.34,2.63,0.68,0.64,1.59,1.13,0.77,0.19,0.05,0.12,0.3,0.68,0.57,0.11,1.32,1.01,0.07,0.16,0.2,0.05,0,0,0,3.11,9.55,0.56,0.88,0.67,0.69,0.43,0,0.47,0,0,16.25
"GN_1881_Spyri,Johanna_Heidekannbrauchen_Novel.txt",DE_NOV,37403,25.15,16.72,65.16,0.01,9.4,1.07,0.34,1.41,1.55,6.9,1.47,0.27,11.36,8.16,0.39,3.25,2.42,0.45,0.44,0.82,0.25,0.15,0.17,7.92,1.55,1.98,1.71,0.07,0.49,2.64,0.28,0.2,0.02,0,10.83,1.3,9.09,0.24,0.2,0.78,5.97,6.85,2.71,0.41,8.4,1.97,0.3,6.78,2.32,1.34,2.6,0.51,0.75,1.71,0.88,0.52,0.16,0.08,0.15,0.28,0.51,0.44,0.07,1.45,1.1,0.14,0.13,0.2,0.06,0.01,0,0,3.87,8.84,0.46,0.66,0.39,0.58,0.26,0,0.31,0,0,15.32
"GN_1884_Anzengruber,Ludwig_Sternsteinhof_Novel.txt",DE_NOV,86070,27.63,18.79,56.72,0,9.71,2.02,0.2,2.22,2.17,5.85,1.23,0.26,9.83,8.29,0.38,3.09,1.75,0.15,0.38,1.33,0.21,0.22,0.3,5.31,1.48,1.09,1.22,0.22,0.51,0.97,0.31,0.27,0.03,0,9.7,1,8.01,0.18,0.39,0.59,3.92,4.23,2.35,0.34,7.48,1.09,0.33,5.83,2.56,0.82,2.97,0.8,0.88,1.67,1.11,0.56,0.27,0.13,0.15,0.58,0.96,0.75,0.23,1.74,1.53,0.09,0.06,0.11,0.09,0.06,0,0,3.61,10.64,0.25,0.53,0.78,1.02,2.79,0,2.14,0,0.31,22.05
"GN_1885_Marlitt,Eugenie_DieFraumitdenKarfunkelsteinen_Novel.txt",DE_NOV,95853,22.86,24.86,64.91,0.06,9.32,1.48,0.27,1.75,2.18,6.22,1.52,0.34,11.7,8.72,0.33,3.81,1.99,0.24,0.46,1.8,0.33,0.31,0.32,5.93,1.47,1.37,1.25,0.25,0.38,1.39,0.37,0.28,0.05,0.01,11.3,1.36,8.17,0.13,1.45,1.11,4.08,5.89,3.19,0.44,7.96,1.26,0.26,6.99,2.01,1.16,3.04,1.03,1.03,1.52,1.72,1.1,0.27,0.16,0.2,0.56,0.82,0.59,0.3,2.36,2.02,0.13,0.1,0.08,0.24,0.03,0,0,4.67,8.19,0.06,0.67,0.56,1.39,1.5,0,0.3,0,0,17.31
"GN_1886_Fontane,Theodor_Cecile_Novel.txt",DE_NOV,55584,18.6,24.01,62.75,0.04,9.07,2.28,0.48,2.76,1.13,5.63,1.58,0.13,10.25,9.45,0.63,3.81,2.46,0.34,0.51,1.33,0.18,0.2,0.34,6.97,1.13,1.66,1.76,0.28,0.95,1.45,0.24,0.19,0.02,0.01,9.47,1.6,7.26,0.28,0.54,0.83,4.69,5.4,3.54,0.36,8.32,1.15,0.25,7.43,2.87,0.97,3.02,0.66,0.92,1.88,1.18,0.6,0.31,0.12,0.16,0.4,0.88,0.69,0.21,1.07,0.85,0.12,0.06,0.04,0.05,0.01,0,0,6.45,10.79,0.4,0.22,0.63,0.16,0.63,0,0.17,0.09,0.32,19.73
"GN_1887_EbnerEschenbach,Maria_DasGemeindeKind_Novel.txt",DE_NOV,63936,22.26,22.55,64.8,0.03,11.28,1.33,0.11,1.44,1.96,8.54,1.58,0.14,11.49,9,0.47,4.1,2.16,0.3,0.55,1.91,0.3,0.4,0.41,5.42,1.21,1.4,1.17,0.25,0.49,1.13,0.33,0.21,0.05,0.03,12.96,1.72,10.14,0.21,0.67,0.75,3.87,6.39,2.79,0.45,7.6,1.26,0.17,6.27,1.82,1.07,3.37,1.01,0.96,1.8,1.13,0.52,0.3,0.11,0.22,0.74,1.08,0.81,0.29,1.82,1.55,0.16,0.13,0.1,0.06,0.06,0,0,5.84,10.11,0.83,0.71,0.89,0.7,0.71,0,0.36,0.01,0.3,20.45
"GN_1887_Fontane,Theodor_Irrungen,Wirrungen_Novel.txt",DE_NOV,51612,18.73,19.95,63.15,0.04,9.79,2.36,0.51,2.86,1.55,5.8,1.72,0.36,8.84,7.91,0.67,3.4,2.33,0.42,0.54,1.06,0.19,0.13,0.27,7.49,1.36,1.4,2.07,0.23,0.91,1.71,0.2,0.15,0.01,0.02,10.25,1.54,7.87,0.27,0.88,0.92,4.78,5.63,3.97,0.34,7.2,1.14,0.16,8.03,2.97,0.96,2.82,0.62,0.8,1.74,0.99,0.52,0.25,0.1,0.13,0.56,0.7,0.53,0.22,1.17,0.88,0.15,0.09,0.07,0.1,0.03,0,0.01,6.95,10.72,0.45,0.26,0.7,0.1,0.28,0,0.38,0.07,0.3,20.21
"GN_1889_Boy-Ed,Ida_Fanny Förster_Novel.txt",DE_NOV,55419,20.41,25.05,63.46,0.03,10.48,1.48,0.33,1.81,2.32,7.78,1.31,0.14,10.5,9.56,0.53,4.53,2.65,0.63,0.47,1.85,0.43,0.27,0.51,6.59,1.22,1.78,1.19,0.31,0.68,1.62,0.38,0.3,0.04,0.03,12.35,1.87,9.49,0.21,0.86,0.97,3.89,5.93,2.81,0.38,8.06,1.15,0.17,5.97,1.98,1.05,3.13,1,0.92,1.64,1.55,0.76,0.41,0.12,0.26,0.55,1.09,0.84,0.26,2.08,1.76,0.22,0.06,0.12,0.08,0.01,0,0.01,5.15,9.97,0.3,0.53,0.56,0.51,0.66,0,0.07,0,0,17.73
"GN_1889_Suttner,Bertha_DieWaffennieder!_Novel.txt",DE_NOV,76596,21.25,27.31,61.64,0.24,10.38,4.4,1.07,5.48,1.27,3.82,1.75,0.27,9.94,8.15,0.63,4.88,2.92,0.44,0.7,1.93,0.25,0.46,0.57,6.65,1.44,1.72,1.33,0.31,0.62,1.45,0.18,0.12,0.03,0.02,9.16,1.85,6.43,0.24,1.03,0.69,4.21,4.43,3.87,0.71,7.19,0.91,0.18,5.36,2.27,0.93,3.21,0.79,0.99,1.85,1.06,0.5,0.32,0.11,0.16,0.58,1.03,0.65,0.45,1.34,1.06,0.18,0.03,0.11,0.02,0.01,0,0,6.72,7.91,0.77,0.48,0.88,0.47,3.14,0,0.16,0.07,0.03,20.57
"GN_1890_Bahr,Hermann_DieguteSchule_Novel.txt",DE_NOV,52634,18.8,22.98,64.12,0.02,11.39,0.14,0.02,0.17,0.82,10.65,2.6,0.48,8.73,7.99,0.55,5.29,2.86,0.65,0.64,2.42,0.4,0.38,0.71,8.58,2.21,1.12,1.81,0.35,0.56,2.78,0.21,0.11,0.03,0.02,12.27,0.74,11.88,0.13,0.18,0.21,4.76,5.39,1.61,0.27,6.81,0.87,0.24,7.74,2.36,0.59,3.08,0.61,1.01,1.92,1.16,0.52,0.32,0.1,0.23,0.5,1.02,0.73,0.32,1.77,1.23,0.28,0.15,0.15,0.11,0.08,0,0,5.22,12.51,0.3,0.39,0.2,0.38,0.85,0,0.25,0,0,20.05
"GN_1891_Fontane,Theodor_Unwiederbringlich_Novel.txt",DE_NOV,81431,24.53,23.1,63.5,0.04,9.23,2.12,0.43,2.55,1.49,5.65,1.66,0.17,10.13,8.82,0.6,3.78,2.58,0.49,0.58,1.2,0.19,0.14,0.35,7.89,1.39,1.56,1.93,0.33,1.1,1.88,0.21,0.16,0.02,0.01,9.57,1.57,7.72,0.21,0.56,0.51,4.86,5.01,3.94,0.41,7.8,1.05,0.23,7.45,2.85,0.94,3.11,0.63,0.97,1.94,1.14,0.53,0.35,0.1,0.16,0.31,1.06,0.89,0.19,1.08,0.78,0.21,0.05,0.05,0.04,0,0,0.01,5.04,11.27,0.26,0.44,0.33,0.08,0.49,0,0.16,0.06,0.31,18.36
"GN_1892_Christen,Ada_JungferMutter_Novel.txt",DE_NOV,39314,26.67,19.97,65.59,0,11.23,1.33,0.14,1.47,2.37,8.36,1.45,0.25,11.91,8.48,0.47,3.1,1.55,0.16,0.32,1.53,0.28,0.19,0.4,6.25,1.66,1.13,1.36,0.24,0.44,1.6,0.37,0.28,0.03,0.01,12.91,1.1,10.44,0.24,1.05,1.39,4.62,5.39,2.95,0.37,7.44,1.31,0.22,6.42,2.64,0.9,2.85,0.77,0.79,1.72,1.52,0.86,0.26,0.16,0.25,0.5,0.69,0.48,0.24,2.53,2.16,0.1,0.12,0.22,0.17,0.06,0,0,5.49,10.37,0.28,0.22,0.9,0.86,0.96,0,0.51,0,0.34,19.87
"GN_1892_Fontane,Theodor_FrauJennyTreibel_Novel.txt",DE_NOV,59393,22.56,23.99,62.69,0.01,9.78,2.64,0.51,3.16,1.83,5.21,1.78,0.3,9.43,7.9,0.58,4.22,2.86,0.43,0.63,1.35,0.16,0.25,0.34,8.01,1.42,1.49,1.94,0.28,1.09,2.03,0.22,0.13,0.04,0.01,10.18,1.78,7.65,0.33,0.78,0.62,4.16,4.05,4.68,0.46,6.78,0.98,0.16,7.04,2.61,0.77,3.37,0.78,1.09,1.89,1.19,0.51,0.21,0.29,0.18,0.41,0.72,0.58,0.16,1.11,0.81,0.17,0.09,0.05,0.06,0.12,0,0.01,6.12,11.49,0.32,0.46,0.54,0.09,0.56,0,0.2,0.07,0.32,20.13
"GN_1895_Fontane,Theodor_EffieBriest_Novel.txt",DE_NOV,95535,20.55,20.85,64.43,0.03,10.31,2.75,0.55,3.3,1.8,5.75,1.86,0.35,8.99,8.13,0.67,3.67,2.39,0.42,0.5,1.26,0.21,0.14,0.29,7.94,1.42,1.47,2.01,0.24,1.04,1.98,0.2,0.14,0.02,0.01,10.59,1.64,8.09,0.23,0.98,0.9,4.83,5.05,4.68,0.46,7.45,1.08,0.14,7.34,3.03,0.99,2.84,0.62,0.85,1.75,1.1,0.62,0.29,0.08,0.14,0.37,0.78,0.62,0.18,1.03,0.73,0.16,0.06,0.09,0.07,0.02,0,0,6.67,10.79,0.33,0.63,0.58,0.1,0.52,0,0.27,0.08,0.31,20.26
"GN_1896_Janitschek,Maria_Ninive_Novel.txt",DE_NOV,45369,12.08,23.43,64.48,0.09,13.66,1.95,0.34,2.29,2.98,9.9,1.69,0.31,8.8,8.25,0.48,4.53,2.85,0.44,0.53,1.66,0.26,0.21,0.48,6.27,1.12,1.62,1.41,0.17,0.74,1.43,0.49,0.35,0.04,0.02,15.03,1.79,12.06,0.4,0.71,1.16,3.74,5.81,3.48,0.35,7.41,1.1,0.19,5.19,2.08,1.02,3.5,1.14,1.23,1.7,1.42,0.86,0.26,0.13,0.16,0.68,1.14,0.92,0.23,2.16,1.73,0.18,0.17,0.15,0.16,0.05,0.01,0,8.13,8.49,0.27,0.46,1.24,0.24,0.58,0,0.03,0.01,0,19.45
"GN_1897_Bierbaum,Otto_Stilpe_Novel.txt",DE_NOV,59444,11.61,23.81,62.19,0.08,10.51,2.69,0.37,3.07,1.54,6.15,1.87,0.41,10.17,7.66,0.6,3.8,2.39,0.33,0.46,1.4,0.18,0.25,0.37,7.66,1.74,1.43,1.91,0.28,0.68,1.79,0.28,0.13,0.04,0,10.16,1.51,8.29,0.21,0.29,0.5,3.55,4.76,4.28,0.57,6.62,0.91,0.18,5.89,2.68,0.77,3.25,0.94,1,1.77,1.23,0.48,0.32,0.21,0.23,0.57,0.95,0.78,0.18,1.4,0.89,0.19,0.28,0.1,0.12,0.07,0.03,0.01,7.02,9.15,1.1,0.17,0.98,2.43,1.67,0,0.07,0.15,0.66,23.4
"GN_1897_Dohm,Hedwig_SibillaDalmar_Novel.txt",DE_NOV,80394,13.37,23.76,64.83,0.19,12.11,4.74,0.66,5.4,1.49,5.82,2.03,0.31,10.05,8.65,0.46,4.71,2.94,0.59,0.56,1.74,0.23,0.25,0.51,7.18,1.46,1.58,1.32,0.21,1.02,1.82,0.35,0.23,0.03,0.03,10.35,1.46,7.84,0.32,1.02,0.87,4.06,3.98,4.27,0.44,7.26,0.99,0.17,6.24,2.22,0.81,2.91,0.74,0.9,1.68,1.36,0.6,0.29,0.15,0.34,0.49,1.23,0.91,0.36,1.95,1.52,0.25,0.15,0.1,0.13,0.06,0,0,6.91,10.27,0.4,0.14,0.67,0.55,1.1,0,0.18,0.12,0,20.38
"GN_1897_Janitschek,Maria_Die Amazonenschlacht_Novel.txt",DE_NOV,17833,13.29,25.05,63.14,0.14,11.3,2,0.56,2.56,2.38,8.11,1.81,0.34,9.62,8.24,0.58,4.1,2.68,0.31,0.57,1.4,0.24,0.16,0.41,6.73,1.07,1.76,1.49,0.36,0.82,1.33,0.4,0.26,0.04,0.01,12.89,1.55,9.68,0.34,1.33,1.72,4,5.69,3.15,0.5,7.54,0.94,0.27,4.58,2.29,1.03,3.64,0.95,1.32,1.81,1.64,1.07,0.24,0.2,0.15,0.79,0.76,0.61,0.16,1.68,1.27,0.1,0.18,0.24,0.1,0.02,0.01,0,7.89,7.82,0.28,0.29,1.24,0.38,0.64,0,0.08,0.01,0,18.63
"GN_1897_Scheerbart,Paul_Tarub,BagdadsKöchin_Novel.txt",DE_NOV,51709,15.31,24.34,59.34,0.02,6.87,0.96,0.37,1.33,1.4,4.54,1.55,0.21,12.51,7.96,0.48,3.86,2.34,0.33,0.44,1.48,0.29,0.22,0.4,6.76,1.31,1.23,1.3,0.14,0.52,2.43,0.62,0.22,0.07,0.06,7.82,1.06,6.41,0.41,0.16,0.42,3.85,2.05,5.44,0.77,7.09,1.25,0.22,6.41,1.92,0.82,2.67,0.75,0.7,1.51,1.28,0.54,0.34,0.13,0.31,0.63,1.02,0.7,0.37,2.42,1.73,0.22,0.58,0.09,0.17,0.04,0,0,6.39,5.2,0.37,0.16,0.38,0.91,5.66,0,0.01,0,0.39,19.44
"GN_1898_Spielhagen,Friedrich_Faustulus_Novel.txt",DE_NOV,68267,17.43,22.58,64.49,0,10.81,1.57,0.31,1.88,1.57,8.15,1.94,0.25,11.07,9.14,0.59,4.03,2.51,0.44,0.59,1.51,0.23,0.22,0.33,6.29,1.31,1.51,1.39,0.25,0.68,1.43,0.29,0.22,0.02,0.02,12.86,1.54,9.49,0.37,1.05,1.46,4.63,5.43,3.32,0.45,8.02,1.12,0.16,5.36,2.11,0.93,3.14,0.81,1.08,1.66,1.33,0.58,0.43,0.2,0.14,0.47,0.97,0.79,0.21,1.82,1.47,0.2,0.09,0.11,0.1,0.04,0,0.01,5.28,8.6,0.61,0.78,0.86,1.14,0.98,0,0.14,0.01,0.25,18.6
"GN_1900_Duncker,Dora_Großstadt_Novel.txt",DE_NOV,71785,17.16,23.18,65.07,0.02,11.47,1.18,0.24,1.42,2.62,8.99,1.94,0.33,9.03,9.61,0.64,4.1,2.51,0.42,0.55,1.58,0.26,0.22,0.46,7.12,1.31,1.72,1.57,0.34,0.65,1.71,0.33,0.23,0.03,0.01,12.97,1.23,10.58,0.32,0.94,0.85,5.07,6.66,2.77,0.45,8.09,1.19,0.19,5.3,2.22,0.96,3.49,0.74,1.32,2.03,1.42,0.78,0.33,0.16,0.15,0.77,0.68,0.49,0.23,1.83,1.47,0.17,0.14,0.08,0.12,0.03,0.01,0,5.54,8.87,0.18,0.04,0.52,0.47,0.78,0,0.42,0,0.28,17.07
