filenames,corpus,WC,WPS,Sixltr,Dic,Numerals,funct,pronoun,ppron,i,we,you,shehe,they,ipron,article,verb,auxverb,past,present,future,adverb,preps,conj,negate,quant,number,swear,social,family,friend,humans,affect,posemo,negemo,anx,anger,sad,cogmech,insight,cause,discrep,tentat,certain,inhib,incl,excl,percept,see,hear,feel,bio,body,health,sexual,ingest,relativ,motion,space,time,work,achieve,leisure,home,money,relig,death,assent,nonfl,filler,Period,Comma,Colon,SemiC,QMark,Exclam,Dash,Quote,Apostro,Parenth,OtherP,AllPct
"2004_Weatherford,Jack_GenghisKhanandtheMakingoftheModernWorld_HIST.txt",CONT_HIST,115601,26.02,25.02,76.14,0.3,51.31,8.03,5.09,0.11,0.14,0.09,2.87,1.89,2.94,11.04,6.42,3.73,4.21,1.13,0.48,2.5,16.88,6.59,0.81,2.68,1.21,0.02,9.32,0.79,0.07,0.86,4.35,2.09,2.22,0.38,1.16,0.38,13.71,1.56,1.45,0.97,1.68,0.97,0.72,5.33,1.6,1.02,0.37,0.2,0.36,1.32,0.47,0.5,0.08,0.34,14.1,1.93,7.41,4.46,1.67,2.37,0.8,0.4,0.47,0.81,0.5,0,0.1,0.08,3.86,6.51,0.08,0.19,0.04,0.01,0.49,0.56,0.55,0.02,0.01,12.13
"2006_Grandin,Greg_EmpiresWorkshop_HIST.txt",CONT_HIST,72416,32.56,33.54,72.33,0.63,44.35,5.33,1.86,0.05,0.21,0.06,0.74,0.81,3.47,9.37,5.95,3.55,3.34,1.71,0.43,2.12,16.47,5.64,0.66,2.05,1.15,0.03,5.25,0.05,0.07,0.46,5.28,2.79,2.45,0.34,1.47,0.28,13.13,1.39,1.85,0.8,1.1,0.83,1.18,4.88,1.41,0.98,0.28,0.23,0.36,0.87,0.29,0.41,0.1,0.1,13.31,1.7,7.67,3.56,4.81,2.9,0.53,0.32,1.8,0.69,0.56,0.01,0.06,0.12,4.21,7.01,0.11,0.07,0.02,0,1.76,2.8,1.34,0.12,0.06,16.86
"2009_Edsel,RobertM_TheMonumentsMen_HIST.txt",CONT_HIST,129562,18.06,23.02,77.87,0.74,52.18,8.98,5.7,0.77,0.27,0.3,3.26,1.09,3.28,10.12,10.7,7.06,7.15,2.14,0.63,3.11,14.76,5.17,1.31,2.34,1.57,0.03,8.77,0.23,0.12,0.78,4.27,2.26,1.94,0.26,0.88,0.46,13.11,1.84,0.93,1.14,1.81,1.19,0.8,4.24,1.73,1.63,0.65,0.37,0.46,1.06,0.45,0.33,0.07,0.24,15.02,1.94,7.74,5.16,2.09,1.84,1.15,0.48,0.39,0.39,0.44,0.03,0.06,0.11,5.71,7.16,0.21,0.26,0.21,0.03,1.08,1.79,1.15,0.15,0.02,17.48
"2009_Jones,Michael_TheRetreat_HIST.txt",CONT_HIST,106853,17.18,25.31,76.18,0.71,49.87,9.05,6.11,0.76,2.31,0.08,1.68,1.28,2.94,9.1,10.4,6.88,6.16,2.92,0.59,3.07,14.28,5,0.8,2.22,1.06,0.03,9.14,0.05,0.16,0.51,5.49,1.71,3.73,0.53,1.97,0.68,13.73,1.53,1.16,0.92,1.41,1,0.9,5.62,1.29,2.18,0.78,0.48,0.8,1.28,0.55,0.44,0.02,0.3,16.21,2.51,8.14,5.47,1.04,2,0.5,0.22,0.19,0.29,0.5,0.01,0.06,0.06,5.96,5.37,0.68,0.07,0.08,0.1,2.22,0.17,3.98,0.02,0,18.17
"2009_Korda,Michael_WithWingsLikeEagles_HIST.txt",CONT_HIST,89555,37.49,25,77.34,0.91,52.43,7.29,3.34,0.17,0.1,0.07,1.91,1.08,3.94,9.76,9.35,6.6,5.91,1.65,0.86,2.98,16.55,6.24,1.21,2.8,1.36,0.02,6.71,0.05,0.15,0.35,6.26,2.18,4.03,0.37,2.47,0.56,14.17,1.42,1.47,1.48,2.11,1.24,0.8,4.78,1.75,1.18,0.46,0.2,0.42,0.86,0.34,0.38,0.02,0.13,14.78,1.81,8.16,4.66,1.68,2.2,0.65,0.26,0.32,0.54,0.43,0.02,0.11,0.1,2.76,7.17,0.06,0.39,0.03,0.03,1.66,1.19,0.9,0.4,0.09,14.38
"2009_Senor,Dan_StartUpNation_HIST.txt",CONT_HIST,68845,21.31,27.36,76.65,0.96,49.71,7.37,3.28,0.21,0.53,0.41,1.18,0.95,4.08,9.16,9.93,6.68,4.35,4.24,0.62,3.17,14.87,5.53,1.07,2.73,1.98,0.01,6.72,0.14,0.09,0.53,3.59,1.85,1.71,0.28,0.76,0.32,13.65,1.83,1.83,1.22,1.76,1.04,0.5,4.24,1.97,1.12,0.29,0.39,0.26,0.71,0.21,0.36,0.01,0.14,14.66,1.83,7.73,4.85,5.09,2.7,0.64,0.27,1.76,0.41,0.24,0.01,0.06,0.13,5.07,6.27,0.26,0.19,0.16,0.01,2.28,1.95,1.83,0.17,0.17,17.57
"2010_Alexander,Michelle_TheNewJimCrow_HIST.txt",CONT_HIST,105097,27.66,28.02,76.79,0.6,48.48,6.96,2.85,0.25,0.59,0.25,0.57,1.18,4.12,8.41,8.99,6.62,2.88,4.41,0.8,2.83,15.21,5.82,1.24,2.97,1.05,0.01,6.91,0.24,0.09,1.16,4.71,2.06,2.6,0.44,1.24,0.4,15.2,2.17,1.94,1.21,2.54,1.6,1.11,3.94,2.14,2.04,1.6,0.21,0.17,1.46,0.18,1.12,0.06,0.12,11.96,1.31,6.03,3.95,3.41,2.2,0.54,0.43,1.01,0.15,0.42,0.02,0.1,0.11,4.29,5.67,0.15,0.15,0.14,0.01,1.25,1.43,0.71,0.2,0.06,13.76
"2010_Asbridge,Thomas_TheCrusades_HIST.txt",CONT_HIST,219119,28.31,28.41,74,0.83,48.16,6.01,3,0.07,0.09,0.04,2.01,0.81,3.01,10.16,7.07,4.72,4.67,1.2,0.58,2.6,17.13,5.59,0.51,2.01,1.25,0.02,5.54,0.21,0.05,0.34,5.2,2.45,2.7,0.46,1.42,0.45,12.61,1.41,1.49,0.88,1.68,1.06,0.88,4.56,1.3,0.76,0.28,0.14,0.26,1.39,0.47,0.45,0.04,0.47,14.54,1.89,7.51,4.99,1.44,2.82,0.31,0.12,0.66,2.24,0.47,0.01,0.05,0.07,3.9,6.2,0.15,0.18,0.03,0,2.62,0.01,2.33,0.3,0.01,14.88
"2010_Blum,Deborah_ThePoisonersHandbook_HIST.txt",CONT_HIST,88168,18.88,26.27,78.68,0.62,48.58,8.16,4.31,0.18,0.07,0.09,2.93,1.04,3.85,10.11,9.72,6.22,6.5,1.56,0.62,2.88,14.01,4.86,0.91,2.49,1.56,0.04,7.79,0.43,0.16,0.74,4.71,1.94,2.73,0.37,1.43,0.39,13.22,2.15,1.49,1.25,1.74,1.12,0.8,3.9,1.4,2.01,0.83,0.33,0.51,4.61,1.28,2.44,0.06,1.29,13.3,1.62,6.71,4.75,3.21,1.67,1.14,0.65,0.82,0.15,1.41,0.05,0.1,0.11,5.35,6.69,0.25,0.28,0.1,0.01,1.47,1.22,1.49,0.17,0.11,16.73
"2010_Gamble,Bruce_FortressRabaul_HIST.txt",CONT_HIST,132461,18.7,26.77,70.97,0.89,47.11,5.29,3.01,0.24,0.25,0.04,1.54,0.95,2.28,10.58,7.34,4.73,5.35,1.1,0.4,2.49,15.26,4.71,0.78,2.46,2.69,0.03,5.42,0.06,0.03,0.28,4.85,1.69,3.11,0.27,1.73,0.68,11.41,1.21,1.46,0.75,1.4,0.88,0.61,4.01,1.38,1.15,0.43,0.18,0.45,0.99,0.43,0.38,0.03,0.18,16.2,2.52,8.06,5.53,1.51,2.09,0.56,0.1,0.26,0.14,0.4,0.02,0.08,0.05,5.39,6.14,0.16,0.09,0.02,0.02,2.29,1.34,0.88,0.19,0.04,15.76
"2010_Gwynne,SC_EmpireoftheSummerMoon_HIST.txt",CONT_HIST,134849,20.92,22.7,78.27,0.55,52.98,9.54,5.56,0.25,0.18,0.11,2.74,2.28,3.98,9.32,10.02,6.62,7.25,1.51,0.63,3.38,14.51,5.76,1.13,2.67,1.98,0.03,9.48,0.41,0.08,1.08,4.6,1.83,2.75,0.29,1.59,0.42,13.7,1.52,1.2,1.06,2.04,1.32,0.55,5.01,1.56,1.81,0.87,0.32,0.5,2.17,0.65,1.16,0.12,0.3,14.63,2,7.61,4.94,1.27,1.45,0.7,0.31,0.51,0.19,0.72,0.04,0.06,0.13,5.51,6.67,0.25,0.18,0.03,0.01,1.41,0.98,0.64,0.19,0.03,15.56
"2010_Heilemann,John_GameChange_HIST.txt",CONT_HIST,149696,16.35,22.86,78.85,0.37,52.74,11.74,7.61,0.82,0.37,0.53,5.05,0.84,4.13,8.36,12.74,8.09,7.4,3.25,0.9,3.45,14.52,5.2,1.39,2.26,1.26,0.12,11.7,0.26,0.15,0.47,4.43,2.39,1.98,0.44,0.74,0.34,13.75,1.96,1.23,1.56,1.83,1.17,0.55,4.28,1.81,2.33,0.7,0.99,0.52,1.1,0.47,0.32,0.17,0.19,14.47,2.01,6.91,5.29,2.3,2.06,0.98,0.35,0.71,0.19,0.12,0.08,0.09,0.12,5.81,6.81,0.3,0.24,0.34,0.13,1.62,2.2,2.52,0.15,0.06,19.62
"2010_Lewis,Michael_TheBigShort_HIST.txt",CONT_HIST,88193,18.35,20.52,83.57,0.91,53.35,12.08,6.99,0.93,0.46,0.66,3.02,1.93,5.08,7.87,13.15,8.17,8.07,3.04,0.7,3.61,13.86,4.96,1.59,3.21,1.68,0.16,10.61,0.16,0.11,0.84,4.42,2.38,1.98,0.44,0.51,0.48,14.94,2.44,1.64,1.56,2.75,1.33,0.45,3.77,2.08,1.99,0.58,1.02,0.32,0.84,0.35,0.32,0.1,0.09,13.13,1.63,6.97,4.49,3.77,1.66,0.83,0.87,5.28,0.1,0.11,0.05,0.05,0.19,5.34,5.9,0.37,0.16,0.23,0.08,1.45,2.61,2.39,0.12,0.4,18.71
"2010_McGuire,DanielleL_AttheDarkEnd_HIST.txt",CONT_HIST,89656,23.87,25.47,75.8,0.74,45.78,8.46,5.47,0.51,0.32,0.28,3.13,1.22,2.99,8.9,7.98,4.36,5.01,1.84,0.53,2.32,14.26,5.75,1,1.75,1.27,0.08,11.29,0.45,0.13,2.05,5.13,1.93,3.15,0.55,1.97,0.31,12.55,1.47,1.15,0.98,1.42,0.95,0.82,4.82,1.37,3.59,2.33,0.81,0.36,1.79,0.53,0.33,0.82,0.18,13.82,2.14,7.05,4.36,2.66,1.73,0.75,0.47,0.57,0.4,0.38,0.02,0.05,0.14,5.21,6.93,0.05,0.14,0.08,0.04,1.59,4.55,1.54,0.23,0.02,20.02
"2010_Puleo,Stephen_DarkTide_HIST.txt",CONT_HIST,82359,22.25,24.44,76.47,0.85,49.69,8.25,4.51,0.35,0.18,0.24,2.87,0.86,3.74,9.85,9.28,6.08,5.97,1.74,0.82,2.49,14.84,5.59,0.97,2.24,1.49,0.02,7.63,0.3,0.17,0.65,4.22,1.87,2.32,0.43,0.94,0.48,12.96,1.52,1.21,1.35,1.59,0.9,0.76,4.79,1.44,2.13,0.67,0.67,0.63,1.86,0.84,0.62,0.06,0.45,15.37,1.75,7.97,5.4,3,1.97,0.56,0.58,0.77,0.19,0.51,0.04,0.06,0.11,4.46,6.92,0.33,0.15,0.18,0.05,1.16,1.63,1.08,0.12,0.08,15.85
"2010_Ridley,Matt_TheRationalOptimist_HIST.txt",CONT_HIST,114326,24.38,24.46,77.21,0.96,50.49,7.18,2.73,0.33,0.15,0.43,0.55,1.26,4.46,8.35,9.37,6.53,3.28,4.45,0.8,3.56,15.18,6.22,1.15,3.23,1.58,0.02,5.8,0.14,0.09,1.28,4.21,2.59,1.61,0.25,0.53,0.45,14.07,1.44,2.03,1.21,2.34,1.13,0.53,4.27,2.25,1.32,0.35,0.27,0.47,1.64,0.39,0.6,0.11,0.6,13.96,1.89,6.95,4.99,2.99,2.12,0.62,0.25,2.43,0.19,0.29,0.03,0.1,0.12,4.25,6.2,0.37,0.26,0.15,0.01,2.22,0.01,1.49,0.29,0.05,14.85
"2010_Snyder,Timothy_Bloodlands_HIST.txt",CONT_HIST,166893,22.75,24.93,76.07,1.33,50.89,6.32,2.82,0.1,0.11,0.03,1.06,1.51,3.51,10.45,9.3,6.4,6.46,1.29,0.68,2.69,16.13,5.63,0.92,2.69,1.77,0.01,6.76,0.24,0.08,1.07,4.53,1.64,2.84,0.34,1.73,0.41,13.09,1.7,1.5,1.36,2.07,1.01,0.63,3.91,1.71,0.75,0.38,0.14,0.19,0.99,0.27,0.38,0.06,0.32,13.54,1.59,7.34,4.33,2.18,2.08,0.5,0.28,0.28,1.26,1.59,0.01,0.05,0.07,4.87,6.14,0.34,0.23,0.04,0.01,0.95,1.02,0.44,0.24,0,14.08
"2010_Wilkerson,Isabel_TheWarmthofOtherSuns_HIST.txt",CONT_HIST,208345,17.02,17.09,84.1,0.3,56.1,12.42,8.23,0.8,0.24,0.59,4.66,1.93,4.19,8.86,12.89,7.38,7.65,3.25,0.89,3.52,15.23,6.35,1.65,2.34,1.29,0.02,12.51,0.76,0.14,1.4,3.08,1.69,1.36,0.27,0.45,0.39,14.74,1.53,1.12,1.76,1.98,1.05,0.56,5.54,2,3.01,1.68,0.75,0.46,1.67,0.59,0.67,0.08,0.34,17.11,2.72,8.86,5.3,1.74,1.35,0.77,0.83,0.71,0.3,0.29,0.06,0.09,0.2,5.74,5.76,0.06,0.05,0.17,0.02,1.02,2.2,1.52,0.02,0.01,16.21
"2010_WiseBauer,Susan_TheHistoryoftheMedievalWorld_HIST.txt",CONT_HIST,224371,26.83,24.09,76.67,0.65,51.33,8.43,5.5,0.11,0.12,0.11,4.06,1.1,2.93,10.87,8.4,5.39,6.2,1.21,0.45,2.39,15.97,5.49,0.94,2.14,1.47,0.01,9.52,0.81,0.08,0.57,4.28,2.05,2.18,0.26,1.25,0.37,11.93,1.11,1.27,0.82,1.12,0.83,0.74,4.78,1.54,1.01,0.31,0.26,0.29,1.02,0.48,0.38,0.04,0.15,14.84,1.97,7.83,4.82,1.23,2.96,0.39,0.25,0.49,1.6,0.64,0.01,0.08,0.09,4.33,6.73,0.39,0.6,0.02,0.01,1.44,1.2,0.87,0.27,0.07,15.61
"2011_Baldacci,David_OneSummer_HIST.txt",CONT_HIST,73940,8.82,12.92,86.71,0.1,57.04,17.79,13.03,3.01,0.48,2.28,6.41,0.85,4.75,6.74,16.07,8.6,7.84,6.2,0.81,4.79,12.97,5.95,1.71,2.12,0.93,0.15,15.32,1.01,0.12,1,4.58,2.92,1.63,0.32,0.52,0.4,14.57,1.86,0.91,1.34,1.87,1.18,0.52,5.36,2.08,4.35,1.83,1.38,1.01,2.78,1.65,0.51,0.25,0.42,16.24,2.77,7.95,5.53,0.91,1.15,1.05,0.84,0.34,0.24,0.24,0.47,0.16,0.21,9.95,5.62,0.02,0.11,1.32,0.09,0.66,8.08,3.21,0,0,28.77
"2011_Bradely,Rusty_LionsofKandahar_HIST.txt",CONT_HIST,87685,13.81,18.78,79.58,0.27,52.96,11.9,8.91,3.28,2.02,0.52,1.98,1.11,2.99,9.85,11.15,5.83,6.68,2.87,0.58,3,14.61,5.67,1.09,2.09,1.49,0.15,9.65,0.1,0.06,0.45,4.42,1.92,2.47,0.25,1.52,0.28,14.51,1.27,1.15,1.43,1.39,1.04,0.8,6.66,1.46,3.04,1.16,0.84,1.03,2.06,1.17,0.49,0.08,0.36,16.6,2.75,9,4.64,1.52,1.79,1.25,0.36,0.44,0.18,0.25,0.09,0.07,0.19,7.01,5.57,0.07,0.05,0.21,0.13,1.22,1.82,1.3,0.05,0.01,16.97
"2011_Ferguson,Niall_Civilization_HIST.txt",CONT_HIST,114655,27.68,27.57,73.53,1.72,49.33,5.99,2.32,0.16,0.34,0.11,0.85,0.87,3.66,10.34,7.8,5.72,4.37,2.29,0.47,2.76,16.27,5.43,0.87,2.62,1.57,0.02,4.99,0.14,0.05,0.75,4.1,2.27,1.8,0.22,0.92,0.33,12.23,1.48,1.49,0.82,1.65,1.31,0.54,3.93,1.63,1,0.48,0.18,0.26,0.98,0.33,0.44,0.09,0.15,13.33,1.3,7.63,4.2,2.78,2.34,0.51,0.18,1.42,0.93,0.47,0.01,0.09,0.16,4.87,5.49,0.29,0.3,0.16,0.02,2.42,0,2.2,0.53,0.03,16.14
"2011_Ferling,John_Independence_HIST.txt",CONT_HIST,151958,24.28,28.78,75.99,0.56,50.42,8.29,3.8,0.11,0.23,0.06,2.58,0.81,4.49,9.18,9.96,6.74,6.42,1.48,1.13,2.47,15.43,5.18,0.98,2.59,1.57,0.02,7.5,0.27,0.19,0.44,4.95,2.62,2.27,0.37,1.13,0.43,14.35,1.85,1.64,1.59,2.15,1.33,0.79,4.01,1.61,1.14,0.3,0.45,0.32,0.95,0.37,0.29,0.15,0.17,13.71,1.94,6.36,5.2,2.56,2.04,0.41,0.35,0.74,0.43,0.43,0.02,0.07,0.06,4.67,5.91,0.08,0.11,0.02,0.02,0.92,2.84,1.2,0.19,0.06,15.86
"2011_Fukuyama,Francis_TheOriginsofPoliticalOrder_HIST.txt",CONT_HIST,181095,29.77,29.47,76.76,0.4,49.7,6.33,2.19,0.1,0.17,0.04,0.53,1.35,4.15,10.16,7.47,5.39,3.75,2.63,0.39,2.44,16.69,5.91,1.03,2.71,1.17,0.01,6.49,0.34,0.04,1.16,3.79,2.17,1.57,0.19,0.7,0.26,14.18,1.52,2.35,0.91,1.72,1.4,0.82,4.28,2.11,0.6,0.24,0.1,0.19,0.57,0.18,0.31,0.03,0.06,14.07,1.48,7.42,4.33,3.43,3.48,0.49,0.27,1.19,0.91,0.22,0,0.13,0.22,3.88,5.04,0.12,0.29,0.04,0,1.18,0.46,0.55,0.2,0.01,11.46
"2011_Graeber,David_Debt_HIST.txt",CONT_HIST,168057,29.24,24.58,82.32,0.24,54.86,9.55,3.61,0.31,0.73,0.23,1.05,1.28,5.95,8.4,10.97,7.61,4.01,4.96,0.82,4.37,15.9,6,1.18,3.57,1.38,0.01,7.83,0.32,0.14,1.15,4.47,2.91,1.51,0.21,0.71,0.23,17.22,2.39,2.09,1.48,3.56,2.06,0.6,4.03,2.58,0.94,0.33,0.27,0.27,0.89,0.31,0.27,0.12,0.2,12.26,1.36,6.12,4.48,2.63,2.04,0.57,0.28,3.43,0.8,0.23,0.03,0.07,0.15,3.77,7.36,0.47,0.28,0.22,0.03,0.9,1.27,0.98,0.3,0.01,15.5
"2011_Henderson,Bruce_FatalNorth_HIST.txt",CONT_HIST,90154,17.41,19.44,80.38,0.3,54.37,10.32,6.65,0.81,0.39,0.27,3.28,1.9,3.67,9.13,12.25,7.59,7.61,2.61,0.95,3.22,15.05,5.92,1.44,2.54,1.57,0.04,9.38,0.11,0.09,0.73,3.95,2.13,1.77,0.33,0.48,0.5,14.49,1.83,1.11,1.69,2.14,1.01,0.72,4.96,2.01,2.34,0.85,0.58,0.71,2.41,0.91,0.78,0.03,0.74,16.11,2.34,8.02,5.58,1.3,1.59,0.72,0.27,0.27,0.16,0.41,0.05,0.1,0.09,5.51,6.52,0.15,0.18,0.24,0.06,0.76,1.78,0.83,0.03,0.03,15.81
"2011_Larson,Erik_IntheGardenofBeasts_HIST.txt",CONT_HIST,111626,18.86,23.55,78.5,0.51,50.94,10.61,6.73,0.83,0.25,0.36,4.48,0.83,3.88,8.55,10.5,6.04,6.63,2.34,0.74,3.15,14.74,5.81,0.94,2.18,1.24,0.01,11.15,0.43,0.3,0.72,4.91,2.79,2.06,0.43,0.72,0.4,13.95,2.17,1.14,1.28,1.79,1.2,0.66,4.5,1.57,1.95,0.76,0.61,0.48,1.3,0.49,0.38,0.17,0.29,14.05,2.11,6.65,5.04,2.18,1.5,0.97,0.6,0.46,0.54,0.3,0.04,0.09,0.09,5.23,6.6,0.19,0.13,0.11,0.07,0.95,3.51,1.14,0.07,0.03,17.7
"2011_Mann,CharlesC_1493UncoveringtheNewWorld_HIST.txt",CONT_HIST,147399,18.95,27.41,71.98,0.73,47.48,6.33,2.98,0.25,0.06,0.03,1.1,1.54,3.35,9.76,8.17,5.43,5.08,1.98,0.49,2.36,15.27,4.92,0.86,2.88,1.88,0.02,5.85,0.25,0.08,0.75,3.81,1.9,1.89,0.28,0.81,0.35,11.82,1.29,1.49,0.94,1.78,0.92,0.68,4.03,1.31,1.47,0.48,0.26,0.48,1.72,0.48,0.56,0.13,0.59,14.35,1.84,7.92,4.52,2.19,1.94,0.59,0.4,1.4,0.37,0.38,0.01,0.04,0.18,5.44,6.94,0.29,0.36,0.05,0.03,1.53,1.31,1.02,0.43,0.1,17.27
"2011_McCullough,David_TheGreaterJourney_HIST.txt",CONT_HIST,159062,20.51,21.73,79.3,0.54,53.07,9.02,5.84,0.7,0.23,0.17,3.95,0.79,3.19,9.22,10.27,6.4,6.63,2.22,0.63,3.13,16.14,5.96,1.05,2.81,1.59,0.01,9.33,0.55,0.2,0.72,4.42,3.03,1.36,0.29,0.4,0.33,13.22,1.75,0.92,1.02,1.91,1.37,0.46,4.69,1.43,2.11,0.99,0.49,0.52,1.81,0.67,0.76,0.12,0.28,15.3,1.86,7.64,5.62,1.95,1.84,1.12,0.67,0.56,0.47,0.25,0.02,0.13,0.15,4.79,7.84,0.05,0.07,0.04,0.09,1.38,2.63,0.62,0.15,0.04,17.33
"2011_Millard,Candice_DestinyoftheRepublic_HIST.txt",CONT_HIST,93275,20.98,22.81,82.88,0.28,54.33,11.54,7.62,0.87,0.14,0.28,5.57,0.76,3.92,8.81,11.77,7.48,7.46,2.33,1.03,3.46,14.84,5.66,1.3,2.14,1.49,0.01,11.48,0.4,0.16,0.84,5.09,2.71,2.32,0.57,0.76,0.58,14.03,2.07,1.12,1.67,1.72,1.21,0.75,4.12,1.84,2.26,0.86,0.76,0.54,1.99,0.76,1,0.1,0.16,14.59,1.91,6.54,5.91,2.52,2.47,0.58,0.81,0.42,0.32,0.44,0.03,0.09,0.09,4.74,8.39,0.08,0.04,0.04,0.07,0.6,3.33,1.18,0.05,0.06,18.4
2011_MonteFiore_Jerusalem_HIST.txt,CONT_HIST,219182,22.53,26.53,73.7,0.76,48.01,7.78,4.94,0.37,0.19,0.17,3.18,1.02,2.85,10.69,7.42,4.79,5.03,1.47,0.46,2.76,14.32,5.9,0.65,1.75,1.27,0.03,8.55,0.67,0.12,0.59,4.69,2.55,2.12,0.29,1.15,0.42,11.42,1.22,0.96,0.7,1.2,0.86,0.59,4.65,1.52,1.16,0.51,0.28,0.27,1.35,0.57,0.35,0.17,0.31,12.98,1.51,6.68,4.64,1.26,2.26,0.81,0.51,0.46,3.77,0.7,0.02,0.05,0.1,4.54,6.99,0.61,0.19,0.07,0.07,1.87,2.39,1,0.21,0.01,17.36
"2011_Oreilly,Bill_KillingLincoln_HIST.txt",CONT_HIST,79448,15.74,21.56,78.34,0.41,51.04,9.12,5.83,0.34,0.13,0.12,4.06,1.18,3.29,9.48,9.65,6.6,2.11,5.78,1.02,3.48,14.35,5.62,1.13,2.07,1.66,0.05,9.12,0.25,0.1,0.76,4.75,2.28,2.4,0.38,1.23,0.47,12.37,1.47,0.96,0.97,1.47,1.08,0.71,4.51,1.67,2.12,0.87,0.55,0.63,2.38,1.18,0.61,0.18,0.46,16.05,2.3,7.58,5.9,1.49,1.77,0.99,0.87,0.42,0.21,0.75,0.03,0.06,0.11,6.41,6.06,0.15,0.05,0.07,0.04,1.17,1.16,1.72,0.02,0.02,16.47
"2011_Penn,Thomas_WinterKing_HIST.txt",CONT_HIST,140136,30.32,25.94,75.27,0.34,49.99,8.76,5.26,0.1,0.04,0.06,4.23,0.82,3.5,8.93,8.89,6.12,6.52,1.06,0.66,2.56,16.33,5.56,0.62,2.05,1,0.02,9.68,0.63,0.16,0.79,4.4,2.81,1.54,0.37,0.6,0.29,12.59,1.44,0.96,1.11,1.48,1.17,0.66,5,1.24,1.42,0.61,0.32,0.4,1.22,0.6,0.4,0.1,0.14,13.46,1.72,7.26,4.26,2.11,2.39,0.63,0.59,1.27,0.59,0.35,0.01,0.1,0.1,4.09,8.88,0.4,0.24,0.02,0,2.47,0,4.18,0.01,0.02,19.64
"2011_Pitre,Brant_JesusandtheJewishRoots_HIST.txt",CONT_HIST,56995,25.6,17.86,84.99,0.37,56.5,11.29,5.77,0.91,0.77,0.65,2.39,1.06,5.52,11.24,10.88,7.07,4.22,4.51,1.26,3.4,15.88,5.77,1.16,2.09,1.39,0.01,8.57,0.31,0.02,0.47,2.56,1.89,0.67,0.09,0.19,0.19,13.81,2.23,1.23,1.33,1.75,1.35,0.35,4.18,1.88,1.5,0.54,0.7,0.12,3.69,1.06,0.27,0.07,2.3,12.75,1.47,5.49,5.68,0.73,1.24,0.87,0.2,0.13,6.52,0.31,0.03,0.06,0.13,4.12,6.27,1.2,0.38,0.45,0.05,0.92,2.54,0.92,1.1,0.01,18.61
"2011_Stearns,Jason_DancingintheGlory_HIST.txt",CONT_HIST,124688,20.22,25.84,77.49,0.75,50.64,8.86,5.79,0.53,0.51,0.29,2.77,1.69,3.07,9.61,9.66,6.08,6.44,2.16,0.5,2.71,15.85,5.07,0.9,2.3,1.44,0.03,9.93,0.38,0.18,0.76,4.37,1.72,2.61,0.33,1.56,0.35,12.61,1.38,1.43,0.96,1.47,0.75,0.76,5,1.23,1.43,0.49,0.43,0.4,1.42,0.64,0.42,0.07,0.32,15,2.15,8.22,4.38,3.05,2.06,0.76,0.53,1.04,0.39,0.78,0.02,0.08,0.11,5.13,6.79,0.27,0.21,0.16,0.16,1.32,1.74,1.12,0.09,0.1,16.63
"2011_Woodard,Colin_AmericanNations_HIST.txt",CONT_HIST,109950,28.2,31.74,72.66,0.8,46.48,5.82,2.77,0.06,0.25,0.04,0.45,1.97,3.05,9.67,6.98,4.83,4.05,1.61,0.64,2.13,15.3,5.9,0.71,2.67,1.31,0.02,6.51,0.23,0.13,0.86,4.64,2.43,2.16,0.29,1.19,0.41,13.06,1.14,1.76,1.01,1.58,1.02,1.02,4.96,1.44,0.87,0.45,0.17,0.19,0.81,0.22,0.27,0.19,0.15,14.65,1.45,8.8,4.1,2.83,2.65,0.4,0.36,0.94,0.96,0.35,0.01,0.07,0.09,4.18,6.97,0.19,0.23,0.04,0.01,1.79,1.89,1.12,0.43,0.01,16.53
"2011_Zweig,Stefan_TheWorldofYesterday_HIST.txt",CONT_HIST,141473,27.67,22.54,83.62,0.11,57.1,11.88,6.66,2.59,0.9,0.07,1.95,1.14,5.22,8.87,9.93,6.53,6.61,1.98,0.51,3.5,15.82,6.63,1.52,3.09,1.57,0.01,7.9,0.22,0.21,0.77,5.6,3.43,2.09,0.45,0.83,0.43,16.1,2.16,1.38,1.17,2.12,1.87,0.66,5.26,2.24,1.85,0.73,0.48,0.5,1.41,0.57,0.49,0.19,0.2,14.33,1.52,6.87,5.78,1.95,1.98,1.27,0.46,0.57,0.58,0.38,0.02,0.09,0.12,3.42,6.57,0.14,0.54,0.13,0.09,1.22,0.81,0.38,0.08,0.01,13.14
"2012_Ackroyd,Peter_Tudors_HIST.txt",CONT_HIST,176235,22.36,21.62,80.56,0.46,55.91,10.49,6.56,0.54,0.18,0.32,4.5,1.03,3.93,10.53,10.75,7.65,6.91,1.8,0.97,2.78,16.32,5.73,1.04,2.2,1.1,0.02,10.25,0.35,0.08,0.77,4.31,2.33,1.94,0.38,0.8,0.41,12.86,1.54,1.06,1.18,1.83,1.12,0.69,4.28,1.65,1.26,0.4,0.52,0.26,1.16,0.57,0.36,0.11,0.15,12.89,1.76,6.29,4.63,1.5,2.09,0.47,0.32,0.48,2.12,0.44,0.03,0.09,0.05,4.82,5.14,0.05,0.73,0.1,0.08,0.47,0.02,3.45,0.04,0.06,14.84
"2012_Applebaum,Anne_IronCurtain_HIST.txt",CONT_HIST,193957,26.98,27.38,78.6,0.91,50.38,7.49,3.75,0.29,0.27,0.09,1.58,1.52,3.74,9.67,9.23,6.1,6.19,1.67,0.63,3.26,15.47,5.82,1.13,2.74,1.12,0.01,9.16,0.2,0.16,0.76,4.88,2.79,2.06,0.33,0.99,0.36,14.26,1.91,1.74,1.08,1.93,1.23,0.72,4.39,1.69,1.15,0.43,0.37,0.27,0.71,0.22,0.29,0.06,0.15,14.92,1.83,7.72,5.05,3.75,2.56,1.46,0.37,0.64,0.71,0.39,0.03,0.17,0.1,4.33,7,0.38,0.11,0.07,0.03,0.95,2.47,0.94,0.19,0.01,16.27
"2012_Caro,RobertA_ThePassageofPower_HIST.txt",CONT_HIST,377740,17.99,22.67,77.26,1.61,51.19,10.87,6.39,0.91,0.34,0.43,3.99,0.73,4.48,8.23,12.35,7.94,7.33,2.97,1.02,3.21,13.93,5.21,1.43,2.05,1.24,0.05,10.51,0.2,0.12,0.67,3.28,1.87,1.37,0.27,0.5,0.31,13.75,1.9,1.25,1.66,1.81,1.27,0.61,4.05,1.74,2.32,0.69,1.1,0.48,1.12,0.43,0.36,0.12,0.23,13.63,1.95,6.32,5.12,3.3,2.31,0.65,0.57,0.75,0.17,0.21,0.11,0.09,0.07,5.69,9.45,1.15,0.59,0.14,0.04,1,5.24,2.09,0.35,0.08,25.74
"2012_Diamond,Jared_TheWorldUntilYesterday_HIST.txt",CONT_HIST,178027,27.36,27.59,79.18,0.89,50.24,8.21,4.02,0.95,0.86,0.32,0.59,1.3,4.2,7.2,8.14,5.79,2.52,4.17,0.71,3.28,15.79,7.06,1.05,3.4,1.2,0.01,9.98,0.55,0.24,2.35,4.5,1.91,2.54,0.42,1.21,0.48,15.33,1.95,1.85,1.07,2.7,0.91,0.67,5.31,2.39,1.3,0.33,0.34,0.35,2.19,0.5,1.06,0.07,0.69,14.31,1.54,7.24,5.15,1.97,1.75,0.72,0.34,0.79,0.54,0.7,0.02,0.07,0.07,3.78,6.29,0.32,0.18,0.15,0.15,2.2,0.58,1.25,0.51,0.16,15.09
"2012_Gertner,Jon_TheIdeaFactory_HIST.txt",CONT_HIST,126310,22.97,26.1,78.09,0.54,50.38,8.16,3.77,0.31,0.23,0.21,2.25,0.76,4.39,9.34,10.19,6.84,5.91,2.13,0.99,3.49,14.92,5.56,0.89,2.58,1.35,0.02,7.6,0.12,0.2,0.5,3.56,2.24,1.29,0.16,0.32,0.19,15.04,2.48,1.58,1.83,2.53,1.15,0.44,4.23,1.74,1.27,0.42,0.46,0.29,0.82,0.24,0.26,0.02,0.31,15.18,1.68,7.67,5.42,4.62,2.57,0.77,0.5,0.93,0.11,0.14,0.02,0.09,0.14,4.81,6.53,0.16,0.23,0.12,0.01,1.15,2.06,1.38,0.22,0.23,16.63
"2012_Gibbs,Nancy_ThePresidentsClub_HIST.txt",CONT_HIST,192028,19.8,22.42,79.85,0.62,51.83,10.59,6.25,1,0.34,0.53,3.58,0.8,4.33,8.51,11.93,7.2,6.58,3.35,0.96,3.49,14.41,5.58,1.28,2.51,1.34,0.09,10.8,0.33,0.18,0.67,4.91,2.91,1.94,0.35,0.81,0.36,14.42,2.03,1.38,1.71,1.91,1.2,0.71,4.2,1.97,1.84,0.65,0.71,0.41,0.93,0.32,0.27,0.15,0.22,14.52,2.01,6.63,5.63,3.3,2.68,0.93,0.57,0.54,0.26,0.28,0.04,0.1,0.12,5.36,5.97,0.38,0.4,0.16,0.03,1.02,3.15,1.83,0.1,0.04,18.13
"2012_Hitchcock,James_HistoryoftheCatholicChurch_HIST.txt",CONT_HIST,221593,25.55,30.42,76.85,0.66,48.88,6.15,2.51,0.07,0.01,0.01,1.46,0.96,3.64,10.98,7.53,5.17,5.36,1.08,0.32,2.48,15.98,5.77,0.78,2.53,0.98,0.03,6.5,0.32,0.03,0.89,4.38,2.65,1.69,0.22,0.74,0.34,13.66,2.1,1.86,0.67,1.97,1.16,0.81,3.94,1.6,0.63,0.29,0.14,0.12,0.95,0.26,0.45,0.18,0.09,11.92,1.38,6.21,4.04,2.05,2.38,0.4,0.12,0.46,5.75,0.4,0.01,0.04,0.08,4.09,6.66,0.1,0.12,0.01,0,1.02,1.16,0.58,1,0,15.26
"2012_Holland,James_DamBusters_HIST.txt",CONT_HIST,142514,20.77,20.45,79.03,0.86,55,8.32,4.41,0.26,0.17,0.2,2.58,1.2,3.91,9.17,12.39,8.75,8.42,1.86,0.9,4.3,14.99,6.5,1.18,2.8,1.66,0.03,6.76,0.16,0.07,0.33,4,1.88,2.08,0.27,0.93,0.47,14.35,1.54,1.27,1.53,1.9,1.33,0.53,4.84,2.03,1.53,0.57,0.39,0.46,1.13,0.41,0.31,0.07,0.35,16.98,2.27,8.54,5.96,1.75,1.85,0.7,0.28,0.23,0.18,0.22,0.05,0.11,0.08,4.95,7.33,0.1,0.16,0.07,0.04,2.23,0.03,2.4,0.04,0.03,16.71
"2012_Israel,Elisha_IntoEgyptAgainwithShips_HIST.txt",CONT_HIST,31557,23.25,20.15,78.44,1.39,54.18,11.26,6.6,0.89,0.45,1.48,2.1,1.68,4.66,9.34,10.71,7.64,3.57,4.49,1.55,2.57,14.68,6.84,1.35,2,0.87,0.01,10.01,0.54,0.01,1.24,2.99,1.74,1.25,0.2,0.44,0.31,13.45,1.68,1.27,0.98,1.26,1.5,0.34,5.23,1.86,1.95,0.98,0.58,0.24,1.26,0.68,0.27,0.15,0.22,10.75,1.45,5.51,3.66,1.01,1.22,0.38,0.21,0.48,4.31,0.32,0.03,0.05,0.05,4.99,6.78,1.75,0.52,0.28,0.03,1.02,0.92,0.51,0.39,0.44,17.52
"2012_James,GeorgeGM_StolenLegacy_HIST.txt",CONT_HIST,55580,17.26,25.9,72.85,1.88,50.56,7.84,3,0.35,0.52,0.06,1.18,0.89,4.83,11.06,7.96,5.82,3.39,3.4,0.53,2.1,15.91,6.55,0.67,1.54,0.96,0,5.63,0.09,0.06,0.59,3.1,2.26,0.83,0.14,0.35,0.12,14.54,1.93,2.23,0.7,1.64,1.36,0.59,5.31,1.37,0.85,0.25,0.3,0.26,0.9,0.31,0.49,0.03,0.08,10.22,1.25,5,3.56,2.61,2.12,0.7,0.05,0.38,1.65,0.3,0.02,0.04,0.06,6.92,6.3,0.63,1.13,0.06,0,0.99,0.35,0.77,2.4,0.01,21.48
"2012_Jones,Dan_ThePlantagenets_HIST.txt",CONT_HIST,200629,22.77,24.55,75.02,0.79,50.67,8.02,4.85,0.14,0.06,0.08,3.65,0.92,3.18,9.55,8.72,6.16,6.53,0.98,0.57,2.27,16.95,5.69,0.68,2.08,1.07,0.03,8.5,0.67,0.1,0.6,5.2,2.73,2.41,0.31,1.34,0.44,11.89,1.05,1.12,0.94,1.19,1,0.7,5,1.27,0.98,0.36,0.22,0.32,1.12,0.51,0.41,0.07,0.15,13.54,1.69,7.02,4.64,1.46,2.97,0.46,0.25,1.1,0.82,0.6,0.01,0.07,0.06,4.46,5.51,0.28,0.15,0.03,0.02,1.46,0.02,1.85,0.13,0.01,13.64
"2012_Kaplan,RoberD_TheRevengeofGeography_HIST.txt",CONT_HIST,115400,30.68,28.41,71.88,0.47,49.42,5.73,1.51,0.2,0.34,0.02,0.45,0.5,4.23,10.28,7.11,5.42,2.19,3.48,0.78,2.87,16.56,6.39,0.75,2.56,1.16,0,3.47,0.03,0.05,0.41,3.79,1.92,1.85,0.32,0.97,0.3,13.12,1.36,1.75,0.77,1.31,1.02,0.72,5.3,1.4,0.87,0.34,0.15,0.29,0.52,0.19,0.23,0.04,0.08,14.95,1.28,9.38,3.93,1.57,2.19,0.3,0.12,0.51,0.53,0.35,0.01,0.1,0.11,3.79,7.63,0.37,0.18,0.06,0.01,1.94,1.19,0.95,0.18,0.05,15.69
"2012_King,Thomas_TheInconvenientIndian_HIST.txt",CONT_HIST,76681,18.65,22.58,77.5,1.01,52,8.13,3.77,1.08,0.68,0.36,0.59,1.05,4.36,9.83,10.8,7.48,4.99,4.24,0.76,3.02,14.63,6.55,1.51,2.6,1.43,0.05,6.94,0.23,0.06,0.94,4.16,2.41,1.71,0.15,0.83,0.29,14.81,1.64,1.27,1.3,2.08,1.19,0.62,5.39,2.05,1.46,0.76,0.37,0.25,0.92,0.37,0.35,0.08,0.14,13.57,1.53,7.63,4.12,2.6,1.65,1.17,0.38,0.97,0.43,0.53,0.05,0.11,0.08,5.33,7.6,0.07,0.02,0.17,0,1.49,1.4,1.41,0.22,0.08,17.38
"2012_Makos,Adam_AHigherCall_HIST.txt",CONT_HIST,120020,13.8,19.91,75.03,0.45,48.96,10.49,7.61,0.46,0.21,0.35,5.01,1.58,2.88,9.76,10.99,5.79,8.14,1.59,0.61,2.71,13.38,5.07,0.86,1.41,1.47,0.05,11.62,0.29,0.17,0.71,3.91,1.62,2.26,0.38,1.13,0.43,12.05,1.58,0.98,1.33,1.19,0.68,0.74,4.52,1.52,3.64,1.78,0.9,0.77,2.11,1.32,0.36,0.07,0.42,15.02,2.7,7.57,4.81,1.34,1.35,0.93,0.4,0.21,0.24,0.39,0.03,0.04,0.17,7.05,5.53,0.1,0.01,0.17,0.16,1.59,2.27,1.8,0.03,0.18,18.23
"2012_Malone,MicahelS_FourPercent_HIST.txt",CONT_HIST,76835,23.79,23.99,75.87,1.28,49.17,7.07,3.23,0.27,0.1,0.08,1.98,0.81,3.84,9.95,7.83,5.26,4.85,1.77,0.56,3.19,15.26,5.66,0.68,2.77,1.67,0.01,6.65,0.27,0.08,1.1,3.82,2.59,1.22,0.19,0.46,0.29,12.86,1.6,1.4,0.84,1.68,1.2,0.62,4.37,1.41,1.15,0.58,0.22,0.24,1.21,0.45,0.59,0.06,0.12,16.32,1.97,7.38,6.77,4.1,3.72,0.89,0.28,0.45,0.26,0.3,0.01,0.06,0.09,4.93,6.97,0.29,0.25,0.08,0.01,1.57,0.78,0.92,0.36,0.07,15.91
"2012_OConnor,AnneMarie_TheLadyinGold_HIST.txt",CONT_HIST,107279,14.11,23.53,74.38,0.53,47.51,9.48,6.49,0.85,0.17,0.44,3.96,1.07,2.99,9.42,10.71,6.51,7.23,2.16,0.7,2.59,13.98,4.35,0.9,1.44,0.91,0.02,11.55,1.21,0.26,1.07,4.85,2.88,1.91,0.41,0.68,0.45,10.85,1.48,0.84,1.12,1.32,0.77,0.6,3.85,1.28,2.27,0.93,0.71,0.48,1.88,0.74,0.51,0.4,0.32,12.52,1.69,6.28,4.57,1.63,1.34,1.72,0.84,0.75,0.78,0.5,0.03,0.08,0.2,6.83,6.61,0.15,0.06,0.25,0.18,1.69,2.76,1.71,0.07,0.04,19.69
"2012_Oreilly,Bill_KillingKennedy_HIST.txt",CONT_HIST,87627,15.88,22.27,77.91,0.58,49.65,8.75,5.45,0.26,0.16,0.19,4.15,0.69,3.3,9.53,9.81,6.78,2.02,6.14,0.88,3.47,14.07,5.1,1.12,1.88,1.61,0.05,9.73,0.51,0.13,1.03,4.31,2.21,2.03,0.36,0.85,0.43,11.95,1.6,1.16,0.83,1.37,1.02,0.71,3.93,1.65,2.12,1.02,0.49,0.56,1.79,0.9,0.54,0.19,0.22,15.25,2.13,7.23,5.71,2.98,2.58,1.02,0.8,0.5,0.28,0.49,0.03,0.06,0.11,6.43,5.27,0.21,0.03,0.08,0.02,1.5,1.35,1.8,0.07,0.52,16.75
"2012_Rhodes,Richard_MakingoftheAtomicBomb_HIST.txt",CONT_HIST,319278,24.98,26.82,75.24,1.02,49.64,8.54,4.67,0.81,0.43,0.17,2.39,0.87,3.88,9.64,9.5,6,5.57,2.02,0.99,2.69,15.23,4.98,0.87,2.19,1.49,0.02,7.29,0.22,0.12,0.51,4.04,2.14,1.85,0.3,0.81,0.31,14.18,2.14,1.69,1.51,1.94,1.11,0.7,4.26,1.56,1.61,0.58,0.39,0.49,1.08,0.43,0.41,0.04,0.24,14.32,1.77,7.23,5.12,2.98,2.26,0.62,0.29,0.38,0.31,0.36,0.03,0.09,0.1,5.55,5,0.43,0.42,0.07,0.03,1.46,2.28,0.92,0.24,0.15,16.16
"2012_Richardson,Joel_MideastBeast_HIST.txt",CONT_HIST,86956,26.76,22.64,78.95,0.67,54.07,9.17,4.05,0.67,0.8,0.37,1.48,0.74,5.12,10.98,10.16,7.29,2.35,4.79,1.94,2.92,14.61,6.42,0.88,2.83,1.35,0.01,7.29,0.29,0.03,0.81,3.19,1.6,1.57,0.2,0.81,0.28,14.48,2.39,1.24,0.91,1.53,1.65,0.5,5.01,1.69,1.42,0.62,0.54,0.19,0.83,0.52,0.2,0.06,0.08,12.17,1.38,6.28,4.43,0.95,1.82,0.41,0.12,0.17,3.75,0.26,0.05,0.09,0.08,4.14,6.31,1.14,0.36,0.17,0.06,1.71,2.07,0.99,1.07,0.07,18.36
"2012_Sensoy,Ozlem_IsEveryoneREallyEqual_HIST.txt",CONT_HIST,89432,18.93,28.27,77.93,2.06,47.69,9.28,4.45,0.3,1.8,0.79,0.46,1.09,4.83,6.62,9.01,6.48,1.4,6.16,0.72,3.14,13.98,7.06,1.1,2.57,0.54,0,11.62,0.16,0.11,2.45,4.42,2.51,1.84,0.2,1.12,0.18,17.76,3.68,2.22,1.08,2.47,1.07,0.76,5.54,2.13,2.26,1.52,0.27,0.3,1.12,0.29,0.35,0.35,0.15,9.82,1.09,5.85,2.61,3.73,2.65,0.81,0.26,0.55,0.24,0.05,0.03,0.07,0.08,5.88,7.84,0.72,0.4,0.39,0.01,2.11,1.82,0.75,1.28,1.23,22.74
"2012_Talbot,David_SeasonoftheWitch_HIST.txt",CONT_HIST,148274,18.24,22.96,77.18,0.36,48.11,9.73,6.33,0.69,0.29,0.35,3.91,1.09,3.39,9.42,9.63,5.54,6.53,1.98,0.45,2.67,14.22,5.12,0.91,1.74,1.16,0.13,10.9,0.63,0.29,1.11,4.46,2.34,2.08,0.37,0.97,0.34,12,1.6,0.97,0.91,1.17,1,0.61,4.81,1.33,2.5,1.1,0.66,0.61,2.43,0.75,0.81,0.52,0.47,15.37,2.26,7.83,5.2,2.41,1.65,1.67,0.87,0.65,0.73,0.44,0.04,0.05,0.24,5.47,6.27,0.14,0.07,0.1,0.07,1.74,2.53,2.08,0.05,0.05,17.9
"2012_Walling,MichaelG_ForgottenSacrifice_HIST.txt",CONT_HIST,107115,18.62,22.89,71.68,1.17,48.61,6.33,3.81,0.74,0.62,0.08,1.31,1.07,2.52,10.43,8.56,5.45,6.28,1.21,0.37,2.5,15.47,5.61,0.78,2.02,2.04,0.04,5.27,0.05,0.08,0.48,4.38,1.36,3.01,0.29,1.57,0.7,11.85,1.1,0.99,0.8,1.39,0.72,0.77,5.35,1.23,1.87,0.77,0.29,0.67,1.31,0.53,0.39,0.02,0.39,16.03,2.39,8.44,5.05,1.07,1.64,0.61,0.19,0.35,0.13,0.39,0.14,0.16,0.05,5.52,6.23,0.26,0.15,0.03,0.04,3.03,0.57,0.75,0.3,0.03,15.83
"2013_Ambrose,Stephen_UndauntedCourage_HIST.txt",CONT_HIST,221279,20.29,22.1,77.78,0.67,53.39,9.76,5.97,0.64,0.43,0.15,3.25,1.51,3.79,10.01,10.54,6.51,6.49,2.25,0.87,2.8,15.6,5.72,1.02,2.54,1.61,0.01,9.37,0.22,0.14,0.81,4.14,2.57,1.54,0.28,0.55,0.33,14.2,1.67,1.35,1.5,2.04,1.13,0.53,4.78,1.74,1.49,0.65,0.3,0.42,1.42,0.53,0.42,0.12,0.4,14.2,2.2,7.16,4.55,1.86,1.63,0.79,0.19,0.82,0.13,0.21,0.02,0.1,0.03,5.6,6.55,0.23,0.28,0.08,0.02,0.95,2.35,0.73,0.27,0.23,17.17
"2013_Aslan,Reza_Zealot_HIST.txt",CONT_HIST,97194,24.97,23.43,76.81,0.66,51.49,8.36,3.96,0.29,0.09,0.31,2.29,0.97,4.4,10.6,9,6.22,3.74,3.6,0.87,2.74,15.77,5.51,1.23,2.21,1.17,0.01,7.99,0.55,0.07,0.6,3.34,1.85,1.47,0.2,0.74,0.28,13.08,1.77,1.28,0.96,1.74,1.47,0.47,4.04,1.83,1.22,0.47,0.35,0.32,0.91,0.42,0.29,0.07,0.16,11.45,1.46,5.9,3.95,1.28,1.78,0.38,0.26,0.49,5.1,0.52,0.03,0.05,0.08,4.56,6.36,1.16,0.35,0.15,0.04,1.51,2.12,1.32,0.89,0.04,18.67
"2013_Atkinson,Rick_TheGunsatLastLight_HIST.txt",CONT_HIST,272780,20.57,26.63,70.44,0.79,46.09,5.62,3.32,0.49,0.31,0.23,1.66,0.63,2.3,9.39,7.43,4.62,4.44,1.65,0.7,2.41,15.08,4.87,0.75,2.23,2.98,0.09,6.17,0.14,0.06,0.42,4.3,1.59,2.67,0.31,1.46,0.51,11.42,1.14,0.95,1.05,1.36,0.85,0.71,4.54,1.19,1.79,0.74,0.35,0.58,1.55,0.7,0.45,0.07,0.37,15.2,1.82,8.32,5,1.67,1.56,0.83,0.4,0.29,0.36,0.67,0.03,0.06,0.11,5.16,6.81,0.29,0.32,0.08,0.05,1.92,3.69,0.98,0.05,0.26,18.87
"2013_Beck,Glenn_MiraclesandMassacres_HIST.txt",CONT_HIST,83480,14.3,21.72,78.99,0.6,51.79,11.12,7.33,0.73,0.42,0.71,4.28,1.18,3.79,8.61,11.84,7.4,6.94,2.86,0.89,3.32,13.65,5.38,1.38,2.37,1.57,0.08,10.94,0.19,0.17,0.85,4.8,2.41,2.33,0.37,1.2,0.37,13.55,1.72,1.05,1.3,1.8,1.18,0.75,4.41,1.86,2.49,0.92,0.88,0.62,1.57,0.83,0.38,0.14,0.24,14.98,2.06,7.04,5.7,1.8,1.62,0.76,0.39,0.68,0.23,0.46,0.08,0.1,0.13,6.58,6.1,0.29,0.12,0.41,0.25,1.35,3.15,2.1,0.01,0.02,19.86
"2013_Boot,Max_AnEpicHistoryof_HIST.txt",CONT_HIST,200316,25.6,27.94,73.47,1.21,49.31,7.17,3.82,0.17,0.15,0.07,2.01,1.42,3.35,9.33,8.19,5.67,5.42,1.54,0.58,2.61,15.77,5.57,0.94,2.77,1.51,0.03,7.32,0.19,0.11,0.6,5.6,2.2,3.37,0.5,1.97,0.49,12.68,1.3,1.56,1.06,1.67,0.87,0.75,4.18,1.75,1.16,0.48,0.19,0.39,1.1,0.47,0.39,0.09,0.18,13.41,1.67,7.18,4.43,2.09,2.46,0.64,0.24,0.41,0.51,0.78,0.01,0.07,0.13,4.77,6.39,0.16,0.17,0.04,0.03,1.81,2.93,0.77,0.29,0.03,16.92
"2013_Brown,DanielJames_TheBoysintheBoat_HIST.txt",CONT_HIST,145603,20.69,20.02,78.28,0.36,52.33,8.78,5.54,0.14,0.07,0.17,3.21,1.95,3.24,9.8,8.78,5.15,5.89,1.6,0.53,3.26,16.63,5.96,0.82,2.58,1.85,0.03,8.27,0.25,0.08,0.9,3.39,2.11,1.26,0.29,0.36,0.31,12.87,1.22,0.85,1.06,1.83,1.14,0.48,5.4,1.63,2.52,1.01,0.5,0.87,1.96,0.87,0.49,0.05,0.58,18.4,2.29,9.63,6.27,1.85,1.86,1.4,0.71,0.43,0.18,0.12,0.02,0.1,0.12,4.85,6.86,0.17,0.11,0.04,0.1,1.38,0.81,1,0.02,0.02,14.85
"2013_Clarke,Erskine_BytheRiversofWater_HIST.txt",CONT_HIST,166793,27.31,23.5,79.62,0.25,52.69,9.23,5.87,0.23,0.14,0.06,3.05,2.39,3.36,9.59,10.48,6.15,7.4,1.68,0.55,2.95,15.6,7.74,0.75,2.11,0.81,0.01,10.75,0.57,0.19,1.13,4.36,2.67,1.65,0.36,0.58,0.37,15.21,2.05,1.08,1.25,1.88,0.8,0.59,6.71,1.5,2.06,1.06,0.51,0.33,1.36,0.43,0.56,0.11,0.28,14.3,2.12,7.55,4.4,1.9,1.61,0.6,0.56,0.6,1.39,0.3,0.01,0.08,0.07,4.14,6.02,0.06,0.13,0.09,0.02,0.36,1.32,0.63,0.03,0.01,12.7
"2013_Cleveland,WIlliamL_AHistoryoftheModerMiddleEast_HIST.txt",CONT_HIST,244519,25.79,32.22,72.87,1.28,47.07,5.29,2.06,0.04,0.14,0.01,0.88,0.98,3.24,12.04,5.78,4.07,4.13,0.89,0.34,1.53,17.09,5.42,0.51,2.09,0.93,0,5.14,0.17,0.04,0.48,4.29,2.4,1.84,0.3,0.94,0.35,12.41,1.53,2.26,0.66,1.07,0.73,1.07,4.54,0.93,0.63,0.23,0.07,0.16,0.5,0.16,0.28,0.02,0.04,13.05,1.56,7.46,3.43,3.84,3.19,0.43,0.23,0.88,1.53,0.36,0.01,0.08,0.03,4.01,4.87,0.13,0.17,0.02,0,1.8,0.21,1.12,0.25,0.04,12.05
"2013_Cook,JaneHampton_AmericanPhoenix_HIST.txt",CONT_HIST,148435,15.6,24.08,78.65,0.47,51.98,10.98,7.77,1.13,0.51,0.15,4.62,1.34,3.22,8.96,10.29,6.54,6.39,2.05,0.93,3.22,14.63,5.52,1.36,2.35,1.16,0,11.39,0.69,0.17,0.89,5.17,2.99,2.13,0.5,0.64,0.56,14.06,1.95,1.32,1.84,1.98,1.07,0.72,3.93,1.87,1.52,0.56,0.39,0.45,1.42,0.55,0.54,0.12,0.27,13.4,2.18,5.75,5.27,1.94,1.69,0.91,0.53,0.59,0.51,0.35,0.05,0.05,0.06,6.26,4.94,0.2,0.14,0.28,0.08,0.8,2.39,1.48,0.17,0.01,16.61
"2013_Eichar,Donnie_DeadMountain_HIST.txt",CONT_HIST,66263,20.28,22.54,78.73,0.9,52.58,9.55,6.05,1.72,0.7,0.11,2.17,1.35,3.51,10.21,10.16,6.86,5.67,2.94,0.68,3.03,15.65,5.2,1.13,2.07,1.41,0.01,8.2,0.29,0.33,0.5,3.39,1.86,1.5,0.32,0.46,0.4,13.42,2.03,1.24,1.16,1.96,0.89,0.62,4.61,1.66,1.75,0.64,0.44,0.52,1.76,0.91,0.46,0.08,0.33,16.66,2.93,7.84,5.62,1.77,1.47,2.07,0.49,0.34,0.11,0.42,0.02,0.06,0.07,4.97,6.26,0.36,0.08,0.18,0.02,1.32,1.28,1.45,0.11,0.02,15.6
"2013_Gates,HenryLouisJr_TheAfricanAmericans_HIST.txt",CONT_HIST,99908,24.31,27.42,73.67,1.57,46.58,6.63,3.5,0.25,0.32,0.07,1.84,1.01,3.13,9.46,6.91,4.33,4.26,1.5,0.56,2.4,15.77,5.98,0.71,2.43,1.09,0.03,7.32,0.36,0.1,1.05,4.41,2.4,1.99,0.29,1.01,0.36,12.5,1.52,1.4,0.96,1.47,0.97,0.55,4.74,1.31,2.71,2.02,0.34,0.26,1.02,0.34,0.41,0.16,0.14,14.22,1.87,7.28,4.85,2.82,2.48,0.76,0.38,1.01,0.53,0.49,0.01,0.07,0.09,4.48,7.32,0.15,0.21,0.1,0.04,1.44,1.32,1.04,0.44,0.09,16.42
"2013_Goodwin,DorisKearns_TheBullyPulpit_HIST.txt",CONT_HIST,329842,21.72,27.85,78.82,0.32,49.73,9.81,6.5,1.06,0.23,0.41,4.11,0.68,3.31,9.48,9.07,5.84,4.71,2.6,1.05,2.54,14.62,4.99,0.99,2.27,1.25,0.05,10.41,0.43,0.27,0.89,5.79,3.77,1.95,0.43,0.69,0.48,13.85,2.16,1.26,1.5,1.64,1.52,0.8,4.16,1.42,1.52,0.55,0.43,0.43,1.27,0.41,0.43,0.14,0.36,13.61,1.8,6.17,5.36,3.75,2.61,0.96,0.65,0.88,0.23,0.19,0.04,0.08,0.06,4.81,6.83,0.17,0.21,0.05,0.05,0.83,5.85,1.24,0.06,0.07,19.89
"2013_Humphries,Suzanne_DissolvingIllusions_HIST.txt",CONT_HIST,106033,24.35,29.29,75.61,2.35,48.25,5.93,1.88,0.33,0.24,0.07,0.52,0.72,4.05,8.7,9.12,6.74,4.52,3.27,0.57,2.8,15.74,5.44,0.99,2.81,1.23,0.02,4.79,0.19,0.02,1.29,3.64,1.5,2.12,0.36,0.53,0.48,13.86,1.89,2.18,0.86,2.05,1.23,0.75,4.29,1.62,0.86,0.32,0.14,0.22,5.17,0.83,3.98,0.1,0.4,12.93,1.21,6.66,4.83,2.2,1.77,0.31,0.26,0.38,0.17,1.13,0.02,0.09,0.06,5.08,5.64,0.3,0.17,0.11,0.02,1.83,0.74,0.34,1.31,0.19,16.27
"2013_Jackson,Kevin_Mayflower_HIST.txt",CONT_HIST,19116,22.84,22.13,78.86,0.63,53.31,8.95,5.21,0.06,0.18,0.03,2.18,2.76,3.75,9,9.8,6.49,6.6,1.44,0.81,3.29,15.49,6.44,0.88,3.03,1.93,0.01,8.59,0.27,0.17,0.9,4.6,2.88,1.69,0.32,0.56,0.42,13.56,1.27,1.14,1.17,1.88,0.99,0.47,5.29,1.83,1.44,0.43,0.34,0.47,1.56,0.41,0.6,0.14,0.45,15.55,2.04,7.43,5.76,1.49,1.72,0.63,0.39,0.6,1.27,0.49,0.02,0.19,0.06,4.43,6.51,0.56,0.31,0.07,0.04,1.04,0,1.28,0.35,0,14.53
"2013_Kiernan,Denise_TheGirlsofAtomicCity_HIST.txt",CONT_HIST,107294,16.63,21.38,80.05,0.71,52.11,9.29,5.25,0.24,0.17,0.44,3.21,1.19,4.04,8.82,12.03,7.6,7.87,2.21,0.86,3.68,14.71,5.51,1.42,2.72,1.13,0.02,9.54,0.53,0.17,0.91,3.43,2.1,1.3,0.22,0.52,0.24,14.77,2.02,1.28,1.51,2.25,1.19,0.79,4.47,1.87,1.72,0.67,0.46,0.48,1.63,0.59,0.55,0.17,0.35,15.75,2.27,7.74,5.56,3.13,1.99,0.94,0.95,0.51,0.21,0.3,0.06,0.09,0.14,6.14,5.87,0.29,0.04,0.26,0.12,1.8,1.22,1.3,0.08,0.04,16.44
"2013_Kilmeade,Brian_GeorgeWashingtonsSecretSix_HIST.txt",CONT_HIST,67598,25.06,24.62,79.19,0.63,52.87,9.41,5.93,0.68,0.24,0.28,3.72,1.01,3.47,8.9,10.08,6.92,5.74,2.23,1.04,3.27,15.78,6.07,1.16,2.79,0.99,0.01,9.81,0.49,0.17,0.85,5.22,3,2.16,0.51,0.81,0.41,15.5,2.16,1.21,1.66,2.56,1.27,0.8,4.43,2.12,1.13,0.32,0.42,0.3,0.94,0.36,0.34,0.06,0.19,14.38,2.01,6.85,5.27,1.97,2.03,0.67,0.41,0.67,0.22,0.3,0.02,0.13,0.03,4.01,5.69,0.18,0.22,0.12,0.02,0.74,1.04,1.07,0.17,0.02,13.18
"2013_Krauthammer,Charles_ThingsthatMatter_HIST.txt",CONT_HIST,98727,16.02,25.84,78,0.88,50.62,8.96,3.9,0.76,0.87,0.43,1.03,0.8,5.06,9.23,9.94,7.08,2.64,5.63,0.83,3.26,13.76,5.41,1.69,2.45,1.24,0.03,7.06,0.18,0.11,0.93,5.44,2.77,2.64,0.35,1.38,0.48,14.84,1.9,1.74,1.13,1.97,1.52,0.88,4.05,2.54,1.27,0.46,0.38,0.35,1.2,0.37,0.58,0.18,0.13,13.16,1.49,6.58,4.77,2.37,2.16,0.83,0.27,0.51,0.92,0.64,0.08,0.07,0.11,5.96,6.06,0.42,0.1,0.49,0.02,1.9,1.22,1.16,0.38,0.12,17.36
"2013_Kyle,Chris_AmericanGun_HIST.txt",CONT_HIST,66438,16.56,21.37,75.46,0.84,50.74,8.46,4.83,0.59,0.29,0.55,2.04,1.36,3.63,10.92,9.94,6.15,5.97,2.66,0.5,2.99,14.14,5.6,0.98,2.76,1.62,0.12,7.23,0.16,0.12,0.61,5.03,2.28,2.72,0.17,1.79,0.23,13.18,1.31,1.46,0.98,1.89,1.02,0.62,4.69,1.67,1.99,0.75,0.28,1.02,1.3,0.7,0.35,0.12,0.18,14.24,1.95,7.36,4.88,1.97,1.97,0.64,0.23,0.57,0.14,0.59,0.04,0.1,0.17,6.33,5.76,0.18,0.2,0.08,0.09,2.38,1.53,1.53,0.24,0.08,17.61
"2013_Loudon,Trevor_EnemiesWithin_HIST.txt",CONT_HIST,158383,24.12,31.34,66.71,1.94,39.18,4.58,2.47,0.25,0.52,0.1,1.23,0.37,2.11,8.8,6.15,3.93,2.91,2.48,0.44,1.6,14.61,4.82,0.31,1.46,0.75,0.02,7.94,0.21,0.21,0.77,4.09,3.01,1.06,0.16,0.6,0.14,10.42,0.88,1.46,0.5,0.71,0.91,0.65,4.65,0.55,1.02,0.41,0.42,0.16,0.79,0.16,0.49,0.07,0.14,13.49,2.03,7.16,4,5.91,3.17,1.03,0.49,1.05,0.18,0.18,0.02,0.07,0.03,5.73,6.06,0.39,0.2,0.06,0.05,3.43,1.94,1.22,0.73,0.26,19.47
"2013_MacMillan,Margaret_TheWarthatEndedPeace_HIST.txt",CONT_HIST,251639,30.47,25.82,77.8,0.85,51.96,8.19,3.83,0.24,0.27,0.08,2.25,0.99,4.35,9.74,9.88,6.3,6.28,1.99,0.82,3.1,16.24,6.42,0.89,2.57,0.96,0.01,7.59,0.26,0.2,0.48,6.26,3.2,3.01,0.52,1.6,0.43,14.24,1.6,1.49,1.4,1.95,1.01,0.8,5.12,1.71,1.25,0.48,0.41,0.32,0.66,0.26,0.24,0.07,0.11,14.47,2.03,7.67,4.54,2.31,2.53,0.55,0.21,0.53,0.43,0.7,0.02,0.14,0.09,3.99,5.73,0.25,0.2,0.07,0.05,1.31,1.5,0.75,0.17,0.01,13.59
"2013_Manchester,William_TheGloryandtheDream_HIST.txt",CONT_HIST,625034,17.81,25.54,76.47,0.95,49.72,8.61,4.62,0.39,0.27,0.23,2.54,1.19,3.99,9.55,10.87,7.36,7.05,2.09,0.83,2.44,14.08,4.83,1.01,2.16,1.76,0.04,8.54,0.23,0.11,0.77,4.35,2.19,2.13,0.31,0.92,0.49,12.46,1.7,1.12,1.32,1.68,1.13,0.69,3.95,1.31,1.94,0.74,0.7,0.42,1.2,0.47,0.41,0.14,0.22,14.25,1.87,7.05,5.1,3.14,2.09,0.94,0.48,0.83,0.32,0.35,0.03,0.05,0.09,5.69,6.59,0.29,0.45,0.1,0.08,1.5,2.41,1.29,0.14,0.24,18.32
"2013_Manco,Jean_AncestralJourneys_HIST.txt",CONT_HIST,85972,22.37,26.1,69.42,1.25,47.25,5.53,1.8,0.04,0.41,0.04,0.3,1.01,3.72,10.15,8.91,6.07,3.96,3.58,0.57,2.95,16.3,4.74,0.62,2.24,0.87,0.02,5.51,0.26,0.05,0.83,2.19,1.3,0.88,0.14,0.31,0.27,12.25,1.81,1.42,0.85,2.19,0.62,0.35,4.29,1.24,1.23,0.5,0.35,0.29,0.74,0.24,0.26,0.04,0.22,16.1,2.07,9.05,4.81,1,1.42,0.5,0.22,0.49,0.15,0.33,0,0.07,0.04,5.81,4.06,0.1,0.05,0.13,0.01,3.11,0,0.45,0.82,0.09,14.03
"2013_Schlosser,Eric_CommandandControl_HIST.txt",CONT_HIST,241026,16.04,25.67,70.5,1.76,44.26,4.88,2.14,0.25,0.15,0.12,0.94,0.67,2.75,11.06,8.84,5.65,4.9,1.95,0.85,2.12,13.74,4.38,0.93,1.99,1.76,0.05,4.62,0.1,0.05,0.34,4.9,1.82,3.04,0.37,1.93,0.31,13.19,1.73,2.03,1.4,1.66,0.78,1.39,3.84,1.11,1.65,0.7,0.33,0.55,0.84,0.35,0.32,0.06,0.14,13.72,1.63,7.37,4.31,2.78,2.51,0.65,0.31,0.39,0.11,0.46,0.03,0.06,0.11,6.65,7.66,1.14,0.21,0.06,0.01,2.21,2.7,1.19,0.3,0.18,21.61
"2013_Shavit,Ari_MyPromisedLand_HIST.txt",CONT_HIST,158332,15.09,22.41,78.74,0.79,52.25,9.59,5.73,1.28,0.9,0.26,1.94,1.35,3.86,10.26,10.05,7,4.03,4.57,0.85,3.04,13.41,5.87,1.47,1.88,1.76,0.03,7.85,0.46,0.14,0.71,4.46,2.38,2.05,0.35,0.89,0.45,13.32,1.71,1.31,0.96,1.28,1.17,0.64,4.96,1.91,1.93,0.86,0.5,0.42,1.31,0.46,0.47,0.13,0.27,14.76,1.94,7.13,5.35,1.92,2.14,0.85,0.59,0.44,1.52,0.46,0.03,0.08,0.11,6.56,5.45,0.27,0.1,0.14,0,1.81,0.54,1.06,0.06,0.01,15.31
"2013_WiseBauer,Susan_TheHistoryoftheRenaissanceWorld_HIST.txt",CONT_HIST,209645,26.64,24.45,74.81,0.83,50.13,7.69,5.21,0.13,0.16,0.08,3.81,1.02,2.48,10.4,8.02,5.06,5.91,1.21,0.44,2.28,16.21,5.37,0.82,2.12,1.74,0.02,9.05,0.78,0.07,0.53,4.3,2.1,2.15,0.25,1.23,0.41,11.57,1.03,1.14,0.73,1.06,0.87,0.73,4.9,1.35,0.96,0.28,0.32,0.31,1.16,0.45,0.47,0.06,0.21,14.61,2,7.36,5.06,1.27,2.75,0.41,0.26,0.68,1.44,0.69,0.01,0.07,0.07,5.1,7.5,0.35,0.84,0.02,0.02,1.74,1.6,0.99,0.3,0.17,18.23
"2013_Zuckoff,Mitchell_LostinShangriLa_HIST.txt",CONT_HIST,89748,16.56,22.6,75.67,0.32,49.6,9.39,6.4,0.67,0.44,0.18,3.33,1.8,2.99,9.77,9.91,5.41,6.21,2.01,0.69,2.93,14.32,5.84,1.08,2.14,1.86,0.05,10.38,0.41,0.17,1,4.34,2.19,2.12,0.38,0.85,0.5,13.09,1.67,1.01,1.19,1.8,0.86,0.6,4.93,1.47,2.2,0.79,0.51,0.72,2.1,1,0.6,0.1,0.46,14.66,2.29,7.42,4.86,1.37,1.84,0.9,0.36,0.37,0.31,0.58,0.03,0.07,0.12,6.19,6.68,0.37,0.13,0.05,0.07,2.13,2.45,1.98,0.1,0.02,19.39
"2014_Abbott,Karen_LiarTemptressSoldierSpy_HIST.txt",CONT_HIST,126472,19.65,23.15,77.86,0.23,50.77,11.72,9.02,0.87,0.19,0.49,6.45,1.03,2.7,8.65,8.99,5.13,5.25,2.03,0.82,2.65,14.71,5.74,0.89,2.01,1.39,0.04,13.27,0.48,0.25,0.93,4.79,2.5,2.24,0.39,1.04,0.48,13.66,1.73,0.92,1.3,1.62,1,0.87,5.27,1.37,2.47,0.94,0.71,0.69,2.31,1.26,0.54,0.22,0.34,13.72,2.3,6.95,4.31,1.58,1.29,0.62,0.78,0.66,0.34,0.47,0.05,0.05,0.08,5.04,7.36,0.34,0.27,0.16,0.12,0.69,3.05,1.19,0.12,0.07,18.29
"2014_Armstrong,Karen_FieldsofBlood_HIST.txt",CONT_HIST,156343,32.29,28.68,76.43,0.46,50.37,7.92,3.83,0.13,0.39,0.16,1.33,1.84,4.08,10.29,9.02,6.55,5.4,2.03,0.84,2.91,14.4,6.11,1.1,2.22,1.01,0.01,7.7,0.21,0.08,0.98,5.63,2.59,3,0.43,1.74,0.49,13.91,1.82,1.67,1.37,1.42,1.41,0.79,4.36,1.79,0.78,0.28,0.19,0.21,0.9,0.26,0.42,0.1,0.13,11.34,1.16,5.83,3.97,1.93,2.51,0.38,0.17,0.57,3.35,0.66,0.02,0.1,0.11,4.1,6.57,0.32,0.37,0.05,0.03,1.13,2.01,0.72,0.36,0.01,15.52
"2014_Baptist,EdwardE_TheHalfHasNeverBeenTold_HIST.txt",CONT_HIST,182805,21.43,25.8,75.91,1.03,48.06,7.8,4.12,0.24,0.2,0.15,1.97,1.57,3.69,9.19,8.35,4.94,5.36,1.54,0.71,2.83,15.34,5.43,0.78,2.6,1.43,0.03,8.38,0.4,0.09,1.47,3.73,2.05,1.64,0.29,0.74,0.32,12.76,1.37,1.64,1.25,1.64,1,0.7,4.2,1.51,2.02,0.95,0.42,0.5,1.44,0.76,0.27,0.2,0.24,15.33,1.96,7.99,5.16,2.63,2.04,0.65,0.35,2.35,0.37,0.29,0.03,0.05,0.16,5.38,6.42,0.23,0.09,0.06,0.03,1.95,1.98,1.34,0.19,0.15,17.19
"2014_Beattie,Owen_FrozeninTime_HIST.txt",CONT_HIST,72480,24.02,24.18,75.53,1.07,50.13,6.4,2.93,0.18,0.19,0.08,1.38,1.11,3.47,10.96,9.1,6.26,5.99,1.7,0.67,2.94,15.95,5.29,0.66,2.21,1.39,0.02,5.34,0.08,0.04,0.74,3.85,1.61,2.21,0.39,0.41,0.92,12.82,1.94,1.37,1.02,1.91,0.95,0.55,4.45,1.21,1.86,0.73,0.23,0.67,2.91,1.51,0.84,0.03,0.57,15.35,1.89,8.16,5.19,1.63,1.95,0.67,0.19,0.35,0.15,1.04,0.05,0.1,0.07,4.21,6.28,0.34,0.17,0.05,0.03,1.5,1.2,1.1,0.36,0.03,15
"2014_Bolger,Daniel_WhyWeLost_HIST.txt",CONT_HIST,175513,14.54,25.96,71.47,0.88,45.53,6.18,3.07,0.16,0.21,0.23,1.3,1.19,3.11,9.93,7.61,3.86,4.99,1.52,0.49,2.74,13.87,5.41,1.01,2.97,1.86,0.06,6.19,0.1,0.12,0.66,4.77,2.13,2.6,0.27,1.58,0.33,13.82,1.32,1.35,0.95,1.78,1.22,0.96,5.14,1.54,1.74,0.74,0.34,0.62,0.97,0.46,0.35,0.04,0.16,15.44,2.22,8.59,4.5,2.24,2.09,0.71,0.3,0.36,0.43,0.57,0.08,0.19,0.18,7.3,7.29,0.22,0.1,0.1,0.02,3.07,0.84,1.1,0.19,0.06,19.14
"2014_CaddickAdams,Peter_SnowandSteel_HIST.txt",CONT_HIST,261443,28.46,27.23,71.95,1.25,48.47,7.35,4.37,0.46,0.76,0.15,1.9,1.1,2.98,9.14,8.34,5.77,5.64,1.5,0.53,2.67,15.42,5.26,0.75,2.45,1.74,0.05,6.8,0.09,0.1,0.35,4.41,1.7,2.67,0.3,1.61,0.42,12.43,1.46,1.29,0.89,1.46,0.98,0.77,4.71,1.23,1.39,0.54,0.25,0.53,1.06,0.44,0.38,0.03,0.22,15.07,2.03,7.87,5.07,1.96,2.01,0.56,0.16,0.28,0.22,0.49,0.02,0.07,0.08,4.59,6.89,0.19,0.23,0.06,0.07,2.89,0.14,3.1,0.44,0.03,17.97
"2014_Clark,Christopher_TheSleepwalkers_HIST.txt",CONT_HIST,217434,36.14,30.34,73.44,1,49.61,6.64,2.6,0.16,0.24,0.05,1.56,0.59,4.04,11.33,7.87,5.67,4.84,1.47,0.86,2.42,16.97,4.64,0.86,1.94,0.79,0.01,5.6,0.12,0.15,0.3,4.8,2.36,2.36,0.47,1.22,0.3,13.45,1.93,1.72,1.28,1.76,1.1,0.95,3.9,1.5,1.21,0.55,0.2,0.41,0.56,0.25,0.2,0.03,0.1,13.16,1.49,7.23,4.12,2.73,2.22,0.41,0.14,0.48,0.48,0.52,0.02,0.05,0.05,3.74,4.98,0.23,0.18,0.09,0.04,2.36,0.01,2.61,0.29,0.01,13.92
"2014_Cline,EricH_1177BC_HIST.txt",CONT_HIST,67536,37.96,25.2,75.64,0.63,53.29,7.57,2.83,0.35,0.56,0.14,1.01,0.77,4.74,10.58,9.03,6.38,4.48,3.3,0.71,3.61,16.58,6.18,0.77,2.48,1.56,0,6.04,0.37,0.05,0.61,2.81,1.14,1.65,0.11,1.07,0.28,13.8,1.86,1.43,0.7,2.67,1.06,0.39,4.76,1.81,0.7,0.28,0.16,0.19,0.48,0.22,0.18,0.02,0.08,15.58,1.38,7.99,5.99,1.4,1.79,0.27,0.19,0.47,0.22,0.34,0.01,0.14,0.06,3.35,7.15,0.22,0.22,0.09,0.04,1.47,1.2,0.4,0.48,0.09,14.55
"2014_Coen,Ross_FuGo_HIST.txt",CONT_HIST,58858,24.72,29.13,72.84,0.85,47.14,4.95,1.97,0.16,0.14,0.12,0.95,0.6,2.99,11.57,7.85,5.08,4.79,1.33,0.8,2.52,14.99,4.8,0.78,2.4,1.82,0.03,4.92,0.12,0.04,0.48,3.49,1.32,2.16,0.24,1.13,0.37,13.76,2,1.64,1.03,2.16,1.11,0.92,4.01,1.34,1.39,0.57,0.2,0.48,0.98,0.37,0.45,0.03,0.15,15.23,1.88,8.42,4.78,3.23,1.99,0.64,0.2,0.43,0.11,0.41,0,0.04,0.05,4.85,5.13,0.13,0.03,0.07,0.02,1.76,1.42,0.63,0.27,0.03,13.85
"2014_Cooney,Kara_TheWomanWhoWouldBeKing_HIST.txt",CONT_HIST,95587,27.5,24.48,79.89,0.1,52.8,10.41,6.78,0.21,0.3,0.03,5.41,0.83,3.62,8.41,9.15,6.52,5.29,2.24,0.86,3.38,15.34,6.37,1.07,2.62,1.05,0.01,11.3,1.41,0.07,1.25,3.73,2.51,1.18,0.23,0.43,0.27,15.43,1.82,1.54,1.54,2.85,1.32,0.7,4.84,2.08,1.15,0.59,0.15,0.3,1.4,0.66,0.42,0.22,0.19,12.16,1.38,5.94,4.66,1.59,3.79,0.65,0.34,0.46,2.1,0.58,0.02,0.07,0.09,3.88,5.76,0.18,0.21,0.08,0,1.02,0.3,1.51,0.16,0.01,12.83
"2014_Corrigan,Gordon_Waterloo_HIST.txt",CONT_HIST,101632,33.49,24.09,76,1.05,54.06,6.68,3.24,0.06,0.04,0.02,2.09,1.02,3.44,10.2,10.16,7.6,6.5,1.74,0.8,3.03,16.55,6.9,1,2.56,1.72,0.02,6.05,0.21,0.03,0.49,3.66,1.53,2.11,0.23,1.19,0.35,14.01,1.11,1.06,1.49,2.03,0.93,0.91,5.22,1.99,1.13,0.49,0.14,0.39,0.97,0.42,0.4,0.04,0.15,13.99,1.76,7.45,4.59,2.37,2,0.39,0.18,0.58,0.24,0.43,0.01,0.1,0.04,3.19,6.76,0.14,0.18,0.04,0.01,2.07,0,1.15,0.32,0.22,13.79
"2014_DunbarOrtiz,Roxanne_AnIndigenousPeoples_HIST.txt",CONT_HIST,79989,28.78,30.99,72.09,0.8,47.45,6.28,3.06,0.15,0.83,0.09,0.55,1.44,3.22,10.38,6.47,4.34,3.78,1.75,0.42,1.91,15.98,6.11,0.71,2.14,1.5,0.03,6.7,0.15,0.03,1.19,3.97,1.64,2.32,0.21,1.59,0.31,12.6,1.3,1.73,0.65,1.32,0.91,0.65,5.21,1.29,0.86,0.46,0.14,0.2,0.91,0.36,0.33,0.1,0.17,14.11,1.58,8.01,4.19,2.54,2.19,0.5,0.24,0.8,0.41,0.91,0.01,0.09,0.05,4.1,6.39,0.22,0.11,0.05,0,1.7,1.48,0.62,0.26,0.05,14.47
"2014_Fenn,Elizabeth_EncountersattheHeartoftheWorld_HIST.txt",CONT_HIST,98314,21.06,25.6,71.97,1.2,47.52,7.34,4.1,0.26,0.25,0.05,1.47,2.07,3.25,10.65,7.9,4.44,5.3,1.76,0.45,2.79,13.7,5.73,0.75,2.32,1.63,0.01,7.9,0.24,0.15,1.2,3.19,1.71,1.46,0.19,0.63,0.35,12.27,1.34,1.08,0.67,1.85,0.77,0.5,4.78,1.76,1.62,0.66,0.41,0.44,1.58,0.66,0.6,0.07,0.33,15.66,2.39,7.72,5.39,1.66,1.2,0.75,0.36,0.84,0.27,0.39,0.02,0.11,0.12,5.81,6.82,0.24,0.12,0.08,0.02,2.62,3.18,0.72,0.13,0.12,18.82
"2014_Fukuyama,Francis_PoliticalOrderandPoliticalDecay_HIST.txt",CONT_HIST,195624,29.22,31.32,76.48,0.56,48.34,5.87,1.6,0.1,0.1,0.02,0.31,1.06,4.27,9.73,7.5,5.48,3.36,3.05,0.44,2.37,16.32,5.75,0.91,2.82,1.13,0.01,5.35,0.1,0.05,0.75,4.29,2.64,1.61,0.16,0.7,0.27,13.97,1.47,2.49,0.96,1.66,1.22,0.87,4.26,1.89,0.61,0.23,0.1,0.19,0.56,0.15,0.34,0.02,0.05,14.54,1.52,8.12,4.13,4.93,3.46,0.62,0.2,1.4,0.28,0.18,0.01,0.11,0.21,3.85,5.18,0.16,0.26,0.05,0,1.5,0.52,0.52,0.16,0.03,11.78
"2014_Grant,James_TheForgottenDepression_HIST.txt",CONT_HIST,78889,22.52,27.32,76.02,2.86,47.86,5.9,2.37,0.16,0.3,0.08,1.06,0.77,3.53,10.37,8.37,6.09,4.86,1.89,0.94,2.33,15.71,4.81,1.22,2.54,1.23,0.01,4.61,0.09,0.07,0.41,4.61,2.8,1.78,0.28,0.52,0.64,12.25,1.4,1.33,1.45,1.83,1.17,0.7,3.48,1.79,1.05,0.28,0.38,0.28,0.77,0.27,0.32,0.02,0.18,13.43,1.52,7.12,4.51,5.29,2.31,0.34,0.26,5.03,0.13,0.27,0.03,0.08,0.06,5.83,7.17,0.17,0.27,0.1,0.01,1.42,2.14,0.88,0.3,0.6,18.58
"2014_Harari,Yuval_SapiensABriefHistory_HIST.txt",CONT_HIST,135481,19.45,26.92,78.82,0.67,50.47,7.66,3.39,0.12,0.79,0.25,0.64,1.59,4.27,8.66,9.11,6.29,3.29,4.33,0.73,3.59,14.04,6.77,1.3,3.41,1.31,0.13,7.87,0.26,0.09,1.78,4.47,2.73,1.7,0.22,0.71,0.36,16.36,2.16,1.9,1.42,2.54,1.49,0.66,5.09,2.39,1.11,0.39,0.19,0.38,1.72,0.56,0.57,0.23,0.43,12.68,1.33,6.19,4.76,2.7,2.39,0.59,0.28,1.52,0.89,0.37,0.02,0.09,0.1,5.09,5.95,0.1,0.08,0.27,0.04,1.6,0,1.2,0.17,0.04,14.18
"2014_Hobbs,Allyson_AChosenExile_HIST.txt",CONT_HIST,77479,28.79,27.19,77.7,0.61,48.49,8.52,4.71,0.61,0.19,0.19,2.83,0.88,3.81,8.57,8.53,5.49,4.56,2.29,0.75,2.75,14.97,6.74,1.18,2.2,0.83,0.05,10.31,1.09,0.23,1.47,4.59,2.68,1.84,0.46,0.54,0.47,15.26,2.67,1.3,1.42,2.32,0.98,0.63,4.65,2.01,3.48,2.6,0.3,0.38,1.23,0.45,0.57,0.09,0.13,12.34,2.17,6.05,3.94,2.26,1.96,1.18,0.71,0.63,0.29,0.21,0.01,0.09,0.08,4.35,5.97,0.25,0.23,0.08,0.04,1.05,3.33,1.47,0.27,0.05,16.9
"2014_Hoffman,Carl_SavageHarvest_HIST.txt",CONT_HIST,97726,16.91,20.15,77.2,0.87,51.81,10.11,6.4,1.62,0.53,0.28,2.19,1.78,3.72,8.89,10.99,6.79,6.93,2.46,0.57,3.22,13.88,6.83,1.25,2.13,1.41,0.03,9.66,0.44,0.07,1.25,3.11,1.48,1.6,0.32,0.73,0.29,14.65,1.65,0.94,1.2,1.91,1.12,0.44,6.43,1.64,2.51,0.88,0.78,0.67,1.98,1.12,0.32,0.14,0.47,14.52,2.14,7.29,5.03,1.22,1.1,1.07,0.47,0.42,0.45,0.54,0.07,0.06,0.15,5.92,8.14,0.75,0.26,0.18,0.08,0.94,1.98,1.58,0.16,0.07,19.85
"2014_Jackson,Lee_DirtyOldLondon_HIST.txt",CONT_HIST,96482,28.49,29.26,75.65,0.74,47.78,5.36,2.14,0.1,0.08,0.05,0.93,0.97,3.22,10.38,8.21,5.94,4.93,1.49,0.9,2.86,15.21,5.05,0.99,2.8,0.95,0.02,5.24,0.11,0.07,0.84,4.55,2.4,2.09,0.39,0.54,0.5,13.74,1.54,1.48,1.53,2.07,1.27,0.83,4.1,1.77,1.16,0.43,0.12,0.42,2.13,0.62,0.95,0.07,0.52,12.86,1.71,7.26,3.73,2.63,2.22,0.82,1.55,1.56,0.32,0.59,0.01,0.08,0.09,4.53,6.53,0.3,0.55,0.05,0.03,2.74,0.03,3.7,0.4,0.04,18.59
"2014_Jeffries,Donald_HiddenHIstory_HIST.txt",CONT_HIST,150874,21.63,26.69,73.75,1.77,47.35,8.31,4.21,0.63,0.4,0.19,2.29,0.69,4.1,9.01,9.72,6.65,5.96,2.36,0.59,2.98,14.25,4.28,1.06,2.24,1.23,0.03,8.5,0.45,0.12,0.71,3.95,1.9,1.99,0.25,0.98,0.35,12.29,2.09,1.28,0.93,1.88,1.3,0.61,3.36,1.16,1.29,0.51,0.42,0.28,1.15,0.41,0.49,0.16,0.13,12.86,1.45,6.45,4.74,3.6,1.81,0.9,0.43,1.09,0.18,0.75,0.04,0.11,0.1,5.34,6.93,0.23,0.11,0.18,0.02,1.41,2.71,1.72,0.39,0.18,19.01
"2014_Kaplan,RobertD_AsiasCauldron_HIST.txt",CONT_HIST,66015,27.08,28.29,72.24,0.51,48.58,6.15,2.06,0.43,0.28,0.06,0.59,0.7,4.08,9.8,7.57,5.59,2.58,3.57,0.79,3.06,15.77,5.8,0.89,2.5,1.43,0.01,4.21,0.07,0.05,0.38,4.04,1.96,2.05,0.33,1.14,0.24,12.94,1.3,1.77,0.92,1.34,1.21,0.79,4.69,1.45,1.14,0.42,0.23,0.32,0.71,0.3,0.25,0.06,0.11,14.53,1.47,8.97,3.79,2.22,2.2,0.47,0.16,0.8,0.38,0.32,0.02,0.09,0.13,4.2,6.64,0.36,0.16,0.08,0.01,2.08,1.43,1.14,0.17,0.04,15.59
"2014_Kertzer,DavidI_ThePopeandMussolini_HIST.txt",CONT_HIST,127751,23.59,26.33,78.34,0.58,49.78,9.19,5.81,0.36,0.12,0.21,4.18,0.94,3.38,10.58,9.76,6.01,5.98,2.05,0.83,2.31,14.84,4.37,1.08,2.03,1.24,0.01,10.23,0.31,0.09,0.51,4.89,2.74,2.09,0.5,0.89,0.31,12.11,1.64,1.19,1.42,1.4,0.98,0.78,3.55,1.56,1.57,0.63,0.53,0.34,1.14,0.59,0.3,0.09,0.19,13.64,2.02,6.4,4.91,2.3,1.82,0.69,0.31,0.32,3.68,0.28,0.03,0.08,0.05,5.06,6.81,0.19,0.09,0.07,0.12,1.06,2.4,1.55,0.08,0,17.11
"2014_Kessler,Ronald_TheFirstFamilyDetail_HIST.txt",CONT_HIST,64500,17.9,22.41,81.59,0.42,50.52,9.83,6.4,0.57,0.5,0.55,3.52,1.26,3.43,9.54,11.11,7,4.86,4.32,0.95,2.88,14.19,5.66,1.24,1.71,1.36,0.07,12.05,0.34,0.18,0.84,3.34,1.71,1.56,0.24,0.74,0.21,15.1,2.26,1.4,1.64,1.9,0.98,1.28,4.68,2.07,2.65,0.99,1.26,0.39,1.1,0.43,0.31,0.12,0.28,14.41,2.49,7.16,4.57,6.43,2.46,1.15,1.03,0.64,0.1,0.14,0.05,0.06,0.16,5.57,6.32,0.11,0.01,0.12,0.02,1.08,3.21,2.1,0.07,0.05,18.29
"2014_Kissinger,Henry_WorldOrder_HIST.txt",CONT_HIST,112354,26.67,32.47,74.52,0.43,48.54,6.11,1.91,0.11,0.2,0.04,0.68,0.87,4.19,10.65,6.83,5.15,3.03,2.13,0.9,1.95,16.89,5.65,0.84,2.57,0.89,0,4.55,0.06,0.12,0.56,4.94,2.72,2.18,0.33,1.24,0.35,14,1.84,1.89,1.06,1.79,1.29,1.07,4.43,1.53,0.63,0.22,0.11,0.2,0.4,0.15,0.2,0.02,0.03,14.19,1.36,8.17,3.73,2.67,3.54,0.33,0.23,0.4,1.05,0.44,0.01,0.05,0.04,3.91,5.05,0.24,0.34,0.12,0.01,1.29,1.08,0.86,0.27,0.01,12.89
"2014_Krist,Gary_EmpireofSin_HIST.txt",CONT_HIST,104941,20.6,23.4,79.67,0.43,52.12,8.62,5.08,0.57,0.18,0.22,3.15,0.97,3.54,9.75,10.07,6.49,6.47,1.91,0.71,3.59,15.43,5.52,0.99,2.73,1.37,0.05,9.12,0.5,0.29,1.14,4.3,2.3,1.97,0.31,0.93,0.32,13.4,1.67,1.03,1.17,1.97,1.33,0.7,4.35,1.81,2.08,0.83,0.78,0.36,1.53,0.62,0.43,0.19,0.34,16.14,2.02,7.75,6.19,1.99,1.52,1.39,0.93,0.75,0.47,0.43,0.04,0.11,0.13,4.85,6.33,0.16,0.16,0.11,0.06,1.37,2.41,1.42,0.34,0.04,17.02
"2014_Maguire,Peter_ThaiStick_HIST.txt",CONT_HIST,70336,21.62,20.73,75.64,0.61,50.05,9.71,6.34,0.91,0.41,0.58,2.9,1.55,3.37,9.37,10.68,6.06,7.16,2.42,0.42,3.17,13.7,5.87,1.08,2.38,1.29,0.11,9.48,0.43,0.25,0.67,3.72,2,1.7,0.24,0.54,0.26,12.68,1.4,1.04,1.1,1.45,1.01,0.57,5.27,1.34,1.95,0.72,0.53,0.51,1.66,0.55,0.49,0.13,0.52,14.76,2.43,7.41,4.95,2.09,1.56,1.2,0.45,1.3,0.24,0.17,0.07,0.06,0.3,4.98,6.57,0.21,0.27,0.12,0.06,1.49,2.64,1.61,0.11,0.18,17.71
"2014_Mann,William_Tinseltown_HIST.txt",CONT_HIST,136140,14.37,21.51,79.62,0.33,51.48,10.25,6.85,0.25,0.08,0.09,5.42,0.99,3.4,8.46,12.42,8.05,8.25,1.91,0.83,3.65,14.31,5.04,1.3,2.34,1.29,0.03,11.48,0.43,0.23,1.13,4.52,2.58,1.88,0.42,0.73,0.37,13.74,1.92,1.24,1.59,2.02,1.38,0.65,3.93,1.77,2.11,0.89,0.51,0.56,1.54,0.75,0.41,0.21,0.25,14.78,2.08,7.13,5.4,2.26,1.69,1.36,0.75,0.86,0.33,0.43,0.03,0.08,0.14,6.69,6.43,0.11,0.09,0.26,0.09,1.03,2.08,2.31,0.04,0.06,18.81
"2014_Mee,CharlesLJR_SavingaContinent_HIST.txt",CONT_HIST,93233,24.57,26.1,79.64,0.57,52.36,7.82,3.71,0.37,0.27,0.12,1.94,1.02,4.1,9.87,11.17,7.23,6.2,2.47,1.29,2.74,16.28,5.72,1.15,2.63,1.16,0.01,7.83,0.15,0.13,0.67,4.59,2.49,2.05,0.36,0.77,0.48,15.41,2.02,1.38,2.04,2.21,1.51,0.7,4.62,1.91,1.69,0.41,0.89,0.35,0.98,0.26,0.4,0.05,0.28,13.29,1.57,7.19,4.09,4.11,2.51,0.45,0.3,1.02,0.25,0.31,0.05,0.09,0.05,4.87,7.88,0.27,0.28,0.07,0.01,1.6,2.72,0.78,0.21,0.08,18.57
"2014_Meredith,Martin_THeFortunesofAfrica_HIST.txt",CONT_HIST,213618,22.41,28.25,71.35,1.23,46.48,5.42,3.18,0.21,0.17,0.08,1.54,1.17,2.24,10.13,6.37,3.9,4.63,1.05,0.31,1.91,17.68,5.18,0.54,2.16,1.47,0.01,5.99,0.19,0.08,0.51,3.61,1.87,1.69,0.25,0.82,0.35,11.18,1.23,1.67,0.53,0.99,0.68,0.9,4.53,1.05,1.14,0.57,0.21,0.26,0.9,0.31,0.36,0.04,0.21,14.84,1.9,8.71,3.81,2.83,2.51,0.53,0.29,1.35,0.9,0.41,0.01,0.07,0.03,4.86,6.49,0.17,0.3,0.02,0.02,1.71,0.02,2,0.09,0.03,15.21
"2014_Oreilly,Bill_KillingPatton_HIST.txt",CONT_HIST,91530,16.33,22.56,76.22,0.55,50.05,8.67,5.4,0.41,0.18,0.19,3.41,1.21,3.27,9.3,9.6,6.65,2.69,5.26,0.92,3.34,14.34,5,1.1,1.97,1.89,0.07,8.88,0.28,0.09,0.77,4.81,2.07,2.69,0.35,1.5,0.45,11.69,1.39,1.11,0.85,1.3,1.05,0.67,3.95,1.6,1.84,0.7,0.45,0.61,1.85,0.87,0.57,0.13,0.31,15.29,2.15,7.21,5.71,1.74,1.83,0.74,0.43,0.31,0.4,0.89,0.03,0.07,0.07,6.26,5.6,0.17,0.05,0.07,0.03,1.28,1.56,1.24,0.03,0.44,16.3
"2014_Osnos,Evan_AgeofAmbition_HIST.txt",CONT_HIST,141183,19.07,23.43,80.29,0.45,51.31,10.63,6.71,1.4,0.44,0.36,3.48,1.03,3.92,9.63,10.29,6.11,6.54,2.53,0.51,2.71,14.56,5.49,1.08,2.05,1.74,0.02,11.17,0.46,0.16,1.08,4.07,2.41,1.61,0.33,0.59,0.3,12.9,1.85,1.32,1.08,1.57,0.87,0.71,4.34,1.64,2.06,0.69,0.81,0.4,1.23,0.49,0.39,0.1,0.28,14.63,2.03,7.37,4.96,3.5,1.96,1.43,0.6,1.38,0.42,0.16,0.03,0.04,0.12,5.09,6.95,0.42,0.31,0.16,0.08,1.37,3.11,1.56,0.1,0.34,19.06
"2014_Prins,Nomi_AllthePresidentsBankers_HIST.txt",CONT_HIST,169943,26.5,29.42,76.6,1.72,46.1,6.95,3.6,0.24,0.52,0.12,1.79,0.93,3.35,9.42,7.8,5.21,4.67,1.49,0.93,2.1,15.37,4.98,0.71,2.44,1.34,0.01,6.66,0.09,0.13,0.4,4.52,2.72,1.72,0.3,0.77,0.38,12.21,1.39,1.44,1.45,1.18,0.84,0.98,4.12,1.22,0.94,0.31,0.23,0.3,0.64,0.26,0.17,0.02,0.19,13.97,1.7,7.52,4.47,5.16,2.77,0.43,0.41,5.45,0.1,0.37,0.01,0.05,0.08,5.2,5.83,0.16,0.14,0.02,0.01,1.31,1.9,1.35,0.31,0.39,16.38
"2014_Richardson,HeatherCox_ToMakeMenFree_HIST.txt",CONT_HIST,119949,24.39,30.34,76.7,1.06,46.65,7.39,3.49,0.07,0.14,0.04,1.68,1.56,3.9,9.86,8.62,5.24,5.84,1.32,0.89,2.18,15.02,5.05,0.73,1.98,1.15,0.02,7.88,0.18,0.08,0.99,5.79,3.38,2.36,0.3,1.25,0.38,12.82,1.44,1.59,1.53,1.09,1.05,1.26,3.98,1.45,1.21,0.58,0.31,0.26,0.68,0.25,0.23,0.07,0.14,13.77,2.07,7.15,4.17,5.16,3,0.8,0.35,2.64,0.24,0.41,0.01,0.09,0.12,4.88,6.02,0.18,0.18,0.05,0.01,1.22,1.38,1.18,0.08,0.06,14.83
"2014_Risen,James_PayAnyPrice_HIST.txt",CONT_HIST,94615,22.05,26.21,76.77,0.73,49.21,8.49,4.11,0.41,0.21,0.12,2.53,0.85,4.38,9.23,10.28,6.27,6.45,2.6,0.5,2.9,15.64,4.93,0.98,1.98,0.94,0.1,8.42,0.15,0.08,0.38,4.5,2.12,2.31,0.53,1.16,0.25,13.85,2.21,1.66,1,1.48,1.05,0.99,4.38,1.5,1.32,0.4,0.64,0.24,0.8,0.27,0.38,0.12,0.12,13.32,1.71,7.09,4.24,4.16,2.09,0.81,0.39,1.54,0.19,0.39,0.03,0.07,0.09,4.89,5.16,0.03,0.06,0.02,0.02,1.14,1.2,1.34,0.11,0.35,13.91
"2014_Ritchie,Fiona_WayfaringStrangers_HIST.txt",CONT_HIST,125210,24.2,25.39,73.83,0.63,48.5,8.32,4.88,1.31,0.4,0.58,1.27,1.32,3.44,9.22,8.27,5.4,4.01,3.11,0.61,3.11,14.31,6.83,0.62,2.27,1.09,0.01,7.42,0.49,0.13,0.71,3.31,2.48,0.8,0.12,0.22,0.31,13.2,1.47,1.13,0.72,1.69,0.94,0.32,6.06,1.2,3.04,0.7,1.9,0.33,1.14,0.42,0.34,0.2,0.18,14.88,2.03,7.57,5.12,1.41,1.32,3.18,0.53,0.44,1.17,0.15,0.07,0.13,0.11,4.5,7.59,0.3,0.39,0.08,0.05,1.88,1.98,1.53,0.52,0.06,18.6
"2014_Russell,Gareth_TheEmperors_HIST.txt",CONT_HIST,84108,32,25.78,77.6,0.58,52.48,9.53,5.66,0.39,0.21,0.15,3.84,1.07,3.87,10.03,9.61,6.29,6.22,1.87,0.71,2.88,15.8,5.66,0.99,2.32,1.2,0.01,9.97,0.99,0.12,0.66,5.43,2.74,2.62,0.49,1.14,0.52,13.1,1.62,1.25,1.28,1.84,1.12,0.74,4.4,1.46,1.28,0.51,0.36,0.34,1.19,0.45,0.47,0.14,0.17,13.36,1.78,6.63,4.79,1.43,1.96,0.63,0.52,0.3,0.63,0.71,0.03,0.07,0.13,3.51,5.4,0.08,0.13,0.05,0.06,1.79,0.02,2.8,0.07,0.01,13.3
"2014_Russell,Gerard_HeirstoForgottenKingdoms_HIST.txt",CONT_HIST,116245,21.17,23.06,78.76,0.59,52.51,9.91,5.59,1.39,0.4,0.12,1.88,1.8,4.32,10.06,10.46,6.54,6.25,2.92,0.59,3.24,15.11,5.55,0.85,2.23,1.39,0.02,9.31,0.47,0.15,1.03,3.51,2.03,1.47,0.21,0.65,0.28,12.23,1.71,1.16,0.95,1.59,0.84,0.61,4.31,1.45,1.82,0.8,0.51,0.39,1.25,0.47,0.34,0.09,0.38,14.12,1.71,7.66,4.56,1.44,1.27,0.97,0.52,0.41,2.84,0.39,0.02,0.08,0.1,4.91,6.19,0.41,0.26,0.1,0.04,1.25,1.59,1.04,0.4,0.11,16.18
"2014_Seckert,Sven_EmpireofCotton_HIST.txt",CONT_HIST,160676,30.11,30.26,72.31,1.5,46.46,5.12,1.98,0.06,0.2,0.04,0.36,1.33,3.13,8.86,5.94,3.88,3.84,1.23,0.38,2.84,17.49,5.83,0.56,2.9,1.54,0,3.99,0.14,0.04,0.45,3.52,2.22,1.28,0.26,0.49,0.27,12.25,1.15,2.12,0.75,1.46,0.97,0.63,4.59,1.14,0.66,0.28,0.08,0.21,0.65,0.29,0.21,0.01,0.14,15.25,1.88,8.71,4.29,5.69,3.43,0.34,0.35,2.39,0.12,0.2,0,0.12,0.06,4.04,7.5,0.22,0.15,0.02,0,1.31,1.41,0.65,0.21,0.06,15.23
"2014_Sides,Hampton_IntheKingdomofIce_HIST.txt",CONT_HIST,143971,18.83,21.52,75.95,0.28,51.47,9.19,5.7,0.53,0.38,0.21,3.1,1.47,3.49,9.86,10.6,6.68,6.89,1.91,0.84,3.05,14.62,5.53,0.94,2.36,1.34,0.02,8.48,0.19,0.1,0.69,4,2.31,1.65,0.39,0.38,0.47,13.76,1.88,0.87,1.36,2.11,1.17,0.6,4.86,1.45,2.15,0.76,0.54,0.69,1.86,0.74,0.59,0.08,0.5,15.41,1.94,7.58,5.73,1.29,1.46,0.78,0.26,0.34,0.2,0.28,0.04,0.09,0.11,5.24,7.29,0.22,0.13,0.08,0.06,0.95,2.75,0.98,0.11,0.03,17.58
"2014_Skovlund,MartyJr_ViolenceofAction_HIST.txt",CONT_HIST,154275,17.35,18.21,82.65,0.31,56.21,13.41,9.07,4.09,2.17,0.45,1.38,0.98,4.34,8.9,11.59,6.86,7.11,2.96,0.58,3.59,15.57,5.81,1.2,2.41,1.36,0.26,8.81,0.32,0.14,0.6,4.32,2.02,2.27,0.27,1.27,0.36,14.9,1.58,1.33,1.16,1.67,1.25,0.64,6.26,1.58,2.42,0.91,0.65,0.85,2,1.08,0.55,0.16,0.26,17.66,2.99,8.75,5.64,1.42,1.73,0.88,0.47,0.19,0.28,0.44,0.09,0.11,0.17,5.73,4.68,0.06,0.1,0.17,0.2,1.31,1.23,1.15,0.14,0.11,14.43
"2014_Spencer,Charles_KillersoftheKing_HIST.txt",CONT_HIST,104136,29.16,23.83,78.86,0.42,54.03,11.44,7,0.73,0.21,0.33,4.25,1.48,4.44,8.86,10.53,7.26,6.55,1.79,0.97,2.63,16.48,5.17,0.86,2,1.27,0.03,10.97,0.47,0.22,0.83,4.9,2.67,2.18,0.43,1.01,0.46,12.53,1.73,1.25,1.4,1.42,1.01,0.86,3.93,1.46,1.38,0.47,0.53,0.33,1.2,0.6,0.37,0.07,0.18,12.82,1.82,6.05,4.71,1.42,2.32,0.48,0.38,0.48,1.1,0.8,0.06,0.09,0.03,4.04,7.14,0.53,0.3,0.05,0.05,1.09,0.06,3.02,0.17,0.02,16.33
"2014_Swynne,SC_RebelYell_HIST.txt",CONT_HIST,232257,21.46,24.35,78.32,0.52,52.09,10,6,0.49,0.22,0.21,4.03,1.04,4,8.15,10.36,6.82,7.15,1.68,0.81,3.38,15.01,5.54,1.09,2.57,1.63,0.03,9.56,0.21,0.11,0.72,5.44,2.27,3.12,0.36,1.77,0.5,13.65,1.64,1.21,1.21,1.79,1.18,0.71,4.63,1.53,1.72,0.68,0.45,0.5,1.33,0.5,0.46,0.21,0.18,15.38,2.23,8.05,5.06,1.64,1.78,0.39,0.23,0.53,0.47,0.59,0.03,0.07,0.1,5.46,7.26,0.31,0.17,0.07,0.08,1.08,1.75,1.31,0.16,0.03,17.43
"2014_Tooze,Adam_TheDeluge_HIST.txt",CONT_HIST,192910,26.22,29.04,73.52,1.61,49.34,5.62,1.83,0.08,0.22,0.02,0.77,0.75,3.79,11.47,8.16,6.21,5.14,1.24,0.98,2,17.23,4.57,1.03,2.06,0.95,0.01,4.33,0.03,0.07,0.29,5.2,2.61,2.51,0.47,1.34,0.42,12.69,1.49,1.54,1.51,1.49,1.31,0.87,3.45,1.85,0.7,0.27,0.15,0.23,0.5,0.22,0.19,0.02,0.09,13.58,1.36,7.81,4.01,2.87,2.45,0.37,0.22,1.24,0.3,0.6,0.02,0.06,0.05,5.08,4.39,0.08,0.02,0.11,0.01,1.97,0.02,2.38,0.08,0.05,13.41
"2014_Watson,Alexander_RingofSteel_HIST.txt",CONT_HIST,224022,28.42,30.39,73.98,1.69,47.76,5.49,2.26,0.08,0.17,0.03,0.82,1.15,3.24,9.92,7.88,5.61,5.55,1.11,0.54,2.87,15.62,5.46,0.8,2.46,1.54,0.02,5.68,0.14,0.06,0.78,6,2.23,3.72,0.6,2.04,0.61,12.75,1.37,1.56,1.11,1.53,1.03,0.93,4.35,1.4,0.8,0.24,0.13,0.33,0.97,0.23,0.34,0.05,0.37,14.45,1.77,7.83,4.57,2.61,2.78,0.44,0.26,0.7,0.48,0.85,0.02,0.07,0.05,4.56,6.38,0.2,0.13,0.02,0.04,2.14,0.01,2.83,0.15,0.03,15.72
"2014_Weir,Alison_AgainstourBetter_HIST.txt",CONT_HIST,20860,32.54,31.37,75.73,0.86,46.67,7.43,3.07,0.61,0.32,0.09,0.96,1.09,4.36,9.02,8.78,5.81,5.04,2.12,0.93,2.2,15.24,4.84,0.57,2.36,1.05,0,7.09,0.22,0.12,0.76,4.48,2.48,1.94,0.33,0.96,0.34,13.38,1.98,1.98,1.2,1.41,0.99,0.66,4.24,0.97,0.78,0.3,0.22,0.23,0.54,0.17,0.29,0.05,0.04,12.92,1.85,6.64,3.86,4.11,3,0.61,0.28,0.64,3.37,0.45,0.01,0.12,0.02,5.28,5.81,0.39,0.12,0.01,0.01,1.93,3.25,1.05,2.16,0.12,21.44
"2014_Winroth,Anders_TheAgeoftheVikings_HIST.txt",CONT_HIST,87322,26.08,24.29,75.25,0.55,51.01,7.81,3.78,0.09,0.39,0.06,1.78,1.46,4.03,9.76,8.77,5.83,4.8,2.75,0.64,3.53,15.96,5.93,0.72,2.77,1.19,0.02,7.28,0.37,0.08,0.76,3.95,2.3,1.64,0.13,0.95,0.36,13.59,1.66,1.44,0.95,2.21,0.92,0.45,4.7,1.65,1.17,0.48,0.23,0.38,1.15,0.55,0.27,0.05,0.3,13.96,1.47,7.96,4.4,1.34,2.4,0.73,0.26,0.86,1.19,0.71,0.02,0.13,0.11,4.25,6.6,0.26,0.22,0.06,0.02,1.11,1.23,0.56,0.49,0.1,14.92
"2014_Wright,Lawrence_ThirteenDaysinSeptember_HIST.txt",CONT_HIST,102323,17.57,23.46,78.81,0.39,52.08,9.92,5.91,0.49,0.41,0.32,3.58,1.11,4,9.83,11.26,6.99,6.59,2.73,1.03,2.93,14.94,5.11,1.14,2.01,1.39,0.01,9.76,0.27,0.13,0.66,4.89,2.41,2.4,0.46,1.1,0.53,13.45,1.81,1.39,1.6,1.52,1.08,0.74,4.36,1.6,1.65,0.57,0.61,0.37,1.16,0.49,0.39,0.1,0.19,14.9,1.95,7.07,5.56,2.2,2.01,0.68,0.38,0.47,1.04,0.52,0.07,0.07,0.06,5.54,5.85,0.11,0.25,0.16,0.13,0.87,2.3,1,0.04,0.01,15.91
"2015_Allen,JohnL_TheFrancisMiracle_HIST.txt",CONT_HIST,81580,25.4,27.08,78.62,1.03,49.69,7.76,3.62,0.25,0.16,0.11,2.48,0.61,4.13,10.48,9.07,5.78,4.06,3.81,0.51,3.01,16.4,5.2,1.06,2.19,1.01,0,8.51,0.22,0.14,0.89,3.87,2.19,1.6,0.25,0.74,0.32,12.8,1.94,1.76,0.89,1.8,0.97,0.75,3.79,1.42,1.48,0.43,0.65,0.32,1.04,0.35,0.37,0.24,0.13,14.05,1.84,7.44,4.51,2.71,2,0.55,0.31,0.92,4.27,0.17,0.02,0.08,0.05,4,5.39,0.11,0.1,0.07,0.02,1.38,1.75,1.93,0.21,0.08,14.63
"2015_Appy,ChristianG_AmericanReckoning_HIST.txt",CONT_HIST,127739,18.3,27.26,75.68,0.94,48.23,7.21,3.63,0.35,0.6,0.24,1.34,1.09,3.58,9.44,9.08,5.91,5.29,2.48,0.67,2.9,14.58,5.24,1.13,2.84,1.39,0.07,7.32,0.15,0.08,0.8,6.19,2.46,3.68,0.4,2.35,0.53,13.62,1.71,1.53,1.06,2.05,1.28,0.83,4.11,1.82,1.51,0.62,0.46,0.35,1.1,0.44,0.44,0.13,0.12,13.28,1.63,7.22,4.27,2.79,2.52,0.75,0.3,0.61,0.43,1.19,0.03,0.06,0.14,6.25,5.54,0.26,0.1,0.17,0.08,1.8,2.81,1.12,0.29,0.09,18.06
"2015_Bogosian,Eric_OperationNemesis_HIST.txt",CONT_HIST,94902,19.25,26.93,75.51,0.51,50.23,7.99,4.51,0.49,0.23,0.25,2.48,1.07,3.47,10.23,9.65,6.69,6.5,1.63,0.7,2.54,15.24,5.43,0.99,2.02,1.33,0.02,8.01,0.38,0.15,0.89,4.34,1.79,2.51,0.42,1.45,0.34,12.96,1.69,1.48,1.26,1.5,1.15,0.63,4.4,1.37,1.26,0.5,0.27,0.37,1.29,0.59,0.48,0.07,0.18,14.36,1.97,7.45,4.72,1.97,1.87,0.74,0.48,0.55,0.79,1.12,0.04,0.1,0.1,5.29,6.06,0.39,0.13,0.25,0.05,1.03,1.66,0.85,0.44,0.04,16.2
"2015_Bradley,James_TheChinaMirage_HIST.txt",CONT_HIST,103082,23.08,27.97,72.42,0.68,46.1,7.06,3.75,0.38,0.42,0.15,1.94,0.85,3.31,8.76,9.04,5.9,5.26,2.03,0.96,2.33,14.58,5.18,0.93,1.84,1.49,0.02,7.96,0.36,0.17,0.72,4.69,2.56,2.09,0.24,1.13,0.42,13.19,1.67,1.44,1.47,1.3,0.95,0.69,4.65,1.38,1.29,0.44,0.31,0.34,1.01,0.36,0.42,0.08,0.17,13.23,1.61,6.97,4.43,3.34,2.27,0.67,0.36,1.02,0.65,0.44,0.04,0.05,0.12,5.52,5.71,0.34,0.19,0.08,0.04,1.83,1.72,1.87,0.26,0.08,17.14
"2015_Burrough,Bryan_DaysofRage_HIST.txt",CONT_HIST,198670,16.88,23.48,76.54,0.69,49.57,9.08,5.1,0.47,0.49,0.23,2.47,1.44,3.98,9.74,9.86,5.91,6.73,1.86,0.59,2.81,14.32,4.71,0.96,2.3,2.08,0.09,9.3,0.26,0.21,0.85,3.5,1.61,1.86,0.35,0.91,0.28,12.51,1.77,1.02,0.97,1.53,1.14,0.63,4.55,1.15,2.01,0.93,0.56,0.44,1.24,0.53,0.39,0.14,0.21,17.02,2.61,8.06,6.08,2.52,1.51,0.89,0.79,0.69,0.21,0.37,0.04,0.05,0.11,6.01,7.69,0.25,0.34,0.14,0.09,1.36,2.13,1.62,0.08,0.08,19.34
"2015_Cadbury,Deborah_PrincesatWar_HIST.txt",CONT_HIST,130249,24.01,23.97,77.39,0.82,50.45,8.44,5.39,0.41,0.27,0.16,3.8,0.76,3.04,10.27,10.26,6.7,6.66,1.93,0.76,2.85,15.84,4.51,0.98,1.9,0.83,0.02,9.6,0.76,0.14,0.62,5.53,2.84,2.61,0.6,1.04,0.52,12.65,1.87,1.02,1.31,1.66,1.03,0.73,3.94,1.45,1.81,0.74,0.43,0.56,1.01,0.44,0.38,0.06,0.14,14.43,1.95,7.45,4.82,1.52,2.58,0.73,0.52,0.31,0.72,0.43,0.03,0.08,0.08,5.56,4.61,0.18,0.14,0.16,0.05,1.32,0.07,3.56,0.07,0.06,15.27
"2015_Campbell,WJoseph_1995TheYear_HIST.txt",CONT_HIST,70266,23.14,28.57,73.08,1.63,46.36,6.84,3.45,0.44,0.29,0.23,1.81,0.67,3.39,9.93,8.96,5.73,5.37,2.37,0.6,2.39,14.56,4.89,0.97,2.01,1.28,0.03,7,0.15,0.1,0.49,4.14,2.09,2.02,0.41,0.94,0.34,12.06,1.97,1.34,0.82,1.66,0.78,0.59,3.93,1.38,1.77,0.71,0.68,0.32,0.94,0.38,0.26,0.17,0.16,15.13,1.7,7.69,5.45,3.26,2.02,0.97,0.48,0.8,0.19,0.39,0.03,0.07,0.07,6.02,6.22,0.27,0.13,0.09,0.01,2.22,2.85,1.39,0.11,0.12,18.64
"2015_Casey,Kathryn_DeliverUs_HIST.txt",CONT_HIST,103962,15.67,20.6,80.69,0.46,51.94,12.31,7.84,1.56,0.43,0.29,4.48,1.07,4.47,9.19,12.62,7.07,8.53,2.3,0.51,3.34,13.46,5.21,1.52,1.66,1.62,0.04,12.34,0.87,0.28,1.23,3.94,1.53,2.39,0.38,1.25,0.44,13.62,2.51,1,1.34,2.01,0.94,0.59,4.59,1.52,2.47,0.89,1,0.47,2.25,1.15,0.56,0.28,0.31,15.9,2.46,7.47,5.87,1.77,1.22,0.86,0.87,0.5,0.25,1.14,0.04,0.05,0.11,6.34,7.6,0.14,0.06,0.33,0.04,1.27,2.58,3,0.09,0.03,21.08
"2015_Cottrell,Leonard_LostWorlds_HIST.txt",CONT_HIST,104034,23.47,24.78,75.35,0.33,51.87,8.07,3.66,0.32,0.28,0.21,1.3,1.55,4.41,10.78,8.54,5.94,4.83,2.68,0.49,2.88,15.83,5.85,0.69,2.42,1.27,0.01,6.55,0.24,0.07,0.82,3.6,2.18,1.4,0.2,0.62,0.34,12.96,1.76,1.12,0.58,2.04,1.02,0.54,5.13,1.25,1.1,0.5,0.19,0.3,1.24,0.65,0.34,0.08,0.22,13.93,1.4,7.64,4.69,1.2,1.99,0.71,0.35,0.46,1.03,0.55,0.01,0.1,0.11,5.03,7.54,0.1,0.41,0.07,0.04,1.45,0.82,0.4,0.22,0,15.81
"2015_Denis,Nelson_WarAgainstAllPuertoRicans_HIST.txt",CONT_HIST,75872,21.26,24.12,72.6,1.35,46.38,7.72,4.97,0.27,0.4,0.13,3.02,1.15,2.75,9.6,7.55,4.36,5.38,1.2,0.44,2.1,13.4,5.84,0.77,2.39,2.1,0.03,8.59,0.31,0.09,0.86,3.47,1.69,1.75,0.19,0.91,0.34,12.15,1.07,0.95,0.79,1.25,1.35,0.66,5.35,1.04,1.94,0.7,0.55,0.46,2.29,0.98,0.66,0.1,0.58,14.38,1.89,7.63,4.7,3.13,1.34,1.41,0.8,0.87,0.24,0.6,0.01,0.03,0.11,5.99,7.95,0.3,0.22,0.03,0.06,1.21,1.61,0.99,0.33,0.15,18.68
"2015_Donovan,FrankR_TheVikings_HIST.txt",CONT_HIST,29429,21.5,22,74.58,0.52,50.8,7.69,4.5,0.13,0.07,0.1,2.32,1.88,3.19,10.82,8.49,5.28,6,1.55,0.39,2.57,15.08,6.46,0.77,2.5,1.6,0.01,8.5,0.61,0.09,0.72,4.02,1.95,2.05,0.2,1.26,0.38,12.74,1.35,1.21,0.74,1.64,0.72,0.58,5.45,1.49,1.13,0.49,0.24,0.37,1.22,0.69,0.36,0.03,0.19,14.63,2.04,7.47,4.95,1.09,2.12,0.51,0.34,0.68,0.98,0.57,0.01,0.06,0.06,4.83,7.2,0.16,0.34,0.02,0.01,1.34,0.91,0.88,0.09,0,15.48
"2015_Downs,GregoryP_AfterAppomattox_HIST.txt",CONT_HIST,96676,22.55,30.16,74.97,0.9,46.69,5.78,2.48,0.08,0.21,0.06,0.89,1.24,3.3,9.5,7.71,4.8,4.27,1.67,0.93,2.67,15.59,5.86,1.24,2.2,1.11,0.02,6.08,0.12,0.05,0.61,5.56,2.7,2.82,0.33,1.77,0.33,14.97,1.64,1.72,1.57,2.03,1.18,1.45,3.85,2.32,1.36,0.87,0.23,0.19,0.61,0.19,0.24,0.13,0.05,14.41,1.51,7.62,4.74,3.31,2.86,0.32,0.27,0.55,0.15,0.78,0.01,0.04,0.1,5,6.39,0.05,0.24,0.05,0.01,0.81,2.32,1.05,0.04,0.07,15.72
"2015_Doyle,DonH_TheCauseofAllNations_HIST.txt",CONT_HIST,109188,27.97,29.12,73.17,0.77,47.73,7.29,3.82,0.21,0.4,0.13,2.21,0.88,3.47,9.43,7.89,4.99,4.76,1.64,0.89,2.09,16.65,5.39,0.84,2.01,0.92,0.02,7.86,0.22,0.16,0.56,5.39,3.05,2.28,0.42,1.26,0.34,13.06,1.86,1.43,1.16,1.63,1,0.66,4.47,1.39,1.2,0.45,0.37,0.31,0.74,0.37,0.25,0.06,0.09,13.25,1.65,7.14,4.25,2.72,2.05,0.48,0.26,0.53,0.64,0.61,0.02,0.08,0.04,4.35,6.01,0.11,0.09,0.05,0.08,0.84,3.25,1.15,0.13,0,15.82
"2015_Dunkerly,RobertM_TotheBitterEnd_HIST.txt",CONT_HIST,47708,16.6,24.84,72.03,1.38,47.06,6.6,3.91,0.43,0.39,0.22,1.48,1.39,2.7,9.81,8.26,5.03,5.61,1.49,0.59,2.5,15.62,5.4,0.73,2.18,1.04,0.01,7.68,0.2,0.07,0.7,4,1.9,2.05,0.27,1.15,0.42,11.96,1.15,1.08,0.72,1.34,0.69,0.75,5.1,1.13,1.07,0.49,0.26,0.26,0.86,0.32,0.22,0.18,0.14,16.39,2.23,8.65,5.12,2.09,1.49,0.5,0.73,0.47,0.15,0.62,0.04,0.08,0.03,6.46,7.12,0.25,0.19,0.04,0.04,0.71,1.66,0.84,0.56,0.26,18.37
"2015_Foner,Eric_GatewaytoFreedom_HIST.txt",CONT_HIST,71854,23.88,28.8,71.86,1.32,46.06,6.41,3.36,0.16,0.14,0.05,2.02,0.99,3.05,9.83,6.26,3.73,4.28,1.02,0.4,2.3,16.69,5.2,0.66,1.97,1.2,0.01,8.46,0.46,0.12,1.17,3.57,2.23,1.29,0.18,0.49,0.25,11.49,1.38,1.06,0.62,1.33,1.28,0.7,4.06,1.2,1.4,1.03,0.15,0.17,0.92,0.19,0.29,0.37,0.07,15.46,2.08,7.87,5.23,2.54,1.7,0.54,0.34,1.29,0.38,0.23,0.01,0.08,0.05,5.28,7.51,0.08,0.14,0.02,0.01,1.04,3.21,1.07,0.21,0.13,18.46
"2015_Fraser,Steve_TheAgeofAcquiescence_HIST.txt",CONT_HIST,131845,25.47,30.58,76.38,0.59,47.88,6.2,2,0.06,0.26,0.11,0.47,1.09,4.2,9.48,6.82,4.69,3.62,2.14,0.49,2.84,15.64,6.49,0.88,2.83,1.27,0.02,5.48,0.19,0.06,0.82,4.77,2.64,2.07,0.43,0.85,0.43,13.14,1.46,1.32,0.84,2.07,1.15,0.6,4.9,1.7,0.99,0.37,0.16,0.36,1.31,0.34,0.64,0.12,0.25,13.9,1.47,7.42,4.68,4.85,2.35,0.79,0.45,2.51,0.54,0.3,0.01,0.12,0.18,4.24,6.96,0.23,0.25,0.1,0.03,2.07,2.04,0.75,0.25,0.05,16.37
"2015_Fried,Johannes_TheMiddleAges_HIST.txt",CONT_HIST,226857,29.77,27.68,75.24,0.44,51.17,7.2,2.84,0.1,0.1,0.08,1.62,0.93,4.37,10.77,7.23,5.06,4.85,1.33,0.37,3.23,16.81,6.18,0.83,2.39,0.95,0.03,5.78,0.32,0.05,0.56,3.68,2.24,1.4,0.26,0.62,0.27,13.31,1.91,1.45,0.68,1.47,1.48,0.64,4.85,1.4,0.74,0.31,0.14,0.19,0.73,0.28,0.33,0.07,0.07,13.55,1.45,6.89,4.91,2.21,2.74,0.38,0.17,0.69,2.07,0.29,0.01,0.09,0.06,3.56,6.99,0.16,0.55,0.07,0.02,0.99,1.27,0.64,0.55,0.03,14.96
"2015_Gessen,Masha_TheBrothers_HIST.txt",CONT_HIST,77502,21.23,22.58,80.32,0.44,53.5,10.14,5.95,0.55,0.13,0.33,3.51,1.43,4.19,9.08,12.09,7.57,7.87,2.71,0.65,3.46,14.56,5.62,1.26,2.44,1.62,0.02,11.13,0.78,0.27,1.05,3.5,1.65,1.82,0.46,0.77,0.26,14.13,1.96,1.22,1.15,2.28,1.2,0.53,4.5,1.99,1.65,0.73,0.55,0.31,1.07,0.4,0.43,0.06,0.2,15.21,2.11,7.3,5.53,2.5,1.44,1.05,0.99,0.62,0.29,0.39,0.02,0.07,0.15,4.62,6.09,0.53,0.24,0.19,0.06,1.46,1.29,1.17,0.09,0.2,15.44
"2015_Grosvenor,EdwinS_TheBestofAmerican_HIST.txt",CONT_HIST,65363,18.72,24.58,76.42,0.77,49.92,8.51,5.31,0.6,0.21,0.13,3.69,0.68,3.2,9.88,9.78,6.07,6.52,1.72,0.77,2.4,15.33,5.42,0.96,2.05,1.37,0.04,9.27,0.39,0.11,0.73,5.02,2.33,2.65,0.31,1.45,0.53,12.77,1.4,1.12,1.18,1.46,0.97,0.88,4.37,1.57,1.73,0.83,0.48,0.35,1.35,0.56,0.4,0.23,0.18,14.76,2.08,7.32,5.04,2.16,2.29,0.63,0.45,0.56,0.34,0.72,0.01,0.06,0.06,5.81,6.95,0.26,0.3,0.05,0.06,1.29,2.38,1.21,0.05,0.06,18.1
"2015_Harden,Blaine_TheGreatLeaderandtheFighterPilot_HIST.txt",CONT_HIST,79548,17.85,22.66,76.95,0.44,49.55,8.76,5.58,0.2,0.19,0.15,3.88,1.15,3.17,8.96,9.81,5.8,6.67,1.76,0.67,2.67,14.8,5.35,1.84,1.93,1.68,0.03,10.22,0.48,0.17,0.52,5.29,2.27,2.98,0.5,1.66,0.4,13.08,1.6,1.68,1.3,1.43,0.95,0.77,4.39,1.49,1.75,0.58,0.64,0.45,1.19,0.43,0.34,0.1,0.34,15.7,2.19,8.25,5.09,2.76,2.22,0.82,0.32,0.56,0.2,0.79,0.03,0.07,0.09,5.76,6.23,0.13,0.05,0.07,0.02,1.87,1.64,0.91,0.12,0.04,16.18
"2015_Hartman,Andrew_AWarfortheSoul_HIST.txt",CONT_HIST,111164,27.57,33.17,75.16,0.64,45.26,7.2,2.6,0.12,0.24,0.08,1.24,0.92,4.6,9.42,7.13,4.57,4.43,1.7,0.44,2.71,15.05,4.58,0.77,2.45,0.86,0.06,7.49,0.28,0.08,1.15,4.79,2.34,2.4,0.32,1.3,0.34,13.24,2.43,1.88,0.93,1.71,1.15,1.11,3.16,1.37,1.51,0.9,0.3,0.22,1.42,0.21,0.5,0.82,0.07,11.4,1.44,6.15,3.62,3.98,2.18,1.05,0.32,0.51,1.24,0.23,0.01,0.05,0.18,4.07,6.08,0.3,0.06,0.08,0.02,1.55,3.08,1.22,0.09,0.01,15.97
"2015_Henderson,Bruce_RescueatLosBanos_HIST.txt",CONT_HIST,91621,18.04,22.24,76.38,0.56,51.31,8.71,5.56,0.27,0.16,0.31,2.92,1.9,3.15,9.46,10.84,6.6,7.33,1.76,0.72,3.05,15.34,5.64,1.06,2.21,1.78,0.04,9.27,0.23,0.08,0.8,3.5,1.54,1.93,0.21,1.09,0.33,13.09,1.41,1.14,1.33,1.37,0.87,0.95,5.09,1.34,1.74,0.63,0.54,0.48,1.93,0.65,0.74,0.05,0.52,16.36,2.66,7.96,5.45,1.82,1.42,0.76,0.38,0.25,0.18,0.55,0.05,0.1,0.08,5.57,5.64,0.27,0.11,0.23,0.09,1.6,1.32,1.01,0.1,0.02,15.43
"2015_Hiro,Dilip_TheLongestAugust_HIST.txt",CONT_HIST,172837,23.53,29.88,69.77,1.62,45.01,6.54,3.36,0.21,0.33,0.07,1.98,0.77,3.18,9.76,6.33,4.14,3.94,1.26,0.57,1.49,16.68,4.35,0.56,1.59,1.53,0.02,6.6,0.14,0.12,0.39,4.14,2.11,2,0.39,1.04,0.36,11.2,1.37,1.64,0.78,0.95,0.69,0.92,4.12,0.89,0.93,0.29,0.28,0.31,0.74,0.35,0.25,0.06,0.1,14.64,1.84,7.99,4.49,3.16,2.19,0.75,0.32,0.53,1.24,0.37,0.02,0.08,0.02,5.03,5.72,0.2,0.07,0.04,0,2.54,1.52,1.08,0.45,0.08,16.14
"2015_Hodes,Martha_MourningLincoln_HIST.txt",CONT_HIST,99785,24.86,26.45,78.16,0.34,48.54,7.75,4.49,0.37,0.32,0.09,2.51,1.2,3.26,9.32,8.91,5.02,5.93,1.5,0.76,3.28,15.41,5.55,0.96,2.63,1.08,0.06,9.35,0.47,0.19,1.15,6.46,2.62,3.76,0.47,1.48,1.41,13.75,1.87,1.11,1.3,1.71,1.31,0.54,4.4,1.49,2.56,1.54,0.46,0.45,1.15,0.52,0.39,0.14,0.1,14.26,1.68,7.19,5.23,1.94,1.97,0.84,0.81,0.47,0.93,1.66,0.04,0.07,0.12,4.39,7.75,0.18,0.08,0.1,0.18,0.97,4.75,1.45,0.22,0.22,20.12
"2015_Hoffman,Bruce_AnonymousSoldiers_HIST.txt",CONT_HIST,207286,27.79,30.96,74.76,0.62,48.3,6.27,2.58,0.21,0.28,0.07,1.29,0.73,3.69,10.4,8.12,5.86,5.07,1.55,0.73,2.56,15.16,5.42,0.81,2.35,1.47,0.01,5.76,0.1,0.1,0.51,5.02,2.06,2.91,0.71,1.36,0.42,13.68,1.78,1.72,1.09,1.56,1.24,1.02,4.47,1.27,0.81,0.32,0.17,0.27,0.79,0.33,0.33,0.02,0.12,13.55,1.62,6.88,4.8,3.34,2.36,0.7,0.29,0.46,1.25,0.51,0.04,0.1,0.04,4.29,5.37,0.12,0.1,0.03,0.02,1.63,1.87,1.53,0.19,0.01,14.63
"2015_Holcombe,Larry_ThePresidentsandUFOs_HIST.txt",CONT_HIST,85077,20.19,24.24,78.39,0.89,51.34,8.86,4.05,0.82,0.38,0.1,1.93,0.83,4.82,9.78,10.86,7.03,5.89,3.45,0.65,2.88,15.07,5.71,0.91,2.28,1.26,0.01,7.52,0.14,0.1,0.42,3.18,1.86,1.29,0.18,0.47,0.2,15.18,2.68,1.59,1.1,2.19,1.11,0.64,4.76,1.53,2.01,1.1,0.48,0.3,0.93,0.29,0.54,0.03,0.08,14.37,1.96,7.89,4.42,3.83,1.86,0.84,0.26,0.36,0.09,0.17,0.02,0.11,0.06,5.18,4.54,0.19,0.07,0.1,0.01,1.36,0.59,0.82,0.23,0.13,12.85
"2015_Hooper,John_TheItalians_HIST.txt",CONT_HIST,97129,22.7,25.13,78.23,0.61,53.87,8.03,3.19,0.36,0.11,0.33,1.1,1.29,4.84,10.17,9.93,7.01,4.28,4.22,0.58,3.16,16.35,5.9,0.86,3.27,1.57,0.01,6.92,0.41,0.12,0.78,3.56,2.14,1.39,0.27,0.54,0.26,13.59,1.87,1.48,0.9,2.63,1.16,0.61,3.6,2.31,1.22,0.45,0.37,0.3,1.14,0.34,0.39,0.17,0.27,14.18,1.44,7.92,4.59,2.34,1.68,1.01,0.35,0.81,0.69,0.23,0.02,0.07,0.11,4.61,5.41,0.25,0.05,0.07,0.04,1.15,1.2,0.86,0.28,0.16,13.9
"2015_Katusa,Marin_TheColderWar_HIST.txt",CONT_HIST,73135,18.05,26.67,74.81,1.66,48.06,6.19,2.22,0.11,0.12,0.18,1.09,0.72,3.96,9.43,9.24,6.56,3.69,3.72,1.06,2.68,15.58,5.43,0.89,2.76,1.38,0.02,4.64,0.1,0.13,0.38,4.33,2.39,1.91,0.28,1,0.31,13,1.3,1.79,1.24,1.68,0.91,0.94,4.39,1.48,1.62,0.44,0.14,0.29,0.65,0.26,0.24,0.03,0.12,14.25,1.83,7.87,4.21,3.37,2.62,0.49,0.31,2.48,0.43,0.36,0.03,0.09,0.06,5.91,5.78,0.18,0.12,0.08,0,1.76,0.42,1.81,0.41,0.26,16.36
"2015_King,M_TheREALRoosevelts_HIST.txt",CONT_HIST,21254,21.87,25.42,72.18,2.2,45.01,6.93,3.71,0.55,0.43,0.26,1.99,0.49,3.22,9.17,7.53,5.27,2.63,3.69,0.62,2.93,14.27,5.03,0.91,1.94,0.82,0.1,7.59,0.68,0.14,1.08,6.22,2.65,3.52,0.32,2.13,0.53,11.66,1.26,1.46,0.63,1.2,1.28,0.67,4.07,1.46,1.48,0.61,0.32,0.49,1.17,0.46,0.4,0.2,0.14,12.89,1.46,5.86,5.32,2.68,2.16,0.76,0.3,0.96,0.35,1.24,0.04,0.1,0.12,4.69,5.59,0.34,0.46,0.21,0.35,3.66,3.09,1.99,0.8,0.34,20.89
"2015_Kruse,Kevin_OneNationUnderGod_HIST.txt",CONT_HIST,111126,23.96,29.34,78.76,0.64,48.81,8.08,4.31,0.39,0.77,0.19,1.91,1.05,3.77,10.66,7.79,4.75,4.22,2.25,0.69,2.53,15.49,4.93,0.71,2.44,1.41,0.01,8.42,0.14,0.12,0.62,4.68,3.34,1.29,0.26,0.57,0.23,12.92,1.82,1.57,1.02,1.44,1.26,0.71,3.88,1.4,1.3,0.43,0.52,0.29,0.73,0.25,0.29,0.06,0.14,13.8,1.64,7.15,4.68,4.14,2.6,0.79,0.42,0.74,3.59,0.11,0.02,0.11,0.07,4.66,6.72,0.16,0.14,0.07,0.05,1.15,4.4,1.29,0.13,0.07,18.52
"2015_Larson,Erik_DeadWake_HIST.txt",CONT_HIST,106564,18.26,22.43,76.37,0.75,50.34,8.63,4.87,0.61,0.23,0.18,3.12,0.74,3.76,10.14,9.74,5.6,6.44,1.81,0.69,2.93,14.94,5.46,0.88,2.1,1.8,0.02,8.14,0.35,0.16,0.76,4.2,2.19,1.97,0.38,0.8,0.42,12.8,1.64,1.05,1.16,1.71,1.07,0.7,4.45,1.52,1.95,0.93,0.44,0.47,1.49,0.66,0.33,0.06,0.47,15.82,2.47,7.91,5.31,1.6,1.58,0.87,0.53,0.42,0.27,0.52,0.04,0.12,0.09,5.5,7.24,0.23,0.23,0.06,0.07,1.54,2.64,1.2,0.05,0.03,18.18
"2015_Manseau,Peter_OneNationUnderGods_HIST.txt",CONT_HIST,149643,27.87,24.94,80.03,0.32,53.94,9.44,4.89,0.29,0.37,0.2,2.6,1.43,4.55,10.32,9.71,6.32,5.53,2.42,0.93,3.11,16.64,5.53,1.04,2.64,1.39,0.02,9.03,0.3,0.09,0.94,4.04,2.41,1.57,0.29,0.63,0.31,13.82,2.31,1.34,1.15,2.21,1.14,0.53,3.99,1.71,1.27,0.49,0.41,0.26,1.06,0.36,0.46,0.06,0.19,13.48,1.78,6.7,4.85,1.7,1.7,0.66,0.35,0.54,2.69,0.33,0.01,0.13,0.13,3.56,6.23,0.23,0.17,0.08,0.02,1,2.28,0.8,0.11,0.03,14.2
"2015_Martelle,Scott_TheMadmanandtheAssassin_HIST.txt",CONT_HIST,71171,23.4,23.65,77.52,0.65,51.24,8.36,5.28,0.55,0.18,0.17,3.44,0.95,3.08,10.09,9.18,5.44,6.19,1.72,0.67,2.92,15.9,6.41,0.78,2.18,1.61,0.02,9.09,0.3,0.31,0.84,3.85,2.01,1.8,0.26,0.86,0.35,12.94,1.34,0.88,1.1,1.76,0.63,0.63,5.53,1.42,1.48,0.57,0.4,0.44,1.76,0.64,0.68,0.1,0.36,16.3,2.42,8.18,5.43,2.04,1.7,0.73,0.81,0.83,0.74,0.53,0.01,0.08,0.05,4.57,6.89,0.1,0.16,0.03,0.03,1.04,1.39,1.27,0.16,0.09,15.49
"2015_McPherson,JamesM_TheWarThatForgedANation_HIST.txt",CONT_HIST,65628,25.97,27.94,75.34,1.03,50.31,7.73,3.69,0.45,0.42,0.14,1.69,0.99,4.04,9.67,7.87,5.13,4.25,2.14,0.81,2.38,16.47,5.79,1.07,2.6,1.6,0.03,6.87,0.17,0.07,0.5,5.73,2.44,3.26,0.33,2.11,0.52,13.72,1.67,1.35,1.18,2,1.21,0.78,4.28,1.92,1.2,0.56,0.29,0.27,0.67,0.27,0.27,0.08,0.05,13.45,1.57,7.29,4.29,2.42,2.48,0.38,0.21,0.42,0.45,1.39,0.02,0.1,0.06,4.39,4.83,0.19,0.21,0.1,0.02,0.9,3.12,0.95,0.2,0.05,14.78
"2015_Meyer,Michael_InManchuria_HIST.txt",CONT_HIST,101922,14.69,23.2,76.16,0.63,48.08,9.96,6.41,2.09,0.7,0.59,2.11,0.93,3.55,9.62,9.94,5.58,5.99,2.78,0.55,3,13.25,4.89,1.14,1.64,1.56,0.01,9.3,0.62,0.13,0.85,3.32,1.85,1.45,0.18,0.59,0.41,11.38,1.31,1.13,1.02,1.22,0.76,0.64,4.18,1.51,3.02,1.22,1.04,0.63,1.68,0.7,0.41,0.07,0.54,15.81,2.19,8.32,5.24,2.31,1.34,1.38,1.04,0.95,0.25,0.39,0.05,0.06,0.23,6.46,6.69,0.44,0.21,0.33,0.2,1.84,3.48,2.04,0.16,0.05,21.28
"2015_Millhiser,Ian_Injustices_HIST.txt",CONT_HIST,95491,35.06,28.73,75.92,0.55,48.93,7.45,3.16,0.18,0.2,0.08,1.4,1.3,4.28,9.75,7.63,5.27,3.39,2.39,0.92,2.95,15.52,4.94,0.98,2.98,1.55,0.01,6.67,0.18,0.11,1.05,4.1,2.37,1.68,0.25,0.72,0.36,13.59,1.7,1.6,1.5,2.2,1.47,1.25,3.16,1.68,1.18,0.67,0.18,0.2,1.28,0.33,0.57,0.14,0.28,12.75,1.56,6.48,4.29,3.99,2.76,0.54,0.42,1.5,0.23,0.31,0.02,0.06,0.08,4.01,5.03,0.04,0.07,0.04,0.01,1.12,2.11,1.57,0.15,0.06,13.92
"2015_Mitenbuler,Reid_BourbonEmpire_HIST.txt",CONT_HIST,93597,22.64,28.37,75.66,0.65,47.33,7.33,2.93,0.1,0.11,0.1,1.61,1,4.4,9.2,8.82,5.7,4.9,2.73,0.62,3.25,14.31,5.62,0.76,2.86,1.33,0.02,5.92,0.25,0.1,0.42,3.98,2.41,1.54,0.21,0.73,0.31,13.62,1.54,2.2,1.09,1.8,1.03,0.82,4.02,1.44,1.66,0.51,0.22,0.42,2.96,0.32,0.45,0.08,2.24,13.59,1.53,6.51,5.48,3.31,2.4,2.38,0.31,1.83,0.49,0.29,0.02,0.07,0.24,4.62,5.93,0.17,0.05,0.05,0.01,1.27,1.51,1.83,0.21,0.12,15.47
"2015_Morton,Andrew_17Carnations_HIST.txt",CONT_HIST,114124,22.33,26.06,73.17,1.13,48.05,8.72,5.2,0.4,0.17,0.12,3.74,0.77,3.51,9.98,8.6,5.8,5.3,1.82,0.74,2.63,14.72,4.82,0.88,1.78,0.86,0.02,10.19,0.68,0.32,0.74,4.84,2.82,1.93,0.41,0.83,0.32,11.98,2.02,1.09,1.18,1.57,0.95,0.65,3.83,1.25,1.24,0.47,0.31,0.35,0.99,0.35,0.34,0.13,0.18,12.06,1.62,5.72,4.47,2.42,2.19,0.89,0.45,0.44,0.53,0.37,0.03,0.11,0.05,4.47,6.87,0.93,0.09,0.06,0.01,1.58,1.87,1.02,0.18,0.09,16.66
"2015_MucCullough,David_TheWrightBrothers_HIST.txt",CONT_HIST,88144,20.88,20.04,80.88,0.78,54.41,8.96,5.51,0.59,0.39,0.24,2.91,1.36,3.45,9.41,11.26,7.07,6.97,2.55,0.8,3.52,16.14,6.18,1.22,2.96,1.6,0.02,8.9,0.55,0.12,0.53,3.79,2.53,1.24,0.3,0.3,0.26,14.37,1.64,1.22,1.36,2.11,1.48,0.53,4.85,1.74,1.94,0.73,0.54,0.57,1.32,0.63,0.36,0.07,0.28,17.26,2.36,8.39,6.34,1.81,1.92,0.82,0.53,0.62,0.37,0.16,0.03,0.09,0.12,5.22,7.1,0.07,0.09,0.06,0.05,0.86,2.46,0.64,0.13,0.1,16.55
"2015_ODonnell,JamesJ_Pagans_HIST.txt",CONT_HIST,71900,24.46,24.17,81.05,0.38,53.62,8.89,4.48,0.23,0.62,0.25,2.23,1.15,4.41,9.8,9.95,6.44,5.33,3,0.76,3.52,15.77,6.61,1.09,2.78,1.23,0.01,8.28,0.29,0.09,0.7,4.69,3.23,1.45,0.22,0.71,0.21,15.38,1.98,1.36,1.21,2.16,1.23,0.55,5.35,2.03,1.32,0.56,0.41,0.26,0.8,0.31,0.31,0.07,0.13,14.24,1.61,7.07,5.39,1.63,2,0.7,0.24,0.4,3.27,0.4,0.02,0.14,0.1,4.29,5.86,0.15,0.11,0.2,0.02,0.64,0.87,0.89,0.26,0.02,13.32
"2015_Oreilly,Bill_BillOReillysLegends_HIST.txt",CONT_HIST,85447,20.83,21.86,77.23,0.63,51.26,9.71,6.3,0.4,0.15,0.17,4.3,1.28,3.41,9.19,9.94,6.13,6.94,1.73,0.56,3.08,14.58,6.04,0.82,2.25,1.96,0.05,10.3,0.36,0.13,1.26,4.82,2.35,2.45,0.24,1.48,0.34,12.98,1.71,1.04,0.88,1.67,1.06,0.69,4.9,1.28,1.52,0.7,0.35,0.39,1.37,0.67,0.44,0.07,0.23,15.06,2.18,7.26,5.34,1.68,1.78,0.98,0.34,0.96,0.13,0.86,0.02,0.08,0.05,4.74,6.75,0.17,0.25,0.06,0.06,1,1.38,1.16,0.08,0.06,15.43
"2015_Paget,KarenM_PatrioticBetrayal_HIST.txt",CONT_HIST,148384,26.93,30.43,73.73,0.64,45.52,7.06,3.55,0.33,0.24,0.12,2.07,0.79,3.52,10.36,8.13,4.91,5.17,1.68,0.62,2.11,14.72,4.87,0.96,1.71,0.9,0.02,7.86,0.1,0.14,0.42,4.35,2.42,1.89,0.36,0.87,0.35,13.29,2.18,1.66,1.15,1.53,0.92,0.81,3.92,1.57,1.21,0.4,0.35,0.37,0.51,0.24,0.14,0.07,0.07,13.7,1.94,6.99,4.54,5.86,2.53,0.64,0.24,0.76,0.41,0.21,0.04,0.05,0.05,5.25,6.32,0.25,0.11,0.08,0.02,1.74,2.27,0.94,0.34,0.04,16.93
"2015_Paul,Richard_WeCouldNotFail_HIST.txt",CONT_HIST,91872,24.25,24.56,79.12,0.67,50.64,9.39,4.5,0.56,0.47,0.3,2.01,1.16,4.9,9.14,10.57,6.19,6.53,2.55,0.74,3.27,14.9,5.69,1.17,2.37,1.16,0.02,8.84,0.18,0.07,0.85,3.31,1.93,1.35,0.24,0.53,0.19,14,1.8,1.67,1.32,1.63,1.06,0.5,4.67,1.75,2.59,1.23,0.95,0.32,0.68,0.21,0.3,0.03,0.15,15.1,2.26,8.27,4.24,4.98,2.6,0.6,0.34,0.59,0.17,0.13,0.04,0.06,0.12,4.99,6.02,0.08,0.15,0.12,0.04,1.08,3.31,1.38,0.22,0.08,17.25
"2015_Paulsen,MichaelStokes_TheConstitution_HIST.txt",CONT_HIST,130230,24.48,31.28,74.5,0.72,48.81,5.81,1.73,0.09,0.28,0.02,0.7,0.64,4.08,11.15,7.56,5.44,3.53,2.26,0.89,2.26,15.43,5.28,1.19,2.74,1.35,0,4.55,0.09,0.03,0.72,4.59,2.65,1.91,0.18,1.11,0.26,15.54,2.25,1.86,1.19,2.2,1.64,1.44,3.63,2.22,0.92,0.43,0.31,0.15,0.71,0.12,0.43,0.21,0.04,11.15,1.06,6.22,3.34,3.46,3.59,0.3,0.19,0.69,0.4,0.47,0.03,0.06,0.06,4.11,5.64,0.36,0.22,0.2,0.01,1.34,1.91,1.31,0.58,0.02,15.69
"2015_Paulson,Henry_DealingWithChina_HIST.txt",CONT_HIST,148626,20.91,27.09,77.92,1.03,48.42,8.38,4.8,1.6,1.17,0.17,1.08,0.78,3.58,8.17,9.78,6.46,5.18,2.74,0.96,2.47,15.33,5.9,0.81,2.45,1.08,0.01,7.02,0.14,0.14,0.44,4.49,3.12,1.31,0.28,0.32,0.26,14.66,1.69,1.85,1.55,1.42,0.94,0.88,5.44,1.44,1.21,0.42,0.34,0.35,0.75,0.26,0.28,0.02,0.19,14.62,2.2,7.71,4.3,5.51,3.27,0.73,0.39,2.79,0.21,0.06,0.02,0.11,0.14,5.22,5.71,0.15,0.14,0.06,0.01,1.85,0.79,1.5,0.11,0.14,14.97
"2015_Pillsbury,Michael_TheHundredYearMarathon_HIST.txt",CONT_HIST,82754,24.64,31.3,73.63,0.82,46.42,6.86,2.8,0.66,0.36,0.14,0.83,0.79,4.06,9.23,8.39,5.71,3.53,3.3,0.84,2.57,14.85,5.07,0.85,2.42,1.25,0.01,5.81,0.04,0.13,0.36,4.97,2.65,2.29,0.35,1.29,0.23,13.57,2.18,2.13,1.07,1.6,0.95,0.88,4.1,1.33,1.13,0.52,0.32,0.22,0.59,0.18,0.21,0.12,0.09,12.84,1.85,6.81,3.89,4.33,3.44,0.84,0.16,1.1,0.22,0.21,0.02,0.07,0.09,5.29,5.48,0.15,0.11,0.08,0.01,1.55,1.83,1.78,0.13,0.23,16.1
"2015_Pilon,Mary_TheMonopolists_HIST.txt",CONT_HIST,64967,18.81,23.6,79.32,0.56,49.72,9.35,5.24,0.5,0.27,0.33,3.12,1.02,4.11,8.94,10.7,6.48,7.21,2.18,0.48,2.9,14.33,5.88,1,2.33,1.24,0.02,11.51,0.98,0.24,0.76,3.99,2.6,1.35,0.26,0.5,0.29,13.71,1.9,1.49,1.11,1.9,0.9,0.43,4.74,1.64,1.54,0.46,0.6,0.4,0.85,0.33,0.32,0.06,0.16,13.18,1.48,6.64,4.88,3.8,1.98,2.59,0.63,2.9,0.18,0.2,0.03,0.1,0.08,5.26,6.41,0.12,0.06,0.19,0.01,1.69,2.12,1.67,0.13,0.06,17.11
"2015_Posner,Gerald_GodsBankers_HIST.txt",CONT_HIST,207210,27.88,29.34,74.77,0.81,47.88,7.51,3.67,0.27,0.11,0.06,2.57,0.67,3.83,10.42,8.9,5.82,6.44,1.31,0.58,2.73,14.23,4.58,0.98,2.32,1.56,0.01,7.31,0.23,0.16,0.32,4.03,2.06,1.89,0.35,0.79,0.34,12.09,1.8,1.35,0.99,1.78,0.83,0.83,3.52,1.43,0.93,0.3,0.31,0.29,0.76,0.25,0.28,0.12,0.12,11.93,1.49,5.73,4.42,3.37,1.89,0.51,0.23,2.38,2.96,0.45,0.02,0.08,0.04,5.59,4.7,0.13,0.06,0.06,0.01,1.62,1.71,1.73,0.29,0.24,15.8
"2015_Putnam,RobertD_OurKids_HIST.txt",CONT_HIST,89322,23.99,26.3,83.12,0.89,49.85,9.93,6.14,1.29,0.97,0.46,2.1,1.31,3.79,6.38,9.54,6.26,3.43,4.97,0.5,3.54,14.58,6.6,1.11,3.78,1.14,0.02,12.49,1.94,0.44,1.91,4.31,2.78,1.5,0.33,0.3,0.45,14.71,1.87,1.72,0.99,2.05,1.21,0.48,5.26,1.89,1.6,0.55,0.53,0.38,1.15,0.23,0.65,0.12,0.23,14.36,1.83,7.85,4.71,5.8,2.46,1.33,1.23,1.58,0.28,0.08,0.05,0.13,0.2,4.78,7.21,0.32,0.1,0.13,0.03,2.24,2.2,1.64,0.56,0.14,19.04
"2015_Reeves,Richard_Infamy_HIST.txt",CONT_HIST,85816,20.11,23.19,76.33,1.04,50.44,8.73,5.38,0.87,0.73,0.39,1.9,1.49,3.35,9.12,10.55,6.58,6.47,2.66,0.61,2.75,15.01,5.33,0.99,2.24,1.75,0.08,10.02,0.61,0.18,1.07,3.97,1.84,2.09,0.31,1.1,0.32,12.67,1.45,0.99,1.01,1.69,0.86,0.73,4.76,1.44,1.61,0.58,0.62,0.34,1.12,0.4,0.43,0.06,0.26,14.56,1.97,7.39,4.99,2.77,1.55,0.81,0.71,0.48,0.21,0.47,0.03,0.07,0.1,5.12,6.91,0.32,0.15,0.14,0.09,1.18,2.6,0.95,0.1,0.35,17.54
"2015_Rhodes,Richard_HellandGoodCompany_HIST.txt",CONT_HIST,78572,20.85,25.45,75.4,0.84,49.31,8,5,0.64,0.51,0.19,2.37,1.3,3,10,8.74,5.47,5.59,1.91,0.58,2.61,15.35,5.21,0.87,2.05,1.86,0.04,7.84,0.18,0.12,0.76,4.32,1.82,2.48,0.31,1.4,0.45,12.24,1.41,0.98,1.02,1.44,0.81,0.64,5.05,1.32,1.76,0.7,0.42,0.48,2.61,0.96,1.15,0.13,0.42,16.1,2.16,8.8,5.09,1.85,1.54,0.78,0.47,0.4,0.28,0.72,0.02,0.13,0.13,5.21,6.83,0.32,0.34,0.07,0.08,1.53,2.52,1.35,0.19,0.04,18.06
"2015_Roberts,Cokie_CapitalDames_HIST.txt",CONT_HIST,128326,22.39,23.82,79.52,0.4,51.41,9.29,6.08,0.65,0.31,0.19,4.04,0.89,3.21,9.96,9.78,5.94,5.77,2.39,0.82,3.12,15.58,5.63,1.02,2.17,1.22,0.02,11.51,1.03,0.27,1.56,5.39,3.02,2.33,0.41,1.03,0.55,12.7,1.47,1.03,1.24,1.44,1.05,0.69,4.56,1.47,1.63,0.8,0.41,0.35,1.3,0.39,0.53,0.23,0.18,14.59,2.21,6.94,5.15,2.44,2.2,0.82,0.77,0.64,0.29,0.57,0.03,0.11,0.08,4.82,5.26,0.36,0.2,0.05,0.09,0.99,3.2,1.42,0.08,0.31,16.49
"2015_Rogan,Eugene_TheFalloftheOttomans_HIST.txt",CONT_HIST,157806,23.78,29.15,70.67,1.17,46.37,5.12,3.25,0.18,0.22,0.1,1.34,1.42,1.87,11.51,6.46,3.95,4.48,0.99,0.51,1.85,17.29,4.46,0.62,1.78,1.34,0.01,6.26,0.15,0.11,0.54,5.24,2.1,3.11,0.39,1.79,0.58,11.1,1.18,1.35,0.88,0.98,0.8,1.02,4.44,0.79,1.04,0.37,0.21,0.37,1.01,0.32,0.46,0.02,0.23,14.7,1.92,8.22,4.33,1.95,2.4,0.47,0.22,0.33,0.58,0.91,0.01,0.07,0.04,4.78,5.13,0.11,0.04,0.03,0.03,1.32,1.45,0.77,0.2,0.01,13.49
"2015_Sarna,JonathanD_LincolnandtheJews_HIST.txt",CONT_HIST,72874,28.09,29.07,74.05,1.35,47.82,8.59,5.25,0.58,0.32,0.25,3.35,0.76,3.34,8.62,7.73,4.86,4.31,1.97,0.71,2.5,15.93,5.24,0.83,2.12,1.36,0,9.39,0.44,0.3,0.68,4.48,2.94,1.47,0.19,0.67,0.32,12.03,1.79,1.18,0.89,1.48,0.99,0.5,4.08,1.17,1.08,0.5,0.32,0.2,0.82,0.32,0.38,0.07,0.06,13.19,1.56,6.52,4.9,2.7,2.16,0.72,0.34,0.68,2.41,0.45,0.01,0.12,0.08,4.39,8.57,0.28,0.16,0.05,0.02,1.25,3.83,1.18,0.33,0.29,20.16
"2015_Scott,James_TargetTokyo_HIST.txt",CONT_HIST,182825,16.41,22.95,76.21,0.58,49.9,9.08,5.79,1.12,0.92,0.53,2.58,0.64,3.29,10.16,9.46,5.37,5.31,2.54,0.87,2.97,14.72,4.93,0.98,2.28,1.85,0.07,8.6,0.23,0.11,0.56,4.43,1.89,2.5,0.41,1.24,0.44,13.42,1.73,1.13,1.3,1.56,1.01,0.67,4.76,1.34,2.14,0.85,0.48,0.65,1.86,0.86,0.54,0.06,0.44,15.26,2.41,7.83,4.87,2,1.71,0.79,0.46,0.36,0.3,0.42,0.05,0.1,0.09,5.95,5.61,0.13,0.11,0.18,0.1,1.27,4.6,1.51,0,0.04,18.99
"2015_Scull,Andrew_MadnessinCivilization_HIST.txt",CONT_HIST,134493,32.72,29.92,75.22,0.65,49.98,7.39,3.27,0.16,0.21,0.02,1.66,1.21,4.12,9.74,7.17,5.03,4.18,1.82,0.44,2.8,16.05,6.65,0.77,2.76,1.11,0.03,6.3,0.26,0.08,0.7,5.12,2.17,2.92,0.63,1.06,0.6,14.08,1.85,1.6,0.85,2.21,1.09,0.71,5.08,1.59,1,0.44,0.21,0.23,2.88,0.64,1.96,0.21,0.14,11.73,1.41,6.24,3.84,1.96,1.93,0.63,0.26,0.61,1.07,0.39,0.01,0.08,0.1,3.65,7.28,0.26,0.22,0.07,0.01,2.24,0.01,2.02,0.74,0.03,16.42
"2015_Seierstad,Asne_OneofUs_HIST.txt",CONT_HIST,169561,13.13,17.94,83.9,0.23,56.09,12.28,8.46,0.83,0.29,0.64,5.22,1.48,3.83,9.47,13.87,8.52,8.74,3.23,0.79,3.58,14.62,5.37,1.26,2.3,1.43,0.04,12.89,0.63,0.24,0.98,3.98,2.15,1.8,0.31,0.67,0.4,13.51,1.51,1.11,1.6,1.7,1.11,0.73,4.61,1.82,2.72,1.05,0.91,0.74,1.93,0.96,0.54,0.14,0.32,16.26,2.52,8.24,5.17,2,1.48,1.15,0.69,0.58,0.34,0.33,0.11,0.09,0.11,7.13,4.88,0.16,0.13,0.33,0.28,0.97,0.04,3.75,0.01,0.46,17.8
"2015_Sky,Emma_TheUnraveling_HIST.txt",CONT_HIST,129303,15.94,22.85,79.71,0.34,53.24,11.32,7.98,2.69,1.45,0.25,2.44,1.14,3.34,9.09,11.86,7.29,8.44,1.91,0.7,2.89,15.71,5.21,1.02,1.82,1.05,0.03,10.38,0.24,0.11,0.66,4.34,2.43,1.88,0.37,0.87,0.29,14.25,1.6,1.47,1.31,1.12,0.91,0.81,5.51,1.4,1.68,0.61,0.63,0.37,1.22,0.49,0.36,0.1,0.29,14.83,2.59,7.6,4.28,2.73,1.98,0.81,0.47,0.38,0.63,0.36,0.04,0.08,0.06,6.12,4.75,0.15,0.14,0.18,0.1,1.37,1.86,0.62,0.11,0.02,14.92
"2015_Standiford,Les_Mulholland,William_WatertotheAngels_HIST.txt",CONT_HIST,90905,26.09,23.49,75.77,1.66,51.18,6.86,3.1,0.3,0.13,0.11,2.07,0.48,3.76,11.11,9.44,6.44,5.47,2.09,0.91,3.08,16.57,5.02,0.73,2.42,1.51,0.02,6.15,0.24,0.05,0.5,2.88,1.72,1.11,0.18,0.28,0.29,12.08,1.46,1.08,1.32,1.8,1.13,0.55,3.89,1.32,1.22,0.42,0.45,0.28,1.68,0.49,0.34,0.03,0.83,15.39,1.93,8.29,4.8,2.64,1.77,0.59,0.3,1.1,0.1,0.15,0.02,0.11,0.02,3.98,6.8,0.13,0.09,0.06,0,1.44,1.98,1.1,0.15,0.3,15.59
"2015_Stone,DavidR_TheRussianArmyintheGreatWar_HIST.txt",CONT_HIST,114337,25.92,31.53,72.56,1.49,45.4,4.16,1.86,0.11,0.08,0.01,0.92,0.74,2.3,10.35,6.12,3.9,4.34,0.97,0.38,2.21,16.58,5.16,0.68,2.31,1.77,0.01,4.51,0.05,0.02,0.29,6.11,1.99,4.1,0.4,2.56,0.69,12.44,1.13,1.52,0.92,1.35,0.93,1.17,4.61,1.26,0.7,0.21,0.06,0.35,0.68,0.16,0.43,0,0.1,16.52,2.24,9.38,4.7,2.54,3.14,0.3,0.09,0.39,0.23,0.8,0.01,0.1,0.02,4.29,6.1,0.22,0.09,0.01,0,1.46,0.29,1.21,0.17,0,13.34
"2015_Strauss,Barry_TheDeathofCaesar_HIST.txt",CONT_HIST,79539,15.56,22.58,76.21,0.62,51.51,9.17,5.34,0.05,0.12,0.07,3.78,1.3,3.83,9.42,10.07,6.27,6.74,1.96,0.7,3.4,14.88,6.23,1.23,2.2,1.22,0.01,10.35,0.51,0.22,0.93,5.59,3.19,2.35,0.35,1.35,0.34,13.42,1.45,1.25,1.35,2.1,0.85,0.7,4.16,2.27,1.36,0.33,0.63,0.31,1,0.51,0.28,0.12,0.11,12.92,1.74,6.25,4.86,1.38,2.2,0.53,0.4,0.55,0.34,0.85,0.02,0.14,0.18,6.79,5.89,0.08,0.1,0.12,0.03,0.76,0.56,1.91,0.18,0,16.29
"2015_Sublett,Jesse_1960sAustinGangsters_HIST.txt",CONT_HIST,44135,19.06,22.2,72.34,1.47,46.9,7.61,4.67,0.74,0.24,0.24,2.58,0.87,2.94,9.36,9.68,5.7,6.87,1.77,0.4,2.68,14.24,5.29,0.86,1.95,1.67,0.07,8.29,0.46,0.21,0.65,3.55,1.82,1.7,0.21,0.81,0.27,11.8,1.35,0.85,0.76,1.6,0.9,0.6,4.81,1.38,1.8,0.63,0.77,0.31,1.38,0.51,0.52,0.21,0.28,15.39,1.88,8.17,5.18,2.19,1.33,1.49,0.69,1.25,0.14,0.29,0.03,0.06,0.15,5.8,7.33,0.26,0.08,0.1,0.02,1.73,2.39,1.86,0.21,0.21,19.47
"2015_Suny,RonaldGrigor_TheyCanLiveintheDesert_HIST.txt",CONT_HIST,127997,30.69,31.85,73.54,0.6,49.2,6.36,3.17,0.21,0.32,0.08,0.87,1.69,3.19,11.52,7.29,4.85,4.62,1.49,0.56,1.97,16.13,6.12,0.78,2.23,1.04,0.01,6.58,0.13,0.08,0.75,4.95,2.1,2.8,0.5,1.52,0.45,13.47,1.67,1.48,0.85,1.54,0.84,0.89,5.26,1.53,0.71,0.28,0.17,0.22,0.72,0.28,0.34,0.05,0.07,12.95,1.59,7.06,3.96,2.24,2.36,0.39,0.22,0.44,1.06,0.92,0.02,0.09,0.11,4.15,6.11,0.12,0.19,0.03,0.02,1.22,1.84,0.46,0.5,0.01,14.59
"2015_Swain,Susan_FirstLadies_HIST.txt",CONT_HIST,158135,18,19.25,83.88,0.63,57.23,14.38,8.81,0.46,0.32,0.4,5.96,1.68,5.56,7.7,14.09,9.36,8.08,4.32,0.71,4.79,13.6,6,1.29,2.5,1.45,0.01,14.41,1.02,0.16,1.56,3.94,2.67,1.22,0.18,0.4,0.32,13.73,1.67,1.19,1.28,1.8,1.19,0.4,4.59,1.94,1.97,0.97,0.61,0.34,1.11,0.23,0.53,0.19,0.22,14.05,2.14,6.42,5.27,2.6,2.14,0.93,1.03,0.53,0.18,0.42,0.06,0.11,0.13,6.03,6.47,0.83,0.35,0.08,0,1.04,0.8,1.9,0.99,0.03,19.07
"2015_Tackett,Timothy_TheComingoftheTerrorintheFrenchRevolution_HIST.txt",CONT_HIST,138262,29.94,29.79,78,0.67,52.42,6.12,3.13,0.09,0.24,0.05,0.95,1.79,2.99,12.06,7.82,5.5,4.9,1.37,0.77,3.01,16.78,5.85,0.61,3.28,1.04,0.01,7.56,0.2,0.16,0.95,5.36,2.4,2.89,0.81,1.31,0.35,14.41,1.73,1.36,1.08,2.19,1.74,0.9,4.89,1.31,0.75,0.25,0.24,0.2,0.65,0.25,0.27,0.06,0.09,14.31,1.77,7.14,5.24,1.99,2.37,0.51,0.31,0.44,0.63,0.47,0.01,0.09,0.06,4.05,5.36,0.22,0.09,0.04,0.06,0.98,2.28,0.4,0.06,0,13.18
"2015_Taylor,Scott_TrustBetrayed_HIST.txt",CONT_HIST,73515,21.99,26.13,77.98,0.68,50.38,9.41,4.5,0.86,1.22,0.32,1.26,0.83,4.91,8.72,10.36,6.85,4.94,3.88,0.8,3.32,14.68,5.29,1.17,2.61,1.13,0.04,7.84,0.15,0.11,0.5,5.41,2.74,2.62,0.42,1.35,0.37,15.22,1.86,1.92,1.33,2.09,1.33,1.23,4.39,1.89,1.37,0.47,0.41,0.33,0.65,0.29,0.26,0.03,0.09,13.75,1.73,7.14,4.52,3.6,2.77,0.8,0.31,0.46,0.42,0.42,0.03,0.06,0.07,5.54,4.84,0.26,0.06,0.12,0.03,1.34,1.88,1.81,0.23,0.11,15.84
"2015_Wachsmann,Nikolaus_KL_HIST.txt",CONT_HIST,268968,30.19,26.63,74.25,1.38,48.47,6.04,3.32,0.15,0.16,0.05,1.53,1.42,2.73,9.15,7.83,5.05,6.01,0.97,0.4,3.36,16.46,5.05,0.77,3.33,1.64,0.02,6.6,0.18,0.11,0.89,4.3,1.57,2.69,0.41,1.4,0.43,12.26,1.38,1.3,0.7,1.84,1,0.85,4.23,1.23,1.11,0.47,0.21,0.36,1.47,0.46,0.71,0.07,0.27,16.54,2.13,7.96,6.18,2.41,2.01,0.48,0.25,0.35,0.65,1.22,0,0.09,0.16,4.58,7.6,0.22,0.39,0.05,0.04,1.31,1.7,0.45,0.34,0.01,16.47
"2015_Weinberg,Steven_ToExplaintheWorld_HIST.txt",CONT_HIST,113125,27.71,23.51,75.7,1.15,53.65,7.4,2.41,0.3,0.61,0.02,0.98,0.49,4.99,11.58,9.1,6.31,3.32,4.39,0.62,3.11,17.23,5.83,1.12,2.61,1.16,0.01,3.82,0.06,0.03,0.13,2.63,1.67,0.93,0.14,0.24,0.15,14.96,2.26,2.03,1,2.43,1.32,0.37,4.34,2.18,1.5,0.79,0.16,0.29,0.93,0.4,0.32,0.02,0.19,13.69,1.67,7.61,4.28,2.03,1.47,0.45,0.07,0.23,0.55,0.07,0.02,0.09,0.14,3.94,5.62,0.25,0.21,0.06,0.01,0.69,0.54,0.76,0.6,0.66,13.66
