Filename,corpus,WC,WPS,Sixltr,Dic,Numerals,funct,pronoun,ppron,i,we,you,shehe,they,ipron,article,verb,auxverb,past,present,future,adverb,preps,conj,negate,quant,number,swear,social,family,friend,humans,affect,posemo,negemo,anx,anger,sad,cogmech,insight,cause,discrep,tentat,certain,inhib,incl,excl,percept,see,hear,feel,bio,body,health,sexual,ingest,relativ,motion,space,time,work,achieve,leisure,home,money,relig,death,assent,nonfl,filler,Period,Comma,Colon,SemiC,QMark,Exclam,Dash,Quote,Apostro,Parenth,OtherP,AllPct
"2002_Baker,Jo_Offcomer_CT.txt",Cont_3P,58830,58830,16.15,80.83,0,52.66,13.79,10.71,0.08,0.01,0.15,9.64,0.83,3.07,9.1,10.01,5.56,6.97,1.45,0.71,3.26,14.71,5.09,0.64,1.24,0.74,0.1,12.78,0.34,0.04,0.45,2.92,1.37,1.53,0.37,0.42,0.47,12.63,1.74,0.59,1.37,1.58,0.88,0.67,5.24,1.4,5.89,2.44,0.71,2.56,4.97,3.37,0.5,0.19,1.03,18.34,2.79,10.75,4.79,0.81,0.68,0.97,1.42,0.22,0.09,0.1,0.05,0.03,0.21,8.86,8.35,0.11,0.18,0.09,0,0.72,0,1.28,0,0,19.59
"2005_Barfoot,Joan_Luck_PW.txt",Cont_3P,74363,74363,17.07,81.31,0,53.51,12.16,6.96,0.02,0.03,0.04,5.67,1.19,5.2,5.6,10.26,6.7,3.01,5.21,0.92,5.06,13.04,7.92,1.55,3.01,1.04,0.05,10.48,0.47,0.09,0.8,5.26,3.13,2.08,0.41,0.52,0.61,17.09,1.86,1.27,1.61,3.46,1.38,0.6,5.43,3.29,3.69,1.35,0.9,1.22,2.94,1.8,0.51,0.21,0.52,13.96,1.73,7.3,4.94,0.91,1.22,0.72,1.07,0.35,0.23,0.49,0.14,0.17,0.21,5.48,9.07,0.22,0.31,0.67,0.06,0.7,0,2.34,0.03,0,18.9
"2005_Barnes,Julian_ArthurGeorge_PW.txt",Cont_3P,156946,156946,18.04,82.5,0,56.73,13.61,8.84,1.45,0.31,1.19,4.95,0.95,4.77,8.18,12.3,8.38,4.71,5.41,1.17,3.93,13.26,6.52,1.73,2.33,1.26,0.04,12.41,0.71,0.17,1.42,4.19,2.44,1.71,0.42,0.53,0.36,16.16,2.6,1.2,1.73,2.73,1.67,0.54,4.24,2.82,2.02,0.85,0.46,0.61,1.54,0.81,0.44,0.12,0.2,12.56,1.77,5.84,4.83,1.59,1.32,0.7,0.54,0.38,0.52,0.19,0.17,0.13,0.13,6.15,5.89,0.27,0.53,0.77,0.04,0.97,0,2.91,0.01,0.03,17.57
"2005_Barry,Sebastian_LongLongWay_PW.txt",Cont_3P,85370,85370,13.63,82.43,0,56.91,13.26,8.49,1.1,0.32,1.01,4.21,1.85,4.77,8.76,11.55,7.28,6.82,2.87,0.83,4.45,13.63,7,1.12,2.48,1.03,0.41,11.43,0.55,0.13,1.19,4.93,2.36,2.56,0.41,1.13,0.52,15.27,1.73,0.84,1.46,2.3,1.44,0.46,5.64,2.19,2.88,1.24,0.76,0.75,2.54,1.47,0.41,0.42,0.31,14,2.07,7.61,4.68,0.69,0.89,0.6,0.45,0.22,0.6,0.59,0.18,0.17,0.52,5.65,6.9,0.02,0.1,0.53,0.1,0.51,0,3.06,0,0,16.87
"2005_Bergen,David_TheTimeinBetween_PW.txt",Cont_3P,59705,59705,13.13,84.22,0,56.73,14.19,10.36,0.04,0.01,0.05,9.26,1,3.83,9.71,11.55,5.87,9.33,1.21,0.52,3.34,13.38,9.28,0.78,1.27,0.89,0.06,14.22,0.5,0.1,1.23,2.51,1.33,1.16,0.27,0.35,0.36,15.19,1.55,0.55,1.27,1.77,0.52,0.61,8.03,1.76,4.06,1.85,0.65,1.29,4.32,2.64,0.42,0.22,1.14,17.45,3.26,8.88,5.24,0.66,0.64,1.41,1.03,0.43,0.1,0.29,0.03,0.05,0.09,7.45,5.59,0.04,0.15,0.08,0,0.25,0,0.93,0.01,0,14.53
"2005_Doctorow,EL_TheMarch_PW.txt",Cont_3P,107669,107669,15.5,81.61,0,56.78,13.74,9.41,1.03,0.4,0.94,5.31,1.73,4.33,9,11.55,7.18,6.81,3.01,0.84,3.64,14.73,6.69,1.19,1.85,0.94,0.14,11.84,0.32,0.05,1.17,3.68,1.8,1.86,0.32,0.73,0.44,14.47,1.76,0.87,1.3,1.78,0.94,0.64,5.89,2.05,3.16,1.44,0.58,0.97,2.66,1.56,0.65,0.11,0.4,14.25,2.43,7.67,4.11,1.08,0.93,0.58,0.57,0.31,0.39,0.47,0.12,0.11,0.2,6.02,6.14,0.06,0,0.5,0.09,0.29,0.01,1.49,0,0,14.6
"2005_Fried,Golda_Nellcott_PW.txt",Cont_3P,28992,28992,14.61,81.73,0,53.76,14.09,10.54,0.04,0.01,0.14,9.23,1.11,3.55,7.78,12.22,6.56,9.46,1.55,0.53,3.96,14.22,5.58,0.68,1.93,1.04,0.07,14.04,0.65,0.13,0.72,2.9,1.66,1.22,0.32,0.38,0.29,13.18,1.46,0.73,1.27,1.6,1.09,0.46,5.64,1.52,4.36,2.14,0.71,1.22,3.94,2.1,0.29,0.36,1.27,17.02,2.82,9.57,5.01,1.42,0.67,1.83,1.51,0.5,0.2,0.12,0.05,0.03,0.68,9.1,2.74,0.07,0.1,0.1,0,0.64,0,3.03,0.01,0,15.79
"2005_Moore,Lisa_Alligator_PW.txt",Cont_3P,84702,84702,14.43,81.76,0,55.94,13.88,10.33,0.61,0.07,0.41,8.1,1.14,3.54,9.9,11.99,7.05,7.66,2.85,0.66,3.13,13.51,6.96,0.67,1.69,0.87,0.1,13.02,0.47,0.07,0.96,2.82,1.41,1.38,0.3,0.41,0.43,14.53,1.45,0.94,1.41,1.63,1.02,0.56,6.73,1.53,4.21,1.79,0.64,1.35,3.98,2.42,0.51,0.31,0.88,14.75,2.4,8.07,4.19,0.85,0.76,1.13,1.05,0.55,0.25,0.21,0.06,0.03,0.22,6.18,4.05,0.07,0.21,0.2,0.01,0.52,0.01,1.84,0,0.02,13.12
"2005_Pate,Kathy_Alphabet_PW.txt",Cont_3P,71498,71498,13.03,83.51,0,56.17,15.72,10.72,1.02,0.1,0.7,7.91,0.99,5,7.57,10.03,5.29,2.02,6.62,0.55,4.79,14.38,6.31,0.9,2.45,1.11,0.24,14.12,0.15,0.05,0.51,3.63,2.03,1.57,0.28,0.61,0.3,14.77,1.84,0.99,1.25,2.64,1.13,0.68,4.61,2.6,4.57,1.45,1.54,1.39,3.32,2.18,0.54,0.26,0.44,15.73,2.19,8.34,5.12,1.24,0.89,0.91,0.74,0.23,0.1,0.13,0.09,0.13,0.2,6.55,8.4,0.49,0.23,0.64,0.13,0.53,0,2.87,0.04,0.01,19.94
"2005_Steinke,Rene_HolySkirts_PW.txt",Cont_3P,101168,101168,15.48,80.78,0,53.49,14.11,11.01,0.09,0.02,0.07,9.86,0.97,3.1,9.3,9.75,4.96,7.16,1.37,0.63,3.52,14.35,6.44,0.65,1.49,0.94,0.05,14.29,0.29,0.09,0.99,3.54,1.95,1.56,0.39,0.48,0.38,13.32,1.71,0.9,1.58,1.91,0.71,0.61,5.1,1.94,4.79,2.06,0.72,1.63,4.42,3.05,0.4,0.36,0.78,15.09,2.29,8.32,4.46,0.88,0.78,1.25,1.01,0.41,0.14,0.14,0.03,0.02,0.29,5.84,7,0.1,0.08,0.11,0.02,0.31,0,1.48,0.02,0.04,15.01
"2006_Behrens,Peter_LawofDreams_PW.txt",Cont_3P,75984,75984,16.63,76.21,0,49.42,10.78,8.83,0.06,0.01,0.48,6.7,1.58,1.95,10.62,8.42,4.47,6.25,1.27,0.32,2.36,14.37,5.55,0.63,1.29,0.74,0.07,11.35,0.19,0.05,1.2,3.27,1.37,1.88,0.5,0.54,0.44,11.76,1.14,0.48,0.89,1.15,0.61,0.88,5.97,1.18,5.7,2.1,0.69,2.17,4.62,2.89,0.57,0.2,1.08,16.46,2.72,9.63,4.14,0.6,0.99,0.79,0.76,0.45,0.08,0.32,0.02,0.03,0.23,8.49,6.7,0.02,0.13,0.16,0.01,0.18,0,1.18,0,0.07,16.95
"2006_Cole,Trevor_TheFearsomeParticles_PW.txt",Cont_3P,69536,69536,15.61,81.27,0,54.42,13.13,8.89,1.54,0.1,0.18,6.51,0.56,4.24,9.01,10.24,5.39,6.98,1.9,0.43,3.41,15.56,6.63,0.69,1.71,1.22,0.07,9.88,0.35,0.05,0.6,3.54,1.81,1.69,0.44,0.57,0.34,14.63,1.93,1.21,1.38,2.24,0.96,0.75,5.55,1.71,4.16,1.77,0.57,1.64,3.1,2.17,0.39,0.08,0.5,15.67,2.34,8.58,4.69,1.27,1.21,0.72,1.11,0.45,0.27,0.08,0.03,0.07,0.27,5.49,6.07,0.09,0.17,0.13,0.03,1.1,0,1.77,0.1,0.06,15.12
"2006_Grenville,Kate_SecretRiver_PW.txt",Cont_3P,111304,111304,12.8,83.56,0,58.24,12.81,8.53,0.31,0.19,0.34,6.19,1.51,4.27,10.44,11.75,6.79,7.72,2.19,0.72,3.85,16.17,5.92,1.46,2.2,0.98,0.17,11.39,0.24,0.07,1.25,3.01,1.76,1.22,0.27,0.38,0.32,13.9,1.43,0.77,1.56,1.67,0.91,0.64,5.35,2.3,4.66,2.03,0.85,1.51,3.5,2.47,0.39,0.22,0.61,16.27,2.33,9.47,4.37,0.51,0.84,0.59,0.44,0.39,0.17,0.17,0.04,0.06,0.23,5.71,6.46,0.26,0,0.16,0.13,0.36,0,0.84,0,0,13.92
"2006_Kalfus,Ken_DisorderPeculiar_PW.txt",Cont_3P,60839,60839,20.36,81.43,0,52.68,12.69,8.79,0.04,0.04,0.19,7.12,1.4,3.9,8.69,10.64,6.65,7.76,1.5,0.53,3.5,13.64,5.59,0.74,2.19,0.98,0.08,12.81,0.53,0.21,1.05,4.76,2.58,2.14,0.49,0.65,0.62,13.79,1.84,0.95,1.45,2.24,1.12,0.75,4.62,1.9,3.14,1.35,0.63,1,3.11,1.84,0.52,0.29,0.57,15.24,2.35,7.62,5.24,1.66,1.31,1.11,0.96,0.68,0.22,0.18,0.05,0.08,0.18,6.45,5.95,0.34,0.25,0.2,0.03,0.7,0,1.54,0.03,0.04,15.57
"2006_Powers,Richard_EchoMaker_PW.txt",Cont_3P,124151,124151,17.82,79.65,0,51.73,14.23,10.5,0.27,0.13,0.35,8.6,1.15,3.73,7.85,8.69,4.27,4.57,2.79,0.59,3.79,14.02,4.53,1.05,2.44,1.44,0.09,14.07,0.37,0.12,0.72,4.1,1.93,2.14,0.57,0.61,0.52,13.92,1.95,0.92,1.27,2.29,1.4,0.71,4.09,2.02,3.27,1.32,0.77,0.99,3.29,1.96,0.85,0.14,0.39,16.26,2.35,8.14,5.83,1.41,1.12,1.01,0.71,0.38,0.27,0.21,0.05,0.06,0.27,8.81,6.61,0.5,0.12,0.39,0.02,0.72,0,2.1,0,0,19.28
"2006_Salter,James_LastNight_PW.txt",Cont_3P,32764,32764,12.44,83.05,0,56.31,16.84,11.45,1.79,0.31,1.62,6.67,1.05,5.39,7.42,13.98,8.34,8.36,4.04,0.58,4.28,11.85,4.95,1.35,1.95,1.33,0.03,13.52,0.59,0.18,0.7,4.09,2.7,1.38,0.31,0.32,0.38,14.14,2.18,0.77,1.56,2.53,1.33,0.46,4.04,2.48,3.06,1.39,0.67,0.83,2.7,1.36,0.4,0.25,0.76,14.5,2.47,6.89,5.29,0.81,0.81,1.31,1.06,0.32,0.16,0.15,0.29,0.14,0.3,9.62,7.47,0.03,0.08,1.24,0.08,0.33,0.03,2.66,0,0,21.55
"2006_Soucy,Gaetan_ImmaculateConception_PW.txt",Cont_3P,72653,72653,18.92,82.99,0,56.03,14.32,10.37,0.97,0.11,0.18,8.35,0.75,3.95,9.61,10.56,6.41,7.11,1.85,0.7,3.21,15.65,4.83,1.28,1.83,1.06,0.05,12.85,0.49,0.08,0.83,4.11,1.96,2.12,0.63,0.47,0.66,12.85,1.87,0.73,1.26,1.67,1.13,0.73,4.28,1.62,3.37,1.23,0.65,1.18,3.6,2.53,0.54,0.19,0.41,15.57,2.48,7.99,5.1,1.01,0.93,0.7,0.84,0.38,0.57,0.21,0.04,0.09,0.3,7.08,6.55,0.25,0.28,0.19,0.11,0.34,0,0.63,0.06,0.13,15.7
"2006_Walter,Jess_TheZero_PW.txt",Cont_3P,64175,64175,15.38,79.36,0,51.21,10.84,7.27,0.06,0.04,0.12,6.11,0.93,3.57,10.12,8.71,4,6.79,1.11,0.22,3.4,14.61,6.76,0.44,1.73,1.18,0.05,10.18,0.15,0.06,1.14,2.5,1.2,1.29,0.32,0.28,0.41,13.5,1.61,0.73,1.04,2.07,0.72,0.72,6.13,1.69,5.01,2.77,0.62,1.39,3.78,2.53,0.45,0.12,0.76,18.24,2.86,10.39,5.15,1.41,0.85,1.26,1.1,0.28,0.08,0.14,0.07,0.02,0.38,7.48,6.31,0.33,0.14,0.29,0.01,0.46,0,1.31,0.04,0.02,16.44
"2006_Waters,Sarah_NightWatch_PW.txt",Cont_3P,162687,162687,11.36,81.96,0,55.44,16.46,11.61,1.92,0.35,1.68,6.54,1.12,4.85,7.26,11.94,5.76,6.67,3.75,0.62,4.75,13.55,6.36,0.68,1.87,0.92,0.18,12.83,0.3,0.1,1.07,3.83,2.02,1.78,0.52,0.47,0.4,14.22,1.92,0.92,1.38,2.23,1.19,0.54,5.13,2.16,4.23,1.8,0.79,1.45,3.35,2.26,0.38,0.2,0.58,15.49,2.88,7.61,5.28,0.64,0.7,0.61,0.84,0.17,0.19,0.16,0.2,0.15,0.4,7,8.07,0.32,0.74,1.11,0.51,0.53,0,5.81,0,0,24.1
"2007_Hay,Elizabeth_LateNights_PW.txt",Cont_3P,80950,80950,16.17,80.29,0,52.67,12.55,8.95,0.12,0.07,0.24,7.16,1.36,3.61,8.74,9.51,4.92,6.87,1.44,0.5,3.3,15.08,6.4,0.67,1.87,1.24,0.02,12.11,0.38,0.08,0.59,3.47,2.04,1.4,0.3,0.34,0.44,13.57,1.87,0.92,1.05,1.59,0.97,0.51,5.73,1.55,4.41,1.76,0.98,1.38,2.98,1.82,0.41,0.17,0.65,17.65,2.62,9.09,5.94,1.08,0.92,1.2,0.7,0.3,0.23,0.2,0.04,0.05,0.21,6.23,7.31,0.1,0.1,0.13,0,0.66,0,1.91,0.03,0,16.51
"2007_Mcewan,Ian_ChesilBeach_PW.txt",Cont_3P,34890,34890,18.96,84.83,0,57.77,14.11,10.2,0.01,0.02,0.03,8.94,1.19,3.92,8.33,10.84,7.06,7.2,1.69,0.84,3.93,14.93,7.03,1.56,2.16,1.11,0.01,13.37,0.5,0.23,0.51,5.04,2.89,2.1,0.52,0.56,0.49,16.2,2.12,0.94,1.88,2.19,1.37,0.69,5.34,2.56,3.2,0.97,0.65,1.29,2.65,1.56,0.38,0.4,0.4,15.69,2.06,7.76,5.76,1.22,1.12,1.17,0.82,0.32,0.29,0.07,0.04,0.08,0.21,4.33,7.96,0.07,0.06,0.15,0.03,1.18,0,0.59,0.01,0,14.4
"2007_Roth,Philip_Everyman_PW.txt",Cont_3P,29767,29767,16.89,85.64,0,59.18,13.78,9.68,0.1,0.02,0.09,8.28,1.18,4.1,8.92,10.22,6.61,6.89,1.74,0.52,4.08,15.9,7.3,1.21,2.18,1.79,0.03,13.75,1.21,0.11,0.77,3.91,1.92,1.96,0.41,0.41,0.76,14.3,1.58,1.05,1.41,1.6,1.23,0.55,5.67,1.96,1.88,0.8,0.36,0.63,3.05,1.2,1.43,0.16,0.3,15.95,2.27,7.01,6.48,1.57,1.32,1.13,0.92,0.51,0.23,0.7,0.01,0.07,0.12,3.44,5.34,0.07,0.09,0.19,0.08,0.46,0,1.6,0.03,0.03,11.34
"2008_Christensen,Kate_GreatMan_PW.txt",Cont_3P,45468,45468,18.39,78.06,0,51.3,12.5,8.74,0.2,0.02,0.08,7.59,0.86,3.76,6.91,9.75,5.54,7.6,1.19,0.31,3.42,14.71,6.37,0.73,2.36,1.02,0.09,11.95,0.5,0.12,0.83,4.16,2.49,1.63,0.37,0.53,0.37,13.97,1.81,0.86,1.05,2.13,1.27,0.52,5.49,1.83,4.06,1.72,0.68,1.3,3.87,2.07,0.44,0.38,1.14,14.87,2,7.75,5.06,1.02,0.93,1.06,0.94,0.37,0.17,0.12,0.03,0.1,0.27,7.15,7.5,0.13,0.47,0.13,0.01,0.8,0,1.79,0.03,0.02,18.05
"2008_Endicott,Marina_GoodtoaFault_PW.txt",Cont_3P,100031,100031,13.71,82.23,0,53.37,12.95,9.49,0.13,0.04,0.12,8.04,1.15,3.46,7.83,11.43,6.35,7.46,2.07,0.71,3.88,14.39,5.98,1.26,1.79,0.77,0.04,12.83,0.49,0.05,1.16,4,2.14,1.85,0.42,0.43,0.53,14.27,1.5,0.92,1.66,1.76,0.94,0.74,5.33,2.26,4.13,1.81,0.78,1.27,3.92,2.39,0.68,0.16,0.75,17.2,2.95,9.3,4.97,0.79,0.76,0.92,1.68,0.44,0.34,0.18,0.06,0.06,0.3,8.11,6.85,0.18,0.16,0.21,0.08,0.5,0,1.57,0.03,0.05,17.77
"2008_Ghosh,Amitav_SeaOfPoppies_PW.txt",Cont_3P,199295,199295,16.74,78.55,0,56.18,13.01,7.8,1.01,0.23,1.02,4.55,0.99,5.21,8.92,11.21,7.47,5.84,3.27,0.85,3.76,15.26,5.7,1.38,2.2,0.89,0.07,10.49,0.41,0.15,0.99,3.42,1.99,1.4,0.35,0.34,0.36,13.53,1.75,1.18,1.48,1.83,1.13,0.64,4.17,2.06,2.59,1.13,0.61,0.65,2.39,1.56,0.35,0.15,0.45,12.63,2,6.32,4.28,0.81,1.02,0.47,0.45,0.42,0.27,0.15,0.16,0.12,0.18,4.52,6.39,0.92,0.29,0.84,0.21,1.46,0,2.96,0.12,0.22,18.06
"2008_Hensher,Philip_NorthernClemency_PW.txt",Cont_3P,184001,184001,16.55,82,0,55.8,12.64,7.69,0.02,0,0.32,5.93,1.4,4.95,8.71,10.85,6.47,7.8,1.64,0.49,4.05,14.88,6.34,0.98,2.37,1.45,0.04,11.29,0.54,0.14,0.83,3.63,2.14,1.47,0.32,0.43,0.35,15.29,1.92,0.81,1.28,2.89,1.37,0.51,5.36,2.39,3.05,1.5,0.62,0.85,2.13,1.15,0.38,0.13,0.59,16.17,2.51,8.32,5.4,1.11,0.93,1.18,1.17,0.52,0.11,0.09,0.03,0.08,0.36,5.85,8.76,0.15,0.71,0.05,0.01,0.74,0,1.94,0.02,0.01,18.27
"2008_Ricci,Nino_OriginofSpecies_PW.txt",Cont_3P,151758,151758,15.32,80.83,0,56.47,13.17,8.16,0.14,0.03,0.16,6.54,1.28,5.01,8.56,11.43,6.86,8.22,1.86,0.58,4.46,15.65,5.58,0.8,2.63,1.07,0.15,10.79,0.32,0.07,0.58,3.33,1.6,1.7,0.34,0.55,0.43,14.74,1.99,0.95,1.51,3.19,1.4,0.64,4.22,2.32,2.51,1.1,0.36,0.86,2.2,1.08,0.49,0.21,0.49,15.96,2.25,8.13,5.66,1.15,0.9,0.84,0.77,0.39,0.23,0.18,0.02,0.08,0.4,5.55,6.17,0.25,0.2,0.14,0.01,0.57,0,2.08,0,0,14.98
"2008_Richards,DavidAdam_TheLostHighway_PW.txt",Cont_3P,112164,112164,13.17,85.8,0,59.53,14.98,9.32,0.07,0.02,0.07,8.2,0.95,5.66,7.11,13.9,8.45,9.35,2.34,1.11,4.49,14.3,7.99,1.3,2.22,1.32,0.02,13.15,0.63,0.09,1.1,3.92,2.02,1.88,0.41,0.53,0.44,16.95,2.38,1.16,2.22,2.38,1.41,0.56,5.68,2.61,2.52,1.13,0.54,0.66,1.92,0.95,0.49,0.17,0.34,15.88,2.36,7.09,6.33,1.11,1.16,0.82,0.67,0.48,0.56,0.22,0.06,0.08,0.21,5.98,6.4,0.21,0.05,0.24,0.06,0.24,0,0.87,0.05,0.03,14.18
"2009_Byatt,AS_TheChildrensBook_PW.txt",Cont_3P,208169,208169,19.23,78.59,0,52.27,11.13,7.25,0.18,0.06,0.15,5.66,1.19,3.88,8.22,11.67,7.05,8.37,1.79,0.67,2.86,13.94,7.12,1.16,1.89,0.74,0.05,11.04,0.45,0.11,1.16,4.13,2.48,1.62,0.41,0.45,0.44,15.74,1.99,0.91,1.38,1.93,0.93,0.49,6.89,1.97,3.4,1.64,0.44,1.16,2.87,1.55,0.46,0.46,0.53,13.19,2.32,7.35,3.57,1.35,1.03,1.12,0.79,0.39,0.27,0.24,0.02,0.07,0.27,6.29,8.94,0.06,0.04,0.1,0.01,1.46,0,1.33,0.04,0.09,18.39
"2009_Campbell,BonnieJo_AmericanSalvage_PW.txt",Cont_3P,50041,50041,14.28,80.98,0,52.86,12.71,9.49,0.28,0.03,0.23,8.23,0.73,3.21,8.85,9.88,5.37,5.69,2.56,0.84,3.66,14.16,6.61,0.8,1.81,1.2,0.18,13,0.86,0.14,1.14,3.28,1.62,1.64,0.31,0.54,0.39,14.22,1.69,0.99,1.55,2.05,0.9,0.66,5.59,1.88,3.93,1.56,0.61,1.43,4.13,2.42,0.73,0.22,0.86,16.27,2.29,8.3,5.55,1.01,1.14,1.07,1.45,0.59,0.17,0.21,0.05,0.04,0.24,5.13,6.3,0.04,0.1,0.1,0.02,0.61,0,2.16,0.03,0.01,14.54
"2009_Choi,Susan_APersonofInterest_PW.txt",Cont_3P,120068,120068,18.7,79.47,0,53.9,12.47,8.19,0.16,0.03,0.1,7.03,0.87,4.29,8.1,9.73,6.16,7.1,1.37,0.57,4.01,14.13,6.73,1.12,2.35,1.18,0.04,10.97,0.27,0.19,0.69,3.79,1.78,1.98,0.55,0.48,0.56,14.75,2.26,0.92,1.39,2.51,1.31,0.63,4.65,2.37,3,1.22,0.56,1.07,2.43,1.39,0.57,0.11,0.4,14.88,2,7,5.92,1.62,1.03,0.69,1.03,0.26,0.2,0.19,0.03,0.04,0.26,4.36,7.26,0.17,0.41,0.16,0.03,0.63,0,2.04,0.02,0.01,15.1
"2009_Crummey,Michael_Galore_PW.txt",Cont_3P,117191,117191,15.75,79.1,0,52.45,11.54,8.84,0.75,0.16,0.79,6,1.14,2.7,9.95,8.88,4.5,5.47,2.32,0.4,2.89,15.73,6.04,0.81,1.8,1.15,0.17,12.11,0.73,0.05,1.17,3.38,1.62,1.72,0.38,0.5,0.49,12.84,1.42,0.8,1.11,1.88,0.98,0.65,5.39,1.54,2.72,1.08,0.52,0.91,3.3,1.9,0.7,0.24,0.58,15.5,2.4,7.8,5.05,0.98,1.06,0.72,1.15,0.53,1.01,0.37,0.02,0.08,0.17,5.87,4.15,0.02,0,0.39,0,0.43,0.01,2.22,0.01,0.01,13.12
"2009_Foulds,Adam_TheQuickeningMaze_PW.txt",Cont_3P,44906,44906,17.55,80.46,0,52.82,14.29,10.66,0.19,0.02,0.08,9.14,1.23,3.63,8.14,9.51,5.1,6.74,1.4,0.59,3.42,14.7,6.16,0.82,1.63,0.63,0.07,13.35,0.46,0.12,0.77,4.44,2.45,1.95,0.51,0.51,0.53,13.29,1.61,0.73,1.13,1.37,0.84,0.81,5.79,1.48,5.37,2.04,0.76,2.19,4.31,2.94,0.73,0.17,0.53,15.47,2.41,8.96,4.23,0.8,0.94,0.75,0.79,0.27,0.35,0.17,0.04,0.05,0.25,7.73,7.17,0.18,0.09,0.16,0.03,0.28,0,2.41,0.01,0,18.07
"2009_Mantel,Hilary_WolfHall_PW.txt",Cont_3P,218022,218022,13.48,83.14,0,56.48,17.42,13.25,2.3,0.51,2.02,7.18,1.24,4.17,7.39,12.88,8.06,2.54,8.06,1.42,3.33,12.5,5.77,1.47,1.81,0.83,0.07,16.47,0.67,0.12,1.17,3.89,2.37,1.49,0.28,0.5,0.34,13.94,1.88,1.01,1.74,2.19,1.07,0.56,4.44,2.46,3.79,1.24,1.58,0.8,2.39,1.58,0.38,0.16,0.35,12.39,1.95,6.24,4.28,1,1.5,0.64,0.62,0.63,0.99,0.3,0.19,0.11,0.22,6.87,7.7,0.36,0.62,1.11,0.09,0.62,0,4.28,0.01,0.03,21.69
"2009_Mawer,Simon_GlassRoom_PW.txt",Cont_3P,135777,135777,15.97,82.24,0,56.07,14.82,9.68,1.56,0.57,1.48,4.79,1.28,5.13,9.58,10.74,6.43,3.17,6.12,0.7,4.17,13.56,6.16,0.91,1.84,0.84,0.05,12.23,0.39,0.15,0.99,3.91,2.36,1.51,0.41,0.42,0.36,14.6,2.15,0.91,1.03,2.28,1.24,0.53,5.28,1.99,3.3,1.46,0.78,0.93,2.29,1.28,0.4,0.3,0.4,13.8,2.16,7.53,4.22,1.07,0.92,1.02,1.14,0.29,0.31,0.19,0.11,0.09,0.33,7.44,5.63,0.15,0.1,1.22,0.12,0.63,0,4.33,0.02,0,19.66
"2009_Mueenuddin,Daniyal_InOtherRoomsOtherWonders_PW.txt",Cont_3P,58391,58391,17.72,81.3,0,52.92,12.28,9.16,0.41,0.03,0.04,7.67,1.01,3.12,10.41,8.75,4,6.12,1.37,0.63,2.87,15.79,5.92,0.78,1.76,1.16,0.03,12.51,0.67,0.14,0.89,3.21,1.79,1.38,0.3,0.4,0.44,12.96,1.52,0.78,1.2,1.38,0.84,0.67,5.77,1.4,3.64,1.5,0.52,1.29,3.59,1.95,0.48,0.23,1.01,18.39,3.13,9.62,5.47,0.99,0.96,1.14,1.63,0.6,0.21,0.16,0.04,0.05,0.14,5.24,9.23,0.01,0.08,0.06,0.02,0.33,0,0.75,0,0.01,15.74
"2009_Munro,Alice_TooMuchHappiness_PW.txt",Cont_3P,83661,83661,14.52,85.74,0,59.52,15.03,10.06,2.02,0.44,0.28,6.27,1.05,4.97,7.49,13.3,8.45,7.39,3.73,0.99,4.61,14.13,7.65,1.69,2.26,0.84,0.03,12.27,0.61,0.15,1.05,4.11,2.51,1.57,0.32,0.47,0.37,17.36,2.02,1.07,1.79,3.02,1.37,0.55,5.47,3.36,2.67,1.02,0.71,0.78,2.37,1.12,0.56,0.15,0.6,14.79,2.3,7.25,5.04,1.48,1.01,1.03,0.97,0.46,0.22,0.16,0.05,0.09,0.14,6.38,5.47,0.03,0.04,0.23,0,0.4,0,1.06,0.07,0.01,13.76
"2009_Price,Richard_LushLife_PW.txt",Cont_3P,77548,77548,18.28,78,0,50.78,10.06,6.84,0.12,0.02,0.14,5.69,0.86,3.22,9.67,6.99,3.39,4.85,1.37,0.18,3.55,16.15,5.58,0.68,2.02,1.73,0.22,10.12,0.36,0.11,0.99,3.01,1.27,1.71,0.41,0.58,0.43,11.51,1.09,0.65,0.95,1.88,0.84,0.73,4.49,1.94,3.94,2.01,0.7,1.06,3.63,2.53,0.4,0.19,0.6,18.92,2.76,10.08,6.16,1.01,0.76,1.12,1.14,0.44,0.22,0.19,0.05,0.02,0.38,5.87,7.87,0.25,0.45,0.05,0,1.31,0,1.27,0.01,0.06,17.13
"2009_Rash,Ron_Serena_PW.txt",Cont_3P,74859,74859,17.74,74.11,0,48.84,9.06,6.36,0.06,0.02,0.12,5.24,0.92,2.7,10.98,7.81,3.42,6.01,0.98,0.27,3.29,13.5,7.53,0.75,1.88,1.04,0.01,8.59,0.23,0.05,0.86,2.15,1.22,0.92,0.2,0.24,0.35,12.23,1.32,0.78,0.84,1.56,0.49,0.63,5.56,1.88,4.37,1.94,0.56,1.58,3.75,2.57,0.48,0.06,0.71,17.27,3.17,8.67,5.36,0.9,0.86,0.55,0.92,0.32,0.13,0.2,0.02,0.16,0.21,7.27,5.24,0,0,0.01,0,0.43,0,2.21,0,0,15.16
"2010_Birdsell,Sandra_WaitingForJoe_PW.txt",Cont_3P,69203,69203,14.7,80.43,0,52.81,12.31,9.23,0.1,0.03,0.14,7.85,1.11,3.08,10.13,9.04,4.32,4.3,3.58,0.51,3.32,16.18,6.52,0.49,1.3,0.78,0.04,12.88,0.46,0.1,0.83,2.37,1.34,1.02,0.28,0.29,0.31,12.14,1.8,0.62,0.92,1.45,0.49,0.72,5.58,1.12,4.56,1.87,1.27,1.14,3.1,2.02,0.42,0.12,0.63,17.78,2.91,9.38,5.49,0.84,0.76,1.05,1.29,0.72,0.39,0.14,0.04,0.03,0.25,5.42,6.05,0.01,0.08,0.07,0.01,0.48,0,2.22,0,0.04,14.37
"2010_Gordon,Jaimy_LordofMisrule_PW.txt",Cont_3P,85402,85402,11.45,80.15,0,54.05,15.55,10.65,1.55,0.11,1.7,6.34,0.95,4.9,7.37,10.91,5.64,5.1,4.41,0.57,4.01,13.27,5.53,1.2,1.9,1.5,0.2,12.16,0.24,0.06,0.85,4.01,2.18,1.81,0.29,0.52,0.46,13.67,1.61,0.85,1.43,2.11,1.24,0.49,4.77,2.23,3.78,1.85,0.63,1.18,3.04,1.83,0.79,0.16,0.35,15.24,2.29,8.1,5.14,0.71,0.95,0.54,0.55,0.7,0.32,0.24,0.11,0.09,0.49,6.25,6.44,0.13,0.03,0.79,0.04,0.76,0,2.55,0.03,0,17.06
"2010_HaydenTaylor,Drew_MotorcyclesandSweetgrass_PW.txt",Cont_3P,64537,64537,16.53,81.77,0,54.07,11.77,7.56,0.05,0,0.1,6.54,0.87,4.21,9.39,10.75,6.57,7.8,1.5,0.47,4.12,13.94,5.65,0.67,2.6,1.45,0.06,11.5,0.76,0.06,1.26,4.03,2.22,1.76,0.46,0.49,0.38,14.37,2,0.89,1.26,2.51,1.26,0.58,4.8,1.95,3.34,1.44,0.79,0.95,2.65,1.52,0.42,0.11,0.65,16.13,2.42,8.16,5.56,0.96,1.09,1.01,0.84,0.22,0.22,0.17,0.04,0.07,0.21,7.46,6.38,0.04,0.03,0.14,0.02,0.52,0,1.56,0.04,0.03,16.25
"2010_Jacobson,Howard_FinklerQuestion_PW.txt",Cont_3P,112568,112568,16.24,83.24,0,57.73,17.38,11.73,1.54,0.32,1.68,6.86,1.32,5.65,6.62,12.95,8.07,6.85,4.15,0.78,4.27,13.05,5.98,1.76,2.28,0.94,0.15,14.8,0.61,0.16,1.04,4.91,2.65,2.23,0.56,0.7,0.51,15.66,2.67,1.39,1.77,2.37,1.44,0.47,3.64,3.09,2.43,1.03,0.68,0.59,2.14,1.05,0.41,0.41,0.35,11.3,1.57,5.66,4.11,0.92,0.89,1.1,0.41,0.32,1.17,0.34,0.18,0.18,0.21,7.42,5.09,0.06,0.05,1.15,0.11,1.2,0,5.11,0.04,0.01,20.28
"2010_Mccarthy,Tom_C_PW.txt",Cont_3P,95134,95134,18.76,74.25,0,49.84,11.01,6.93,0.06,0.05,0.06,5.08,1.69,4.09,9.36,5.68,2.63,1.03,4.08,0.19,3.18,15.59,6.19,0.47,2.28,1.35,0.02,10.15,0.17,0.05,0.67,2.1,0.97,1.12,0.18,0.34,0.4,11.28,1.33,0.67,0.32,1.72,0.66,0.57,5.28,1.39,3.98,1.66,1.09,1.04,2.71,1.81,0.4,0.07,0.48,18.03,2.6,10.2,5.18,0.93,0.77,0.83,0.7,0.26,0.17,0.29,0.01,0.05,0.32,4.88,7.16,0.98,0.61,0.07,0.01,1.16,0,2.41,0.07,0.01,17.42
"2010_Winter,Kathleen_Annabel_PW.txt",Cont_3P,81314,81314,14.39,81.93,0,56.54,13.49,8.43,0.05,0.01,0.49,6.83,1.05,5.07,8.33,13.47,8.07,9.66,2.22,0.64,3.32,13.26,7.33,1.77,1.95,1.11,0.02,12.33,0.8,0.08,1.1,2.74,1.7,1.04,0.18,0.27,0.38,16.32,1.86,0.98,1.97,1.98,0.88,0.51,6.09,3.07,3.65,1.66,0.69,1.01,2.94,1.44,0.61,0.26,0.77,13.81,2.17,7.56,4.04,1.12,0.79,1.17,0.95,0.49,0.22,0.11,0.02,0.04,0.29,5.47,5.16,0.13,0.08,0.16,0.01,0.35,0,1.03,0,0,12.4
"2011_Bezmozgis,David_TheFreeWorld_PW.txt",Cont_3P,96883,96883,16.95,77.73,0,52.61,13.55,9.38,1.35,0.37,1.05,4.96,1.65,4.16,8.43,10.15,5.89,5.71,3.04,0.62,3.43,13.23,6.02,1.05,1.98,1.14,0.07,12.56,0.95,0.16,1.08,3.5,1.92,1.56,0.32,0.48,0.38,13.84,1.97,0.97,1.55,1.95,0.97,0.59,4.88,1.92,2.68,1.23,0.61,0.71,2.02,1.11,0.47,0.15,0.37,13.11,2.07,6.45,4.56,1.25,1.17,1.15,0.92,0.47,0.4,0.22,0.08,0.08,0.23,7.12,6.42,0.14,0.1,0.76,0.06,0.26,0,2.11,0.01,0.02,17.02
"2011_Endicott,Marina_LittleShadows_PW.txt",Cont_3P,139434,139434,14.96,79.61,0,52.48,11.09,8.18,0.2,0.06,0.17,6.32,1.43,2.9,8.78,10.11,5.62,6.63,1.79,0.66,3.44,14.91,6.7,1.28,1.74,0.97,0.02,10.97,0.31,0.06,0.95,4.38,2.6,1.75,0.41,0.41,0.57,14.14,1.4,0.81,1.41,1.58,0.94,0.69,5.83,2.29,4.1,1.73,0.82,1.39,3.33,2.23,0.49,0.2,0.46,16.68,2.85,8.95,4.76,0.79,1.12,1.28,0.98,0.39,0.23,0.16,0.07,0.12,0.2,6.02,7.07,0.31,0.3,0.1,0.11,0.78,0,1.82,0.12,0.03,16.77
"2011_Puchner,Eric_ModelHome_PW.txt",Cont_3P,102482,102482,16.26,79.23,0,51.97,13.22,9.39,0.07,0.02,0.23,7.94,1.14,3.82,9.27,9.35,5.08,6.61,1.58,0.44,3.38,15.07,4.92,0.71,1.59,0.9,0.13,12.83,0.69,0.12,0.93,4.19,2,2.18,0.54,0.58,0.55,12.43,1.76,0.88,1.36,2.25,0.83,0.65,4.16,1.8,3.87,1.81,0.53,1.22,4.17,2.59,0.6,0.29,0.83,14.61,2.13,8.21,4.53,0.75,0.95,1.44,1.37,0.39,0.19,0.18,0.02,0.05,0.51,7.24,5.67,0.28,0.17,0.13,0.02,0.54,0,2.39,0.01,0.02,16.47
"2011_Stevens,Taylor_TheInformationist_CT.txt",Cont_3P,71607,71607,17.88,79.89,0,53.95,10.6,7.7,0.03,0,0.03,6.71,0.93,2.9,10.95,8.63,4.74,6.48,1,0.54,2.72,15.41,7.58,0.77,1.66,1.27,0.07,9.84,0.14,0.07,0.43,2.94,1.38,1.51,0.4,0.52,0.35,13.47,1.2,0.75,1.11,1.17,0.56,0.86,7.29,1.04,3.35,1.24,0.78,1.12,3.55,2.53,0.39,0.11,0.57,17.93,3.07,9.6,5.13,1.08,0.96,0.8,1.07,0.44,0.11,0.16,0.02,0.05,0.07,6.24,6.92,0.12,0.16,0.05,0,0.54,0,1.19,0.01,0,15.24
"2012_Ferguson,Will_419_PW.txt",Cont_3P,77066,77066,17.8,76.31,0,50.66,9.84,6.43,0.32,0.13,0.42,4.39,1.17,3.41,9.87,9.08,5.51,6.06,1.69,0.71,3.37,14.94,5.89,0.82,1.75,0.78,0.02,9.73,0.79,0.05,1,3.19,1.57,1.6,0.32,0.46,0.52,12.67,1.24,0.69,1.07,1.56,0.94,0.76,5.33,1.6,3.3,1.2,0.6,1.06,2.65,1.47,0.5,0.05,0.66,16.18,2.7,8.92,4.51,1.38,1,0.96,0.7,0.8,0.29,0.22,0.03,0.11,0.2,7.31,6.82,0.41,0.19,0.35,0.09,0.81,0,1.47,0.09,0.05,17.67
"2012_Fountain,Ben_BillyLynnsLongHalftimeWalk_PW.txt",Cont_3P,70969,70969,15.9,77.22,0,49.4,11.28,7.22,0.17,0.16,0.56,4.74,1.59,4.06,8.36,7.84,4.21,1.79,4.93,0.46,3.81,13.5,6.28,0.81,2.38,1.09,0.42,11.22,0.32,0.1,0.91,5.01,2.86,2.11,0.37,0.86,0.45,13.77,1.79,0.93,0.93,2.22,1.42,0.54,4.95,2,3.54,1.23,1.11,0.98,3.28,2.01,0.55,0.41,0.48,13.58,1.76,7.36,4.46,1.02,1.15,1.2,0.47,0.89,0.45,0.31,0.22,0.1,0.34,5.93,7.32,0.05,0.11,0.36,0.23,1.3,0,2.22,0,0.04,17.57
"2012_Harbach,Chad_TheArtofFielding_CT.txt",Cont_3P,120861,120861,17.52,77.03,0,50.56,11.72,7.97,0.13,0.04,0.32,6.65,0.82,3.75,8.49,8.9,4.81,5.96,1.56,0.53,3.46,13.89,5.93,0.79,2.01,1.45,0.13,10.52,0.27,0.08,0.49,3.64,1.94,1.66,0.37,0.48,0.42,13.62,1.69,0.89,1.44,2.14,0.99,0.57,4.76,2.11,3.45,1.38,0.52,1.32,3.58,2.2,0.5,0.23,0.72,15.15,2.11,8.13,4.91,1.65,1.34,1.69,0.88,0.36,0.17,0.12,0.07,0.05,0.28,6.64,6.54,0.19,0.24,0.18,0.02,0.98,0,2.3,0.01,0.02,17.13
"2012_Johnson,TGeronimo_HoldItTillItHurts_PW.txt",Cont_3P,109849,109849,17.42,79.01,0,51.21,12.47,8.69,0.09,0.04,0.24,6.88,1.44,3.78,8.86,9.29,5.25,6.47,1.66,0.47,3.63,13.19,6.46,0.69,2,1.21,0.24,12.53,0.75,0.23,0.85,3.75,2.03,1.69,0.39,0.58,0.39,13.2,1.71,0.85,1.44,1.88,1.12,0.78,4.65,1.83,3.99,1.65,0.65,1.39,3.84,2.54,0.43,0.32,0.71,15.11,2.14,7.87,5.54,1.19,0.88,1.06,1.12,0.73,0.26,0.35,0.06,0.05,0.6,6.19,7.72,0.17,0.15,0.35,0.06,0.47,0,2.03,0.02,0.01,17.19
"2012_Mantel,Hilary_BringUptheBod_PW.txt",Cont_3P,140485,140485,13.72,83.8,0,57.78,17.69,13.52,2.38,0.5,2.11,7.25,1.28,4.16,7.07,13.76,9.06,2.48,8.51,1.78,3.46,12.26,6.13,1.88,1.69,0.75,0.05,16.67,0.64,0.14,1.29,4.19,2.54,1.62,0.38,0.51,0.37,14.87,2.05,1.02,2.06,2.32,1.18,0.6,4.34,2.96,3.48,1.13,1.49,0.7,2.12,1.41,0.33,0.17,0.27,11.75,1.77,5.71,4.33,0.94,1.77,0.57,0.55,0.57,0.78,0.32,0.15,0.12,0.18,7,7.68,0.52,0.51,0.98,0.05,0.38,0,3.64,0.01,0,20.79
"2012_Moore,Alison_TheLighthouse_PW.txt",Cont_3P,45031,45031,14.6,84.71,0,56.82,14.61,11.16,0.01,0.01,0.02,10.36,0.75,3.46,9.15,10.5,5.61,4.51,4.71,0.59,3.93,15.32,6.75,1.19,1.29,0.83,0.01,14.65,0.89,0.09,0.66,2.19,1.19,0.98,0.21,0.2,0.37,13.68,1.65,0.58,1.04,1.57,0.55,0.64,6.07,2.35,4.45,1.82,0.78,1.3,3.76,1.92,0.32,0.1,1.51,19.44,3.57,10.01,5.75,0.53,0.68,1.51,2.29,0.25,0.04,0.06,0.04,0.04,0.16,5.42,7.13,0.01,0.06,0.02,0,0.66,0,1.25,0,0,14.56
"2012_Ohlin,Alix_Inside_PW.txt",Cont_3P,75679,75679,16.38,84.44,0,55.32,15.34,11.24,0.06,0.01,0.15,9.85,1.18,4.1,7.43,11.07,5.96,8.2,1.63,0.43,4.32,13.99,7.05,0.8,2.09,0.93,0.03,15.22,0.59,0.15,0.87,4.56,2.65,1.87,0.44,0.42,0.55,15.32,2.17,0.92,1.44,2.31,1.24,0.67,5.68,1.92,3.63,1.46,0.69,1.27,3.83,2.11,0.83,0.21,0.76,16.14,2.37,7.88,5.96,1.23,1.04,1.34,1.29,0.38,0.11,0.12,0.02,0.06,0.29,6.64,7.74,0.1,0.24,0.09,0,0.4,0,1.96,0.01,0,17.2
"2012_Spalding,Linda_Purchase_PW.txt",Cont_3P,81907,81907,13.19,81.87,0,56.22,13.03,9.14,0.2,0.06,0.07,7.86,0.95,3.89,8.82,11.77,6.89,8.24,1.68,0.91,3.33,14.84,7.55,1.15,1.55,1.06,0.03,13.12,0.87,0.12,1.22,2.89,1.52,1.36,0.27,0.35,0.47,14.77,1.62,1.02,1.58,1.57,0.83,0.69,6.39,1.99,3.74,1.31,0.67,1.47,3.26,2.14,0.45,0.14,0.59,15.83,2.84,8.02,4.76,0.69,0.8,0.58,0.91,0.51,0.37,0.22,0.02,0.05,0.11,5.67,5.21,0.05,0.03,0.33,0.03,0.36,0,0.88,0,0,12.55
"2012_Stedman,ML_TheLightBetweenOceans_CT.txt",Cont_3P,69285,69285,14.94,80.96,0,54.22,12.22,8.7,0.23,0.02,0.29,7.45,0.71,3.53,10.42,9.42,5.03,5.97,2.25,0.5,3.68,15.89,5.96,0.85,1.81,0.87,0.07,12.3,0.71,0.04,1.08,3.76,1.99,1.75,0.48,0.4,0.59,12.78,1.64,0.79,1.05,1.74,0.84,0.76,4.94,1.59,3.88,1.62,0.62,1.3,3.52,2.29,0.54,0.2,0.53,16.54,2.42,8.57,5.48,0.75,0.94,0.61,0.76,0.32,0.31,0.28,0.01,0.07,0.21,6.83,6.66,0.3,0.16,0.12,0.01,0.28,0,1.3,0.01,0,15.67
"2013_Atwood,Margaret_MaddAddam_CT.txt",Cont_3P,89078,89078,15.08,78.58,0,53.47,12.36,8.03,0.43,0.31,0.68,4.72,1.88,4.33,8.37,10.78,6.81,4.56,4.29,0.92,4.11,12.57,6.84,1.2,2.4,1.02,0.17,11.97,0.17,0.1,0.83,3.87,2.14,1.68,0.23,0.64,0.38,15.04,1.45,1.3,1.64,2.48,1.02,0.62,5.21,2.44,4.34,1.43,1.74,0.85,2.83,1.56,0.43,0.29,0.67,12.61,1.82,6.73,4.13,0.85,0.94,1.03,0.57,0.46,0.28,0.31,0.13,0.1,0.33,7.38,6.28,0.64,0.31,0.56,0.11,1.53,0,2.35,0.02,0.02,19.21
"2013_Baker,Kevin_TheBigCrowd_CT.txt",Cont_3P,81442,81442,17.94,80.18,0,53.09,11.59,8.91,0.02,0.02,0.04,7.03,1.8,2.68,9.37,6.77,3.3,4.72,1.24,0.26,4.16,16.54,6.52,0.5,2.34,1.02,0.04,11.83,0.44,0.06,0.8,3.87,2.17,1.68,0.47,0.54,0.38,13.34,1.28,0.66,0.88,1.76,1.26,0.68,5.98,1.58,4.61,2.25,0.79,1.25,3.69,2.58,0.36,0.15,0.68,18.7,2.42,10.29,6.03,0.9,0.96,1.01,0.82,0.3,0.21,0.24,0.02,0.08,0.28,6.29,7.69,0.13,0,0.08,0.01,0.56,0,1.03,0,0,15.79
"2013_Bonert,Kenneth_LionSeeker_PW.txt",Cont_3P,174215,174215,11.79,79.15,0,52,15.39,10.71,1.52,0.34,1.57,6.18,1.1,4.69,7.83,9.25,4.52,2.03,6.24,0.42,4.25,12.56,5.38,1.1,1.86,0.97,0.2,13.28,0.44,0.09,0.77,3.61,1.92,1.67,0.31,0.58,0.34,12.71,1.53,0.98,0.9,1.49,1.15,0.6,4.86,1.76,4.79,1.75,1.34,1.39,3.44,2.37,0.53,0.12,0.52,14.81,2.37,7.71,4.94,0.96,0.88,0.82,0.78,0.56,0.41,0.21,0.2,0.09,0.36,7.75,5.06,0.3,0.19,0.89,0.16,0.51,0.01,2.28,0.05,0.01,17.25
"2013_Cain,Chelsea_LetMeGo_CT.txt",Cont_3P,90552,90552,14.14,77.24,0,50.79,13.57,10.18,0.03,0.01,0.07,9.45,0.63,3.39,8.34,10.17,5.48,7.38,1.84,0.27,3.19,13.71,5.31,0.46,1.46,0.77,0.09,12.21,0.13,0.08,0.34,2.87,1.33,1.5,0.41,0.46,0.36,12.32,1.47,0.74,1.03,1.63,0.76,0.71,5.14,1.52,5.68,2.66,0.67,2.01,5.51,4.31,0.56,0.16,0.63,15.46,2.66,8.96,4.02,0.62,0.65,0.91,1.12,0.23,0.09,0.23,0.02,0.03,0.32,10.29,4.16,0.03,0.05,0.14,0,0.42,0,2.12,0,0.05,17.27
"2013_Carpenter,Lea_ElevenDays_CT.txt",Cont_3P,60147,60147,14.75,84.63,0,57.29,15.2,9.89,0.3,0.18,0.41,7.29,1.72,5.31,8.12,12.2,7.49,5.73,4.67,0.99,4.44,13.22,6.35,1.1,2.5,1.46,0.04,14.73,0.64,0.15,1.01,4.03,2.4,1.59,0.29,0.71,0.35,15.71,2.6,1.22,1.39,2.49,1.44,0.66,4.43,2.35,2.65,1.04,0.85,0.65,1.82,0.79,0.45,0.23,0.37,14.89,2.13,6.79,5.95,1.67,1.64,1.28,0.79,0.3,0.25,0.29,0.04,0.09,0.29,6.25,5.6,0.33,0.38,0.22,0,0.35,0,1.69,0.09,0.14,15.15
"2013_Catton,Eleanor_Luminaries_PW.txt",Cont_3P,267896,267896,17.08,79.3,0,54.74,14.21,9.46,2.04,0.24,1.52,5.22,0.44,4.74,8.32,11.18,7.12,5.83,3.74,0.83,3.81,13.34,5.42,1.56,2.02,1.09,0.06,11.3,0.2,0.16,1.24,4.13,2.24,1.85,0.42,0.39,0.41,14.27,2.13,1.06,1.3,2.11,1.38,0.59,4.19,2.28,2.52,1,0.55,0.83,2.04,1.27,0.31,0.16,0.36,12.7,1.63,6.34,4.63,1.06,0.92,0.54,0.51,0.98,0.24,0.26,0.46,0.14,0.09,6.59,7.33,0.26,0.47,0.88,0.28,0.34,0,5.02,0.06,0.06,21.35
"2013_Clanchy,Kate_MeetingtheEnglish_CT.txt",Cont_3P,50269,50269,14.95,77.49,0,52.06,11.16,7.52,0.07,0.02,0.38,6.37,0.69,3.65,8.68,9.63,5.86,6.55,1.73,0.52,3.96,13.63,6.92,0.85,1.96,0.99,0.1,10.35,0.4,0.09,0.8,3.14,1.93,1.18,0.23,0.28,0.31,13.91,1.43,0.81,1.26,1.76,1.15,0.49,6.06,1.84,3.89,1.79,0.59,1.38,3.54,2.34,0.53,0.15,0.71,15.67,2.21,8.9,4.64,1.07,0.76,0.91,1.16,0.67,0.09,0.19,0.09,0.07,0.32,6.27,10.29,0.65,0.23,0.12,0.06,0.88,0,3.29,0.06,0.49,22.41
"2013_Coetzee,JM_TheChildhoodofJesus_CT.txt",Cont_3P,29847,29847,13.84,82.92,0,54.11,14.03,11.35,0.12,0.12,0.11,9.86,1.14,2.68,11.14,9.38,5.68,0.9,7.29,0.55,2.92,13.71,4.57,1.56,1.31,0.9,0.04,18.95,0.27,0.21,2.71,3.47,1.85,1.57,0.44,0.36,0.45,11.34,1.24,0.75,0.81,1.42,0.65,0.99,4.05,2.14,5.39,1.25,2.76,1.11,3.13,2.08,0.49,0.15,0.46,14.71,2.3,8.08,4.28,1.09,0.93,0.84,0.91,0.34,0.07,0.08,0.01,0.06,0.15,9.59,5.94,0.4,0.35,0.4,0.1,0.85,0,3.57,0.12,0.01,21.45
"2013_Crain,Caleb_NecessaryErrors_CT.txt",Cont_3P,133237,133237,15.94,78.86,0,54.37,12.39,7.95,0.36,0.08,0.36,5.6,1.54,4.45,9.14,10.76,6.5,7.2,2.15,0.57,3.56,15.37,6.07,0.85,1.76,1.05,0.02,10.72,0.15,0.21,0.66,3.55,2.01,1.5,0.44,0.35,0.42,13.45,2.28,0.9,1.49,2.38,0.71,0.65,4.36,1.98,3.21,1.5,0.58,0.97,2.24,1.14,0.3,0.16,0.68,14.44,2.05,7.75,4.49,1.06,1.07,1.1,0.84,0.52,0.16,0.09,0.06,0.06,0.19,7,6.59,0.09,0.27,0.26,0.03,0.36,0,1.63,0.01,0,16.26
"2013_Galland,Nicole_Godiva_CT.txt",Cont_3P,45109,45109,18.62,80,0,53.81,12.83,9.51,0.12,0.02,0.04,8.16,1.17,3.32,7.87,9.85,5.97,6.97,1.23,0.77,3.91,14.66,6.48,1.41,2.24,0.76,0.02,12.5,0.38,0.14,0.56,4.83,2.65,2.12,0.79,0.48,0.44,14.83,1.7,0.86,1.78,2.05,1.17,0.83,5.07,2.41,4.05,1.55,0.76,1.51,2.89,2.06,0.32,0.18,0.41,14.43,2.27,7.48,4.59,0.72,1,0.51,0.76,0.2,0.95,0.06,0.05,0.09,0.06,7.86,7.1,0.2,0.38,0.16,0.02,0.33,0,0.95,0.04,0,17.07
"2013_Gilbert,Elizabeth_TheSignatureofAllThings_CT.txt",Cont_3P,144172,144172,18.98,80.69,0,54.62,12.1,7.67,0.06,0.04,0.06,6.63,0.87,4.43,7.37,11.54,7.62,7.96,1.67,0.84,4.06,14.01,6.26,1.9,2.7,1.11,0.06,11.66,0.57,0.14,1.08,4.39,2.58,1.78,0.47,0.4,0.5,16.21,2.18,1.02,1.86,2.32,1.79,0.6,4.48,2.75,2.75,1.16,0.56,0.87,2.26,1.26,0.5,0.2,0.38,14.05,1.88,6.59,5.55,1.26,1.18,0.8,0.66,0.56,0.43,0.26,0.05,0.1,0.15,6.18,7.09,0.19,0.15,0.36,0.11,0.27,0,0.86,0.13,0.2,15.66
"2013_Gillmor,Don_MountPleasant_CT.txt",Cont_3P,54943,54943,18.35,78.76,0,50.66,11.35,7.12,0.13,0.05,0.35,5.28,1.31,4.23,9.33,10.59,6.23,7.92,1.39,0.65,2.86,13.05,5.68,0.43,1.89,1.52,0.09,10.44,0.63,0.17,0.8,3.71,1.94,1.73,0.36,0.53,0.51,12.59,1.49,0.82,1.42,1.85,0.76,0.62,5.24,1.29,3.21,1.39,0.5,1.1,3.05,1.44,0.56,0.29,0.86,15.44,2.76,7.69,5.04,1.53,0.99,1.35,1.06,1.39,0.27,0.31,0.01,0.04,0.28,6.87,6.08,0.14,0.16,0.34,0.02,0.64,0,1.61,0.13,0.14,16.26
"2013_Grady,Wayne_EmancipationDay_CT.txt",Cont_3P,62142,62142,13.42,81.06,0,54.98,14.06,10.14,0.15,0.04,0.19,8.14,1.62,3.91,8.33,11.41,6.15,7.7,2.1,0.69,4.03,14.26,6.82,0.74,1.77,1.11,0.09,13.65,0.83,0.08,0.84,2.92,1.5,1.4,0.3,0.5,0.34,13.85,1.51,0.75,1.51,2.01,0.98,0.56,5.31,2.15,4.01,2,0.75,1.02,2.98,1.63,0.44,0.15,0.81,16.45,2.62,8.69,5.29,0.85,0.82,1.36,1.25,0.44,0.26,0.19,0.07,0.06,0.41,6.69,6.4,0.08,0.06,0.35,0.02,0.42,0,2.4,0,0.01,16.44
"2013_Grisham,John_SycamoreRow_CT.txt",Cont_3P,101573,101573,17.04,80.17,0,53.23,9.63,6.78,0.15,0.02,0.11,5.22,1.29,2.85,9.09,10.56,6.6,7.82,1.17,0.8,3.62,13.94,7.36,1.36,2.39,1.71,0.04,10.29,0.55,0.11,0.7,4,1.96,1.99,0.47,0.57,0.5,15.12,1.51,0.88,1.39,2.04,1.33,0.69,6.01,2.03,2.37,1.13,0.48,0.64,2.22,0.91,0.55,0.07,0.71,15.79,2.27,7.62,5.74,2.12,1.16,1.02,1,0.83,0.19,0.32,0.05,0.08,0.09,6.97,7.02,0.18,0.2,0.14,0.01,0.45,0,0.94,0.01,0.1,16.04
"2013_Ireland,Ann_TheBlueGuitar_CT.txt",Cont_3P,59457,59457,17.2,76.16,0,48.11,11.5,8.13,0.04,0.05,0.17,7.01,0.86,3.36,9.27,6.96,3.86,1.59,4.23,0.59,2.78,13.95,5.05,0.79,1.61,1.11,0.09,11.98,0.25,0.12,0.78,3.63,2.1,1.49,0.42,0.39,0.38,11.45,1.46,0.82,0.77,1.56,0.89,0.75,4.48,1.38,4.76,1.23,1.64,1.57,3.98,2.62,0.57,0.12,0.74,16.06,1.88,8.51,5.43,1.26,1.15,1.61,1.07,0.28,0.31,0.11,0.03,0.06,0.16,7.07,6.27,0.31,0.12,0.27,0.01,0.65,0,2.07,0,0,16.77
"2013_Lemaitre,Pierre_Alex_CT.txt",Cont_3P,77128,77128,16.25,81.24,0,53.8,14.57,9.76,0.13,0.06,0.25,8.45,0.88,4.8,8.78,10.47,5.81,2.37,6.94,0.48,4.35,13.31,4.93,1.16,1.94,1.35,0.12,13.41,0.27,0.11,0.74,3.89,1.74,2.09,0.52,0.69,0.4,13.17,2.23,1.09,0.96,1.98,1.31,0.71,3.49,2.03,3.56,1.38,1.03,0.98,3.09,1.97,0.64,0.17,0.43,15,2.19,7.42,5.45,1.07,1.14,0.81,0.69,0.49,0.1,0.41,0.11,0.05,0.3,7.14,6.77,0.45,0.75,0.23,0.01,0.33,0,2.76,0.03,0,18.49
"2013_Mallon,Thomas_Watergate_PW.txt",Cont_3P,120489,120489,17.73,79.46,0,53.51,11.61,7.44,0.18,0.06,0.17,6.21,0.82,4.17,8.58,10.43,6.34,6.4,1.93,0.91,4.04,14.96,5.15,0.88,2.45,1.61,0.18,11.05,0.34,0.09,0.74,3.9,2.31,1.54,0.38,0.45,0.37,13.74,1.8,0.98,1.78,2.25,1.19,0.59,4.09,2.03,2.43,1.11,0.61,0.62,1.75,0.89,0.38,0.27,0.36,15.35,2.06,6.89,6.13,2.06,1.32,1.08,0.81,0.73,0.22,0.2,0.06,0.09,0.18,5.01,6.13,0.48,0.28,0.22,0.07,0.67,0,2.6,0.03,0.01,15.53
"2013_McGill,Robert_OnceWeHadaCountry_CT.txt",Cont_3P,83022,83022,14.6,80.31,0,53.2,14.39,10.57,0.16,0.06,0.15,9.19,1.01,3.82,9.14,8.57,4.11,1.94,5.44,0.49,3.95,14.65,6.04,0.78,1.69,0.89,0.04,15.28,0.4,0.07,0.75,3.43,1.78,1.62,0.46,0.41,0.42,12.71,2.07,0.85,1.24,1.96,0.79,0.62,4.46,1.75,4.35,1.41,1.81,0.94,2.76,1.72,0.45,0.12,0.53,15.82,2.41,7.54,5.73,0.69,0.84,0.82,1.24,0.33,0.31,0.12,0.04,0.06,0.15,7.13,5.6,0.06,0.14,0.19,0,0.27,0,3.14,0,0,16.52
"2013_Moore,Lisa_Caught_CT.txt",Cont_3P,86277,86277,12.74,80.58,0,55.59,14.26,10.35,1.07,0.25,1.12,6.58,1.32,3.91,10.22,11.72,6.49,7.5,2.96,0.46,3.14,13.71,6.24,0.59,1.49,0.96,0.16,12.95,0.42,0.11,1.12,2.74,1.54,1.19,0.23,0.33,0.37,13.87,1.45,0.73,1.28,1.6,0.84,0.58,6.63,1.52,4.14,1.84,0.7,1.27,3.58,2.36,0.32,0.26,0.76,15.08,2.63,8.51,3.95,0.74,0.7,0.99,0.79,0.4,0.19,0.13,0.1,0.02,0.2,8.65,4.24,0.1,0.09,0.44,0,0.34,0,2.56,0,0,16.43
"2013_Moore,Lisa_Caught_PW.txt",Cont_3P,86277,86277,12.74,80.58,0,55.59,14.26,10.35,1.07,0.25,1.12,6.58,1.32,3.91,10.22,11.72,6.49,7.5,2.96,0.46,3.14,13.71,6.24,0.59,1.49,0.96,0.16,12.95,0.42,0.11,1.12,2.74,1.54,1.19,0.23,0.33,0.37,13.87,1.45,0.73,1.28,1.6,0.84,0.58,6.63,1.52,4.14,1.84,0.7,1.27,3.58,2.36,0.32,0.26,0.76,15.08,2.63,8.51,3.95,0.74,0.7,0.99,0.79,0.4,0.19,0.13,0.1,0.02,0.2,8.65,4.24,0.1,0.09,0.44,0,0.34,0,2.56,0,0,16.43
"2013_Peace,David_RedorDead_CT.txt",Cont_3P,295507,295507,15.4,80.12,0,50.42,8.96,6.46,1.66,0.58,1.46,1.64,1.12,2.5,9.38,8.81,4.4,4.37,3.33,0.52,3.52,13.19,6.15,1.05,1.55,3.33,0.08,7.72,0.2,0.03,0.81,3.53,2.47,1.05,0.25,0.32,0.27,12.31,1.12,0.63,0.94,0.86,1.12,0.36,5.98,1.71,2.61,1.36,0.55,0.72,2.74,2.12,0.23,0.12,0.28,16.97,2.47,8.54,5.96,1.57,2.01,4.42,1.03,3.28,0.13,0.07,0.24,0.17,0.08,12.09,6.37,0.01,0,0.38,0.15,1.46,0,1.29,0,0,21.76
"2013_Phillips,JayneAnne_QuietDell_CT.txt",Cont_3P,83816,83816,17.11,78.43,0,49.96,12.12,9.83,0.31,0.08,0.11,8.09,1.25,2.29,8.86,9.69,4.99,6.01,2.27,0.9,2.89,13.58,6.07,0.98,1.32,0.95,0.01,13.37,0.69,0.11,1.02,3.32,1.97,1.32,0.34,0.27,0.52,13.48,1.6,0.6,1.29,1.4,1.17,1.09,5.3,1.6,4.27,1.93,0.7,1.42,2.83,1.87,0.33,0.16,0.5,15.66,2.98,8.56,4.13,1.29,1.07,0.92,1.3,0.53,0.3,0.34,0.06,0.07,0.21,7.9,8.71,0.27,0.54,0.18,0.04,0.29,0,1.43,0.03,0.03,19.45
"2013_Piatigorsky,Anton_TheIronBridge_CT.txt",Cont_3P,56533,56533,18.2,75.51,0,48.45,12.06,9.29,0.13,0.04,0.1,8.04,0.98,2.77,8.66,5.97,3.59,1.16,3.72,0.57,2.67,13.57,6.15,0.76,1.97,0.88,0.07,12.97,0.86,0.16,0.72,4.27,2.14,2.09,0.46,0.7,0.52,12.67,1.51,0.74,0.87,1.42,1.11,0.72,5.71,1.4,4.09,1.23,1.11,1.43,3.82,2.68,0.44,0.11,0.66,14.1,2.01,7.78,4.36,1.12,1.28,0.96,0.94,0.35,0.45,0.1,0.08,0.06,0.18,6.1,6.13,0.09,0.08,0.16,0.03,0.91,0,2.45,0,0,15.96
"2013_Toperoff,Sam_LillianandDash_CT.txt",Cont_3P,69185,69185,18.22,80.67,0,53.67,12.6,8.39,1.85,0.29,0.35,5.03,0.88,4.2,8.09,11.27,6.65,7.06,2.69,0.54,4.78,13.02,6.1,1.28,2.6,1.19,0.18,10.86,0.47,0.11,0.93,4.9,2.98,1.87,0.27,0.83,0.4,15.33,2.01,1.34,1.43,2.24,1.63,0.54,4.43,2.19,2.43,1.05,0.54,0.69,2.2,0.99,0.38,0.32,0.56,14.16,1.91,6.55,5.54,1.67,1.47,1.16,0.69,0.61,0.32,0.29,0.1,0.11,0.16,6.68,5.4,0.26,0.17,0.31,0.03,0.43,0,1.76,0.02,0.01,15.08
"2013_Vyleta,Dan_TheCrookedMaid_PW.txt",Cont_3P,94096,94096,17.67,81.46,0,54.13,12.88,9.49,0.06,0.01,0.02,8.46,0.94,3.4,9.9,9.04,4.87,7.22,1.02,0.35,3.13,15.76,5.28,1.06,1.86,1.37,0.04,12.6,0.34,0.11,0.87,3.54,1.62,1.87,0.61,0.59,0.38,12.55,1.77,0.79,0.74,1.75,0.78,0.81,4.87,1.61,3.8,1.38,0.72,1.38,4.27,2.94,0.54,0.18,0.75,16.64,2.72,8.83,5.02,1.04,0.89,0.77,1.18,0.31,0.12,0.22,0.01,0.04,0.1,6.44,7.3,0.32,0.64,0.04,0.01,0.44,0,0.85,0.12,0.01,16.28
"2013_Wilk,Lucie_TheStrengthofBone_CT.txt",Cont_3P,78025,78025,13.88,84.26,0,56.6,15.93,11.2,0.03,0.03,0.06,9.76,1.31,4.73,8.71,9.94,5.73,2.26,6.58,0.52,4.23,14.5,6.34,0.85,1.85,0.63,0.04,14.67,0.73,0.03,0.92,3.25,1.64,1.54,0.39,0.39,0.49,13.3,1.96,0.83,0.95,1.68,0.93,0.74,5.45,1.64,5.64,2.35,0.87,2.15,4.79,3.2,1.14,0.15,0.42,16.66,2.71,9.1,4.92,0.65,0.92,0.58,0.65,0.16,0.23,0.2,0.05,0.04,0.27,7.32,5.74,0.27,0.13,0.2,0.01,0.25,0,0.98,0.01,0.11,15.03
"2013_Winter,Michael_MinisterWithoutPortfolio_CT.txt",Cont_3P,78200,78200,12.38,80.08,0,55.43,13.44,8.83,1.03,0.28,1.07,4.93,1.53,4.61,9.82,11.47,6.45,7.09,3.17,0.36,3.45,14.08,6.35,0.86,1.45,1.07,0.08,10.88,0.45,0.09,0.88,3.2,2.04,1.14,0.23,0.37,0.29,13.9,1.54,0.93,0.93,1.24,0.82,0.57,6.71,1.73,2.84,1.22,0.47,0.96,2.9,1.24,0.77,0.22,0.74,15.57,2.66,8.88,3.96,0.88,0.95,1.07,1.36,0.44,0.2,0.26,0.1,0.08,0.21,7.67,3.32,0.18,0,0.24,0.02,0.26,0.01,2.32,0.01,0.01,14.04
"2014_Abbott,Megan_TheFever_CT.txt",Cont_3P,60528,60528,14.02,80.86,0,51.36,14.74,9.91,0.39,0.04,0.46,8.07,0.94,4.83,7.69,9.8,4.86,6.71,1.97,0.33,4,12.93,5.31,0.7,1.88,1.2,0.01,13.64,0.59,0.14,0.94,2.92,1.57,1.33,0.41,0.25,0.35,14.1,2.14,0.81,1.21,2.47,1.41,0.74,4.38,2.08,5.87,2.25,1.21,2.12,4.44,3.27,0.64,0.15,0.47,15.66,2.19,7.82,6.17,1.22,0.75,1.02,0.82,0.14,0.15,0.1,0.08,0.01,0.72,7.9,8.76,0.12,0,0.24,0.01,0.59,0,2.65,0.02,0.61,20.93
"2014_Ackroyd,Peter_ThreeBrothers_CT.txt",Cont_3P,69107,69107,14.6,83.93,0,56.92,16.6,11.86,2.5,0.23,1.92,6.2,1.01,4.74,8.02,13.16,7.78,6.82,4.78,0.74,3.94,13.38,5.2,1.3,1.88,0.96,0.12,13.43,0.6,0.18,0.87,4.15,2.4,1.72,0.47,0.51,0.34,14,2.5,0.86,1.38,2.2,1.15,0.46,4.14,2.15,3.04,1.44,0.76,0.68,2.04,1.04,0.4,0.16,0.5,14.59,2.42,7.32,4.81,1.54,0.87,0.92,0.91,0.48,0.36,0.16,0.23,0.13,0.14,9.58,4.64,0.01,0.34,1.4,0.03,0.48,0,5.85,0,0.01,22.35
"2014_Alarcon,Daniel_AtNightWeWalkinCircles_PW.txt",Cont_3P,80462,80462,17.44,81.77,0,54.45,13.21,8.54,1.18,0.18,0.11,5.59,1.48,4.66,8.46,10.35,6.02,7.34,1.75,0.5,4.02,13.69,6.27,1.11,2.62,1.33,0.02,11.64,0.68,0.23,0.89,4.24,2.31,1.89,0.51,0.49,0.49,14.97,2.19,0.87,1.33,2.63,1.41,0.74,4.61,2.37,2.79,1.16,0.61,0.9,2.13,1.2,0.41,0.16,0.4,15.83,2.15,7.27,6.31,1.13,1.16,1.16,0.7,0.37,0.09,0.24,0.02,0.08,0.21,6.75,8.28,0.52,0.47,0.19,0.02,0.3,0,2.19,0.12,0,18.97
"2014_Bezmozgis,David_TheBetrayers_CT.txt",Cont_3P,55250,55250,17.16,80.47,0,56.19,15.39,10.3,2.04,0.54,1.62,4.7,1.41,5.09,8.12,11.24,7.16,5.66,3.89,0.83,3.81,12.86,6.32,1.45,2.16,1.12,0.01,12.67,0.6,0.08,1.1,3.6,1.99,1.57,0.32,0.48,0.33,14.59,2,1.22,1.89,1.97,0.97,0.71,4.5,2.5,2.42,1.1,0.64,0.61,1.84,1.03,0.45,0.08,0.28,12.24,1.86,5.74,4.67,1,0.93,0.72,0.75,0.49,0.81,0.13,0.13,0.1,0.21,7.68,5.9,0.13,0.08,1.21,0.12,0.22,0.02,1.55,0,0,16.91
"2014_Billingham,Mark_TheBonesBeneath_CT.txt",Cont_3P,65024,65024,16.59,81.67,0,56.33,11.82,7.15,0.18,0.03,0.19,5.57,1.19,4.68,9.1,11.77,7.04,8.14,2.11,0.56,4.52,15.22,6.32,0.89,2.46,1.47,0.12,10.05,0.21,0.12,0.62,3.52,1.88,1.6,0.42,0.47,0.36,13.59,1.51,0.87,1.23,2.28,1.04,0.64,4.94,2.07,3.83,1.89,0.76,1.05,2.79,1.72,0.28,0.09,0.76,16.66,2.44,8.74,5.48,0.97,0.95,0.96,0.87,0.24,0.12,0.19,0.03,0.09,0.2,7.11,4.99,0.04,0.16,0.12,0.02,0.76,0,3.5,0,0.01,16.7
"2014_Coover,Robert_TheBrunistDayofWrath_CT.txt",Cont_3P,315944,315944,15.44,82.35,0,55.83,13.59,8.87,0.19,0.04,0.14,6.82,1.68,4.71,7.91,10.25,6.39,3.5,5.29,0.61,4.91,14.12,7.11,1,2.48,0.9,0.16,12.88,0.46,0.15,0.91,4.36,2.27,2.05,0.42,0.65,0.51,15.06,1.74,0.9,1.05,2.56,1.27,0.5,5.53,2.51,2.91,1.04,0.86,0.83,2.43,1.33,0.48,0.3,0.44,15.08,2.04,7.74,5.32,1.13,1.03,1.08,0.56,0.51,1.13,0.32,0.06,0.1,0.33,5.01,6.61,0.15,0.13,0.21,0.07,0.43,0,2.02,0.14,0.01,14.92
"2014_Crummey,Michael_Sweetland_PW.txt",Cont_3P,92458,92458,15.32,79.79,0,54.43,10.97,7.86,0.23,0.05,0.31,6.18,1.09,3.11,11.94,8.13,3.67,5.59,1.63,0.3,3.22,17.38,5.82,0.6,1.75,1.21,0.14,9.99,0.32,0.03,0.61,2.31,0.93,1.37,0.33,0.4,0.41,12.37,1.13,0.76,0.76,1.75,0.82,0.74,5.7,1.38,3.53,1.47,0.59,1.14,3.43,2.12,0.44,0.12,0.81,18.53,2.83,10.15,5.31,0.76,0.82,0.79,1.23,0.37,0.41,0.29,0.03,0.07,0.22,6.59,4.43,0,0,0.18,0,0.38,0,1.89,0,0.01,13.5
"2014_Cunningham,Michael_TheSnowQueen_CT.txt",Cont_3P,47550,47550,18.17,78.18,0,51.85,13.12,7.27,0.19,0.11,0.4,5.56,1,5.85,7.8,9.52,5.91,2.26,5.54,0.8,3.99,13.22,5.6,1.38,2.3,1.02,0.11,11.43,0.32,0.11,0.72,4.43,2.66,1.75,0.33,0.46,0.5,14.06,2.26,0.95,1.37,2.88,1.35,0.58,3.7,2.67,3.71,1.24,1.46,0.73,2.73,1.36,0.57,0.38,0.48,13.24,1.84,6.44,4.85,0.83,1.17,1.01,0.91,0.37,0.33,0.19,0.08,0.1,0.18,5.11,9.25,0.16,0.6,0.63,0.02,0.98,0,2.96,0.52,0,20.76
"2014_Danticat,Edwidge_ClaireoftheSeaLight_CT.txt",Cont_3P,57780,57780,13.84,83.3,0,56.17,14.65,10.35,0.04,0.02,0.22,8.94,1.14,4.3,7.63,11.64,7.25,7.52,1.96,1.09,4.4,14,6.66,0.92,2.39,0.93,0.01,15.73,1.45,0.22,1.32,2.93,1.68,1.23,0.27,0.27,0.47,14.39,1.66,0.99,1.97,2.36,0.98,0.55,4.63,2.14,3.35,1.36,0.78,0.96,2.88,1.79,0.46,0.19,0.54,15.95,2.36,7.32,6.3,1.34,0.89,1.05,0.94,0.38,0.2,0.48,0.03,0.03,0.27,5.15,6.32,0.05,0.03,0.28,0,0.52,0,1.88,0.02,0,14.27
"2014_Doerr,Anthony_AlltheLightWeCannotSee_CT.txt",Cont_3P,113116,113116,17.47,75.77,0,50.41,10.34,7.4,0.17,0.12,0.21,5.65,1.24,2.95,10.29,7.02,4.05,1.01,5.12,0.48,2.73,14.2,5.66,0.85,1.93,2.16,0.04,10.57,0.43,0.06,0.7,2.32,1.21,1.1,0.26,0.3,0.3,12.08,1.34,0.61,0.65,1.8,0.98,0.6,5.56,1.47,4.42,1.35,1.45,1.24,3.35,2.11,0.47,0.09,0.73,16.76,2.41,9.76,4.55,1.06,0.81,1.02,1.34,0.2,0.22,0.25,0.02,0.02,0.21,6.93,5.93,0.38,0.46,0.4,0.04,1.01,0,1.01,0.01,0.06,16.22
"2014_Faber,Michel_TheBookofStrangeNewThings_CT.txt",Cont_3P,176949,176949,16.39,80.95,0,54.77,14.7,9.71,1.89,0.52,1.4,4.69,1.21,4.98,7.73,10.73,6.52,5.28,3.6,0.82,4.58,13.06,5.71,1.21,2.47,1.15,0.1,11.45,0.27,0.27,0.74,4.57,2.72,1.81,0.38,0.44,0.42,14.96,1.96,1.03,1.7,2.64,1.35,0.53,4.27,2.6,2.85,1.14,0.57,0.91,3.18,1.68,0.71,0.41,0.49,12.89,1.86,6.63,4.45,0.98,1.08,0.68,0.57,0.33,0.97,0.25,0.2,0.17,0.27,6.81,6.45,0.23,0.16,0.69,0.15,0.97,0,4.94,0.07,0.04,20.58
"2014_Farah,Nuruddin_HidinginPlainSight_CT.txt",Cont_3P,76644,76644,17.42,80.94,0,54.11,13.5,9.51,0.01,0.04,0.09,7.66,1.71,4,7.73,9.87,5.5,2.1,6.65,0.55,3.77,14.86,7.36,1.02,2.09,0.91,0.02,15.68,0.47,0.18,0.85,4.03,2.36,1.61,0.47,0.38,0.46,14.3,2.27,1.1,1,2.02,0.89,0.69,5.34,2.11,3.57,0.78,1.98,0.68,2.33,1.06,0.35,0.24,0.72,14.32,2.27,6.77,5.01,1.11,1.1,0.93,0.92,0.45,0.14,0.2,0.02,0.08,0.09,5.51,6.79,0.1,0.15,0.11,0.03,0.37,0,1.32,0.01,0,14.4
"2014_Flanagan,Richard_NarrowRoad_PW.txt",Cont_3P,121742,121742,16.73,81.64,0,55.9,14.34,9.35,0.57,0.22,0.39,6.75,1.43,4.98,7.92,11.17,6.49,7.37,2.23,0.65,4.15,13.47,6.92,1.45,2.52,1.17,0.17,11.81,0.26,0.08,0.8,4.31,2.02,2.26,0.43,0.83,0.52,15.75,2.36,0.96,1.52,2.13,1.26,0.73,5.55,2.19,3.11,1.14,0.55,1.14,3.36,1.82,0.73,0.27,0.64,14.29,2.09,6.97,5.22,0.88,1.15,0.9,0.46,0.23,0.22,0.58,0.09,0.07,0.2,5.92,6.63,0.09,0.15,0.48,0.09,0.44,0,1.32,0,0.01,15.13
"2014_Galbraith,Robert_TheSilkworm_CT.txt",Cont_3P,90342,90342,19.85,77.47,0,50.73,11.52,8.19,0.12,0.02,0.11,7.17,0.77,3.33,8.47,9.79,6.14,7.28,1.31,0.47,2.9,14.9,5.04,1.08,1.61,1.07,0.05,11.44,0.4,0.15,0.66,4.22,2.09,2.08,0.58,0.63,0.45,12.54,1.91,0.85,1.02,1.59,0.88,0.66,4.52,1.65,3.85,1.79,0.67,1.19,3,1.7,0.48,0.16,0.73,15.27,2.16,8.33,4.68,1.28,0.99,1.03,0.99,0.39,0.18,0.25,0.01,0.07,0.18,6.55,6.35,0.31,0.3,0.18,0.02,0.64,0,1.12,0.09,0,15.65
"2014_Hoffman,Cara_BeSafeILoveYou_CT.txt",Cont_3P,66672,66672,13.83,83.86,0,55.32,15.21,11.42,0.2,0.02,0.3,9.44,1.45,3.8,7.56,11.04,5.71,7.46,2.05,0.46,3.98,13.61,7.69,0.88,1.85,0.85,0.13,14.12,0.47,0.1,0.59,4.25,2.28,1.95,0.5,0.57,0.49,15.72,1.68,1.09,1.53,1.84,1.06,0.73,6.71,1.85,4.98,2.09,0.93,1.66,3.98,2.65,0.49,0.24,0.65,16.26,2.68,8.6,5.05,0.89,0.85,1.13,1.03,0.3,0.24,0.19,0.03,0.03,0.39,6.79,4.97,0.07,0.15,0.06,0.01,0.44,0,1.74,0,0.01,14.25
"2014_HoldenRothman,Claire_MyOctober_PW.txt",Cont_3P,71639,71639,16.35,79.93,0,52.23,13.15,9.5,0.11,0.02,0.08,8.49,0.8,3.64,8.37,10.68,6.52,8.4,1.23,0.42,3.69,13.62,5.09,0.87,1.85,1.06,0.05,13.33,0.83,0.08,0.79,3.64,1.87,1.74,0.49,0.44,0.45,12.54,1.52,0.86,1.18,1.7,1.07,0.74,4.17,1.82,4.08,1.96,0.69,1.19,3.2,2.16,0.5,0.16,0.45,15.99,2.3,8.37,5.34,1.41,0.91,0.88,1.06,0.29,0.23,0.12,0.03,0.04,0.29,9.29,5.98,0.12,0.05,0.26,0,0.67,0,2.13,0.02,0.01,18.55
"2014_Huneven,Michelle_OffCourse_CT.txt",Cont_3P,62967,62967,15.62,76.27,0,48.95,11.22,8.68,0.32,0.03,0.27,7,1.06,2.54,8.47,8.79,4.39,6.19,1.56,0.42,3.32,13.3,6.09,0.73,1.87,1.41,0.03,11.73,0.78,0.18,0.54,3.43,2.04,1.36,0.31,0.31,0.44,12.47,1.1,0.78,1.17,1.76,0.93,0.53,5.42,1.69,3.44,1.52,0.48,1.14,3.39,1.6,0.47,0.25,1.15,16.83,2.44,8.76,5.46,1.39,0.94,1.66,1.41,0.83,0.11,0.08,0.09,0.05,0.19,7.62,7.48,0.32,0.31,0.36,0.16,1.01,0,2.04,0.1,1.05,20.53
"2014_Itani,Frances_Tell_CT.txt",Cont_3P,63773,63773,14.24,83.2,0,56.58,12.28,8.8,0.63,0.32,0.3,6.69,0.87,3.48,9.02,12.04,7.69,7.57,2.71,0.72,3.68,15.6,6.08,1.11,2.14,1.29,0.03,11.8,0.52,0.12,0.77,3.14,1.84,1.26,0.25,0.4,0.36,13.99,1.75,0.94,1.67,1.9,0.96,0.65,5.09,2.01,3.1,1.04,0.87,0.99,2.58,1.51,0.41,0.13,0.57,18.25,2.59,9.15,6.21,0.82,1,1.24,1.14,0.33,0.31,0.33,0.03,0.06,0.09,6.8,5.86,0.11,0.18,0.27,0.02,0.36,0,1.83,0.01,0.01,15.45
"2014_Itani,Frances_Tell_PW.txt",Cont_3P,63773,63773,14.24,83.2,0,56.58,12.28,8.8,0.63,0.32,0.3,6.69,0.87,3.48,9.02,12.04,7.69,7.57,2.71,0.72,3.68,15.6,6.08,1.11,2.14,1.29,0.03,11.8,0.52,0.12,0.77,3.14,1.84,1.26,0.25,0.4,0.36,13.99,1.75,0.94,1.67,1.9,0.96,0.65,5.09,2.01,3.1,1.04,0.87,0.99,2.58,1.51,0.41,0.13,0.57,18.25,2.59,9.15,6.21,0.82,1,1.24,1.14,0.33,0.31,0.33,0.03,0.06,0.09,6.8,5.86,0.11,0.18,0.27,0.02,0.36,0,1.83,0.01,0.01,15.45
"2014_Jacobson,Howard_J_PW.txt",Cont_3P,102442,102442,15.78,83.97,0,58.83,18.31,12.14,2.27,0.54,1.67,6.1,1.56,6.17,6.39,13.17,8.15,6.63,4.55,0.78,4.43,13.15,6.04,1.82,2.44,0.79,0.1,14.46,0.74,0.13,0.86,5.24,2.79,2.41,0.49,0.88,0.47,15.85,2.79,1.33,1.84,2.46,1.48,0.56,3.67,3.11,2.6,0.96,0.71,0.76,2.28,1.23,0.43,0.39,0.27,11.42,1.71,5.56,4.17,0.87,0.92,0.9,0.49,0.33,0.41,0.26,0.17,0.16,0.21,7.17,5.62,0.07,0.05,1.15,0.11,1.16,0,4.99,0.05,0.01,20.42
"2014_Jones,Sadie_Fallout_CT.txt",Cont_3P,83409,83409,15.37,82.22,0,54.15,14.25,11.15,0.09,0.02,0.11,9.53,1.41,3.1,7.91,10.71,5.51,8.18,1.39,0.46,3.12,14.67,7.06,1.07,1.57,0.96,0.04,14.29,0.53,0.1,0.59,4.4,2.44,1.94,0.52,0.5,0.56,14.73,1.76,0.7,1.28,1.54,0.85,0.99,6.29,2.15,4.26,1.78,0.82,1.48,3.5,2.15,0.38,0.34,0.68,16.54,2.68,8.94,4.93,1.11,1.03,1.41,1.15,0.34,0.23,0.07,0.03,0.04,0.23,8.18,6.61,0.05,0.44,0.08,0.01,1.37,0,3.1,0,0,19.85
"2014_King,Thomas_TheBackoftheTurtle_PW.txt",Cont_3P,81238,81238,14.86,79.65,0,53,9.99,6.22,0.06,0.02,0.16,5.27,0.71,3.77,10.97,11.81,7.43,7.24,2.87,0.8,3.6,13.15,6.43,0.75,1.8,0.93,0.07,9.13,0.55,0.08,0.76,3.62,2.18,1.41,0.26,0.38,0.4,14.18,1.63,0.75,1.6,1.78,0.87,0.72,5.9,1.7,3.76,1.44,0.61,1.39,3.07,1.66,0.48,0.19,0.85,15.36,2.48,7.92,4.78,1.04,1.12,1.45,0.9,0.5,0.15,0.2,0.06,0.08,0.15,9.18,5.37,0.04,0.01,0.33,0.05,0.43,0,1.52,0,0.01,16.93
"2014_Korelitz,JeanHanff_YouShouldHaveKnown_CT.txt",Cont_3P,107460,107460,17.12,84.28,0,56.87,13.91,8.71,0.25,0.02,0.25,7.02,1.17,5.19,7.48,11.73,7.08,8.41,1.83,0.59,4.84,13.77,6.76,1.36,2.73,1.2,0.03,12.59,0.86,0.16,0.83,4.92,3.17,1.7,0.44,0.4,0.44,16.1,2.16,1.06,1.4,2.81,1.47,0.7,4.83,2.93,2.58,1.05,0.58,0.81,2.14,0.94,0.65,0.17,0.43,14.81,2.01,7.17,5.61,1.63,0.99,0.91,1.04,0.42,0.14,0.14,0.07,0.1,0.2,6.01,7.12,0.28,0.06,0.36,0.07,0.49,0,1.55,0.28,0.02,16.53
"2014_Matthiessen,Peter_InParadise_CT.txt",Cont_3P,42635,42635,19.38,79.06,0,51.28,12.44,7.93,0.07,0.07,0.19,6.61,1,4.51,8.02,8.24,5.38,2.51,4.22,0.77,3.69,14.61,5.26,1.21,2.14,0.9,0.16,12.33,0.62,0.23,0.99,5.43,2.44,2.93,0.67,0.95,0.75,12.42,1.84,0.95,0.98,2.2,1.28,0.66,3.71,1.75,3.69,1.26,1.17,1.04,2.38,1.41,0.56,0.21,0.26,15.07,1.83,7.92,5.3,0.95,1.13,0.76,0.49,0.23,1.17,0.58,0.08,0.1,0.15,4.33,7.26,0.22,0.23,0.72,0.13,0.66,0,1,0.14,0.01,14.85
"2014_Maupin,Armistead_TheDaysofAnnaMadrigal_CT.txt",Cont_3P,42966,42966,17.4,76.9,0,51.97,12.47,7.9,0.2,0.03,0.26,6.44,0.97,4.57,8.41,10.42,6.45,7.45,1.56,0.51,3.79,14.15,5.36,1.02,1.82,0.85,0.2,11.09,0.38,0.14,0.94,4.15,2.56,1.55,0.48,0.46,0.37,13.42,2.04,0.99,1.41,2.16,1.12,0.55,4,2.22,3.27,1.44,0.58,1.05,2.8,1.76,0.42,0.41,0.36,13.85,1.78,7.23,4.9,0.78,0.95,1,0.85,0.34,0.31,0.12,0.07,0.06,0.34,7.98,5.58,0.17,0.06,0.16,0.01,0.71,0,1.51,0.15,0.01,16.49
"2014_McMurty,Larry_TheLastKindWordsSaloon_CT.txt",Cont_3P,19622,19622,14.75,76.68,0,52.51,11.13,7.54,0.25,0.02,0.02,6.14,1.12,3.59,8.36,12.11,7.07,9.17,1.55,0.48,4.13,13.22,6.01,1.18,2.14,1.46,0.02,10.38,0.34,0.11,0.86,3.99,2.15,1.79,0.34,0.59,0.38,13.71,1.7,0.9,1.22,2.42,0.91,0.6,4.33,2.44,2.75,1.4,0.46,0.74,1.95,0.99,0.35,0.27,0.45,15.17,2.56,7.58,4.95,0.86,1.01,0.78,0.42,0.53,0.44,0.38,0.01,0.03,0.1,9.71,5.01,0.25,0.42,0.08,0,0.43,0,1.2,0,0,17.11
"2014_Miller,Sue_TheArsonist_CT.txt",Cont_3P,81374,81374,14.81,84.36,0,56.99,14.61,10.17,0.04,0.03,0.14,8.55,1.4,4.44,8.52,11.23,5.98,8.31,1.67,0.46,4.95,15.75,6.25,0.42,2.18,1.08,0.04,13.77,0.4,0.56,0.6,3.01,1.73,1.26,0.41,0.29,0.33,13.42,1.97,0.92,1.1,2.47,0.84,0.52,4.94,1.64,3.67,1.45,0.89,1.13,2.6,1.36,0.42,0.18,0.69,18.61,2.84,9.29,6.12,1.05,0.8,0.86,1.53,0.24,0.08,0.06,0.1,0.05,0.08,7.28,7.9,0.13,0.04,0.18,0.02,0.33,0,1.9,0,0,17.79
"2014_Mirvis,Tova_VisibleCity_CT.txt",Cont_3P,59867,59867,16.45,83.33,0,56.04,14.87,10.8,0.05,0.03,0.17,9.04,1.51,4.06,7.35,11.63,6.73,7.89,2.02,0.7,4.33,15.25,6.07,0.96,2.33,0.95,0.01,14.88,0.56,0.19,0.91,3.8,2.17,1.59,0.48,0.3,0.44,14.65,2.19,1.02,1.98,1.86,1.25,0.82,4.21,2.07,3.44,1.66,0.66,0.99,2.2,1.29,0.51,0.16,0.28,15.98,2.39,7.8,5.4,1.32,1.19,0.94,1.29,0.4,0.13,0.04,0.01,0.1,0.11,6.07,6.62,0.09,0.19,0.22,0.03,0.38,0,1.96,0,0,15.56
"2014_Morton,Brian_Florence_CT.txt",Cont_3P,52280,52280,15.3,84.15,0,57.79,16.9,11.1,0.26,0.06,0.6,9.16,1.01,5.8,6.73,13.92,8.29,9.28,2.77,0.66,4.41,13.52,6.55,0.82,2.1,1.09,0.1,15.12,0.44,0.19,0.87,4.14,2.44,1.68,0.44,0.49,0.32,16.45,2.98,1.3,2.06,3.02,1.34,0.64,4.04,2.81,2.46,0.94,0.52,0.87,2.06,0.81,0.68,0.25,0.36,13.75,2.08,6.04,5.52,1.57,1.15,0.99,0.53,0.4,0.17,0.12,0.03,0.05,0.23,6.61,5.37,0.15,0.27,0.4,0.02,0.39,0,2.88,0.03,0,16.15
"2014_Ohle,David_TheOldReactor_CT.txt",Cont_3P,29517,29517,18.59,78.16,0,51.73,9.61,6.9,0.17,0.03,0.11,5.84,0.75,2.71,11.33,9.33,4.88,6.19,1.64,0.6,3.02,15.15,5.94,0.61,1.67,1.35,0.02,8.96,0.3,0.13,0.43,2.97,1.56,1.39,0.32,0.41,0.34,12.41,1.13,0.74,1.24,1.62,0.56,0.82,5.84,1.19,3.61,1.41,0.41,1.37,4.21,2.44,0.73,0.09,1.04,17.51,3.22,9.35,4.64,0.97,0.83,0.95,1.46,0.46,0.13,0.26,0.03,0.07,0.08,7.05,5.2,0.07,0.02,0.13,0,0.54,0,1.2,0,0,14.22
"2014_Palahniuk,Chuck_BeautifulYou_CT.txt",Cont_3P,55984,55984,21.45,77.28,0,47.78,11.67,8.6,0.01,0,0.15,7.39,1.05,3.07,8.92,8.15,5.04,5.9,0.99,0.51,2.56,13.26,4.55,0.7,2.07,0.89,0.04,12.02,0.31,0.15,1.09,4.7,2.61,2.05,0.46,0.63,0.52,12,1.68,1.03,1.25,1.76,1.13,0.76,3.77,1.49,4.26,1.69,0.74,1.44,4.32,2.81,0.64,0.7,0.5,12.42,1.73,6.68,4.11,1.66,1.48,0.98,0.69,2.23,0.18,0.23,0.01,0.06,0.29,7.72,5.63,0.09,0.03,0.05,0.04,0.9,0,2.11,0,0.03,16.61
"2014_Paull,Laline_TheBees_CT.txt",Cont_3P,72667,72667,16.1,79.69,0,51.5,11.2,8.71,0.03,0.04,0.03,6.54,2.07,2.49,9.85,7.6,3.59,5.73,0.92,0.37,2.62,15.16,7.12,0.84,2.23,0.92,0.02,12.31,1.41,0.11,0.5,4.94,2.58,2.35,0.67,0.65,0.56,13.45,1.22,0.66,1.03,0.87,1.04,0.91,6.5,1.51,5.02,1.63,0.74,1.38,3.35,1.93,0.72,0.17,0.56,16.42,3.34,9.04,4.08,0.65,1.47,0.53,0.36,0.12,0.59,0.31,0.01,0.02,0.07,6.34,5.26,0.02,0.04,0.02,0.07,0.38,0,0.86,0,0,12.99
"2014_Quindlen,Anna_StillLifewithBreadCrumbs_CT.txt",Cont_3P,54362,54362,15.89,82.6,0,55.88,12.79,7.96,0.09,0.01,0.2,6.96,0.7,4.83,9.89,11.39,6.98,8.52,1.55,0.62,4.13,13.75,6.67,0.93,2.12,1.3,0.01,11.7,0.83,0.14,0.83,3.03,1.84,1.16,0.27,0.24,0.38,13.88,1.91,1,1.23,2.2,1.2,0.4,4.75,2.02,3.28,1.46,0.62,0.94,2.75,1.36,0.46,0.17,0.82,15.93,2.18,7.74,5.99,1.21,0.83,1.25,1.26,0.73,0.16,0.16,0.04,0.06,0.35,5.47,6.2,0.22,0.11,0.12,0.03,0.38,0,1.38,0.07,0.01,14.06
"2014_Robinson,Marilynne_Lila_PW.txt",Cont_3P,73711,73711,9.4,88.84,0,62.99,18.39,11.87,0.52,0.07,0.74,8.72,1.81,6.52,7.04,14.84,8.59,8.17,3.64,1.36,5.95,13.13,8.45,1.16,2.41,0.88,0.07,15.36,0.26,0.04,1.5,3.7,2.09,1.6,0.35,0.39,0.46,18.81,2.49,1.23,2.72,3.22,1.64,0.56,5.8,2.74,3.43,1.25,0.78,1.17,2.35,1.52,0.34,0.09,0.43,14.98,2.29,6.76,5.79,0.46,0.69,0.57,0.72,0.36,0.48,0.21,0.04,0.17,0.3,6.37,6.52,0.02,0.03,0.25,0.04,0.06,0,2.09,0,0,15.39
"2014_Segal,Lore_HalftheKingdom_CT.txt",Cont_3P,22947,22947,16.09,79.32,0,50.53,10.66,6.68,0.16,0.1,0.19,5.32,0.91,3.98,10.25,10.79,6.11,6.15,3.5,0.49,2.29,14.34,4.76,1.26,1.13,1.15,0.03,11.93,0.79,0.15,1.43,3.11,1.78,1.33,0.3,0.27,0.37,12.52,1.53,0.62,1.03,1.48,0.71,0.8,5.52,1.65,3.43,1.74,0.84,0.67,4,2.09,1.44,0.15,0.53,15.69,2.61,8.73,4.23,1.93,0.64,0.8,1,0.35,0.2,0.14,0.02,0.14,0.15,6.22,6.18,0.25,0.23,0.31,0.11,0.63,0.01,1.62,0.04,0.05,15.68
"2014_Shipstead,Maggie_AstonishMe_CT.txt",Cont_3P,66100,66100,16.32,80.91,0,53.42,13.64,10.82,0.17,0.03,0.16,9.22,1.24,2.83,7.81,10.18,6.28,2.88,5.8,0.74,3.46,14.06,6.8,1.02,1.74,0.86,0.04,14.38,0.34,0.16,0.87,4.12,2.32,1.78,0.49,0.44,0.48,14.31,1.77,0.92,1.2,1.93,0.94,0.66,5.51,2.33,4.19,1.57,1.03,1.39,3.56,2.45,0.39,0.33,0.5,15.16,2.43,7.87,4.83,0.98,1.08,1.65,0.96,0.24,0.17,0.12,0.05,0.04,0.28,5.99,7.67,0.11,0.13,0.09,0.01,0.3,0,1.27,0.04,0,15.67
"2014_Smiley,Jane_SomeLuck_CT.txt",Cont_3P,121901,121901,12.21,81.75,0,57.75,13.31,8.49,0.05,0.01,0.31,6.82,1.31,4.81,7.97,12.37,7.39,9.36,1.71,0.48,4.69,13.41,8.69,1.04,2.25,1.55,0.05,11.29,0.48,0.07,0.68,3.26,2.09,1.14,0.25,0.33,0.25,15.74,1.51,0.93,1.36,2.08,1.21,0.45,6.66,2.59,3.06,1.35,0.56,0.98,2.56,1.54,0.26,0.15,0.66,16.08,2.53,8.11,5.26,1.01,0.72,0.72,1.04,0.4,0.22,0.17,0.08,0.12,0.2,4.93,8.38,0.04,0.11,0.18,0.01,0.28,0,1.33,0.21,0.01,15.68
"2014_StAubyn,Edward_LostforWords_CT.txt",Cont_3P,48873,48873,19.3,80.77,0,54.06,12.5,8.05,1.03,0.46,0.64,5.44,0.47,4.45,8.71,10.51,6.66,5.4,3.19,0.76,3.57,15.46,5.19,0.98,2.11,0.93,0.12,10.7,0.32,0.17,0.61,5.37,3.04,2.27,0.49,0.78,0.57,14.91,2.01,1.18,1.71,2.15,1.46,0.68,4.41,2.29,2.43,1,0.47,0.8,2.13,0.86,0.42,0.32,0.59,13.19,1.72,6.88,4.38,1.58,1.66,1.36,0.58,0.73,0.2,0.22,0.19,0.18,0.15,4.14,6.47,0.16,0.21,0.37,0.19,0.61,0,3.72,0.04,0.12,16.09
"2014_StJohnMandel,Emily_StationEleven_PW.txt",Cont_3P,77310,77310,18.02,80.81,0,53.84,11.47,7.64,0.61,0.1,0.32,5.48,1.14,3.82,10.31,9.31,5.37,6.34,2.08,0.33,3.84,14.44,5.83,0.7,1.82,1.91,0.01,10.73,0.27,0.15,0.79,2.99,1.53,1.43,0.32,0.28,0.46,12.95,1.95,0.74,0.82,2.08,1.04,0.56,4.7,1.81,3.48,1.61,0.88,0.81,2.59,1.22,0.63,0.07,0.69,17.84,2.35,9.03,6.26,1.14,0.99,1.61,0.84,0.32,0.2,0.26,0.04,0.04,0.17,6.23,5.89,0.31,0.05,0.33,0.02,0.51,0.01,2.31,0.01,0.03,15.71
"2014_Thomas,Joan_OpeningSky_PW.txt",Cont_3P,87834,87834,14.08,79.68,0,53.03,13.98,10.25,0.18,0.08,0.42,8.19,1.38,3.73,9.21,8.44,4.4,3.51,4.06,0.33,3.35,14.69,6.25,0.69,1.48,1.02,0.11,13.99,0.43,0.14,0.86,3.42,1.78,1.61,0.34,0.53,0.44,12.53,1.34,0.82,0.7,1.32,1.03,0.43,5.83,1.53,4.48,1.82,1.16,1.24,3.56,2.16,0.53,0.26,0.74,16.71,2.34,9.32,4.95,1.04,0.87,1.11,1.21,0.35,0.19,0.13,0.08,0.07,0.25,6.75,5.28,0.25,0.13,0.22,0.03,0.96,0,2.55,0.11,0.01,16.4
"2014_Trueblood,Valerie_SearchPartyStoriesofRescue_PW.txt",Cont_3P,65660,65660,13.36,84.48,0,57.85,14.27,9.88,0.58,0.19,0.47,7.21,1.42,4.39,8.96,11.88,7.42,7.72,2.37,0.77,3.5,15.24,6.22,1.33,1.98,1.14,0.02,14.16,0.9,0.12,1.48,3,1.61,1.36,0.28,0.35,0.4,15.09,1.66,0.95,1.56,2.26,1.11,0.58,5.47,2.6,3.59,1.43,0.85,1.13,3.36,2.07,0.66,0.14,0.57,15.92,2.43,8.81,4.58,1.15,0.78,1.1,1.05,0.2,0.23,0.19,0.04,0.06,0.25,6.6,5.81,0.11,0.18,0.2,0.04,0.43,0,1.11,0,0,14.5
"2014_Wood,Naomi_MrsHemingway_CT.txt",Cont_3P,61256,61256,13.34,80.51,0,54.3,13.85,10.13,0.07,0.03,0.05,8.61,1.37,3.72,8.81,10.68,6.08,4.74,4.41,0.7,4.01,14.57,6.22,0.83,1.67,0.87,0.06,13.96,0.53,0.14,0.67,3.91,2.39,1.48,0.32,0.44,0.43,13,1.75,0.84,1.49,2.06,0.98,0.48,4.52,2.11,4.18,1.53,0.96,1.31,3.35,1.87,0.39,0.28,0.89,15.32,2.29,7.76,5.25,0.79,0.82,1.42,1.18,0.34,0.14,0.22,0.04,0.08,0.21,7.22,4.6,0.54,0.34,0.15,0.06,0.3,0,1.81,0,0,15.04
"2015_Benditt,John_TheBoatmaker_CT.txt",Cont_3P,87111,87111,15.03,83,0,55.76,12.66,9.14,0.1,0.08,0.12,7.83,1.01,3.51,11.34,9.85,5.84,1.8,6.79,0.68,2.99,15.27,5.54,1.19,1.96,1.01,0.02,12.32,0.51,0.04,0.85,2.77,1.57,1.17,0.29,0.4,0.25,12.93,1.89,0.91,0.85,1.64,0.98,0.64,4.96,1.84,4.16,1.82,0.72,1.34,3.04,1.84,0.42,0.06,0.81,17.52,2.76,9.66,4.97,0.96,1.2,0.82,0.93,0.52,0.52,0.11,0.03,0.05,0.21,6.27,5.84,0.28,0.1,0.06,0.02,0.22,0,1.01,0,0,13.8
"2015_Christie,Michael_IfIFall_CT.txt",Cont_3P,71126,71126,18.28,78.07,0,51.95,12.47,8.91,0.01,0.01,0.11,7.45,1.32,3.55,8.61,8.54,5.5,5.05,0.92,1.98,3.63,14.22,6.37,0.67,1.99,0.8,0.04,11.9,0.6,0.12,0.84,3.76,1.78,1.96,0.54,0.52,0.54,13.2,1.43,0.97,1.1,1.94,1.05,0.69,5.23,1.55,3.37,1.25,0.69,1.13,3.83,2.49,0.61,0.13,0.67,15.35,2.08,7.78,5.79,1.13,0.97,1.28,0.97,0.32,0.12,0.27,0.03,0.03,0.49,5.76,6.7,0.18,0.04,0.15,0.01,0.62,0,2.09,0.04,0,15.6
"2015_Ciment,Jill_ActofGod_CT.txt",Cont_3P,34169,34169,17.69,77.27,0,49.1,10.87,8.29,0.17,0.05,0.15,7.28,0.64,2.58,9.36,9.45,5.35,6.55,1.62,0.51,3.21,13.03,5.7,0.72,1.5,1.63,0.03,11.65,0.56,0.23,0.69,3.51,1.96,1.53,0.41,0.25,0.61,12.15,1.51,0.83,1.4,1.78,1.05,0.73,4.09,1.93,3.7,1.82,0.58,0.98,3.22,1.72,0.62,0.37,0.64,15.04,1.92,7.26,5.74,2.08,1.07,1.19,1.61,0.65,0.2,0.33,0.02,0.04,0.2,6.56,5.88,0.1,0.09,0.52,0.02,0.83,0,2.46,0.04,0.02,16.57
"2015_Costello,Mary_AcademyStreet_CT.txt",Cont_3P,41114,41114,14,85,0,54.87,14.63,11.95,0.24,0.04,0.17,10.46,1.04,2.68,9.81,10.03,4.91,5.61,3.42,0.47,2.85,14.54,6.38,0.85,1.42,0.85,0.02,15.53,0.86,0.09,1,3.36,1.64,1.71,0.52,0.2,0.73,13.97,1.79,0.46,0.97,1.53,1.04,0.63,6.68,1.57,4.68,2.07,0.91,1.47,4.14,2.47,0.75,0.24,0.74,19.65,3.3,10.43,5.8,0.84,0.67,1.12,1.37,0.24,0.43,0.34,0.02,0.03,0.15,8.04,7.75,0.06,0.03,0.15,0,0.24,0,0.68,0,0.47,17.42
"2015_Essbaum,JillAlexander_Hausfrau_CT.txt",Cont_3P,74176,74176,15.35,78.15,0,52.07,13.35,8.87,0.71,0.05,0.36,6.76,0.98,4.48,8.21,10.67,5.99,6.93,2.56,0.53,3.3,12.79,6.3,1,2.07,1.21,0.13,11.68,0.39,0.14,0.63,4.04,2.13,1.87,0.44,0.43,0.61,13.88,2.01,0.92,1.24,1.66,1.3,0.54,5.08,1.85,2.71,0.98,0.58,0.95,3.11,1.66,0.41,0.42,0.73,14.75,2.44,6.88,5.4,1.04,0.97,1.05,0.96,0.37,0.26,0.21,0.16,0.08,0.19,9.17,4.34,0.18,0.09,0.47,0.11,0.41,0,2.84,0.07,0,17.76
"2015_Fishbane,Joel_TheThunderofGiants_CT.txt",Cont_3P,60769,60769,17.57,81.17,0,54.04,12.74,8.88,0.08,0.02,0.04,7.67,1.06,3.86,9.62,11.78,7.44,8.85,1.56,0.58,3.51,13.5,5.19,0.98,1.87,1.26,0.06,12.72,0.76,0.08,0.85,4.56,2.24,2.29,0.53,0.48,0.83,12.89,1.89,0.89,1.38,1.7,1.19,0.61,3.91,1.94,2.5,0.98,0.51,0.83,2.94,1.71,0.66,0.25,0.41,15.1,2.26,7.11,5.66,0.97,1.14,1.06,0.91,0.43,0.27,0.39,0.03,0.03,0.21,8.06,4.77,0.26,0.58,0.26,0.08,0.3,0,1.23,0.07,0.13,15.81
"2015_Flournoy,Angela_TheTurnerHouse_CT.txt",Cont_3P,76830,76830,15.61,79.92,0,52.4,12.38,8.72,0.07,0.03,0.11,7.62,0.9,3.66,7.72,9.89,5.32,6.7,1.69,0.61,3.72,14.79,5.87,1.13,2.17,1.43,0.06,12.54,0.71,0.14,0.95,3.62,1.98,1.62,0.39,0.42,0.44,14.03,1.91,1.05,1.49,2.01,1.02,0.7,4.68,2.19,2.97,1.29,0.47,1.01,3.13,1.86,0.55,0.2,0.6,16.21,2.28,8.38,5.49,1.06,1.24,1.07,1.55,0.7,0.26,0.15,0.03,0.06,0.26,6.64,5.21,0.1,0.16,0.16,0.01,1.57,0,2.01,0.05,0.07,16.02
"2015_Kanon,Joseph_LeavingBerlin_CT.txt",Cont_3P,41106,41106,17.44,78.96,0,50.83,11.48,8.49,0.07,0.03,0.2,7.19,0.99,2.99,10.09,8.4,3.64,6.03,1.41,0.33,4.34,14.61,4.3,1.27,1.76,0.81,0.02,11.13,0.12,0.05,0.59,3.25,1.57,1.66,0.69,0.32,0.35,12.14,1.55,0.76,1.11,2.15,0.73,1.3,3.21,2.36,5.68,2.73,1.14,1.59,4.05,2.83,0.43,0.09,0.71,19.55,3.12,10.03,6.35,0.73,0.73,0.76,1.1,0.2,0.08,0.17,0.01,0.02,0.16,11.63,11.2,0.01,0,0.53,0,0.16,0,1.42,0,0.15,25.11
"2015_Oates,JoyceCarol_TheSacrifice_CT.txt",Cont_3P,76996,76996,18,79.11,0,50.19,11.73,8.13,0.49,0.23,0.75,5.8,0.86,3.6,7.49,10.35,6.74,6.74,2.09,0.61,3.27,13.11,5.77,1.22,1.69,0.99,0.32,12.69,0.82,0.16,1.66,4.68,1.74,2.92,0.62,1.17,0.51,13.76,1.7,0.8,1.4,2.37,0.82,0.66,4.78,2.37,3.97,1.89,0.88,1.01,3.84,2.21,0.77,0.31,0.66,12.79,1.59,6.86,4.58,1.78,0.92,0.67,0.71,0.3,0.6,0.33,0.1,0.09,0.49,5.58,5.52,0.16,0.2,0.25,0.23,1.19,0,2.66,0.17,0.03,16.16
"2015_Treuer,David_Prudence_CT.txt",Cont_3P,72087,72087,12.47,81.57,0,57.76,13.7,9.42,0.67,0.35,0.38,6.36,1.66,4.28,8.81,11.09,6.18,7.38,2.21,0.67,4.46,14.01,8.62,1.03,2.36,1.09,0.11,11.33,0.28,0.04,0.77,3.11,1.77,1.32,0.3,0.47,0.3,15.89,1.24,0.97,1.43,1.96,1.27,0.56,7.15,2.2,3.29,1.33,0.55,1.23,3.1,2.12,0.28,0.16,0.66,16.35,2.62,8.35,5.26,0.79,0.83,0.86,0.9,0.32,0.14,0.27,0.06,0.05,0.22,6.48,5.04,0.06,0.07,0.21,0.04,0.28,0,1.89,0.08,0.13,14.36
"2015_Tyler,Anne_ASpoolofBlueThread_CT.txt",Cont_3P,70748,70748,15.07,81.11,0,54.44,13.62,9.77,0.01,0.01,0.12,8.03,1.59,3.86,7.47,10.49,6.09,7.48,1.59,0.65,4.05,13.84,7.39,0.84,2.29,1.15,0.03,13.86,0.61,0.15,1.11,3.07,1.84,1.21,0.25,0.29,0.37,14.87,1.54,0.95,1.37,2.23,1.22,0.57,5.68,2.27,4,2.07,0.77,0.99,2.54,1.51,0.32,0.12,0.65,16.47,2.56,8.22,5.48,1.26,0.84,0.87,1.57,0.34,0.16,0.12,0.08,0.08,0.15,7.53,6.12,0.12,0.23,0.19,0.1,0.69,0,1.8,0.12,0.01,17
"2015_Yanagihara,Hanya_ALittleLife_CT.txt",Cont_3P,264584,264584,14.69,85.26,0,59.7,17.18,12.07,0.53,0.13,0.28,9.58,1.55,5.11,5.97,13.13,8.44,7.63,3.56,0.96,4.69,12.87,8.98,0.91,2.25,1.31,0.03,15.28,0.39,0.2,0.54,3.94,2.16,1.75,0.46,0.46,0.42,16.99,2.33,1.25,1.77,2.18,1.46,0.65,6.12,2.33,3.06,1.11,0.95,0.85,2.55,1.16,0.74,0.18,0.51,14.64,1.73,6.11,6.67,1.22,1.21,0.9,0.95,0.39,0.09,0.09,0.04,0.1,0.14,4.38,8.64,0.5,0.36,0.21,0.01,0.36,0,1.85,0.15,0,16.61
"2015_Yglesias,Rafael_TheWisdomofPerversity_CT.txt",Cont_3P,76663,76663,17.97,77.7,0,49.25,12.85,9.82,0.17,0.03,0.07,8.79,0.75,3.03,7.26,9.31,5.32,6.49,1.51,0.48,2.95,14.48,5.2,0.76,1.51,0.99,0.08,13.04,0.63,0.16,0.66,5.65,2.88,2.73,0.7,0.8,0.7,12.36,1.82,1.08,1.44,1.75,1.07,0.77,3.91,1.62,4.31,1.7,0.77,1.53,4.02,2.72,0.57,0.3,0.58,14.26,2.18,7.43,4.68,0.98,1.12,0.87,1.05,0.4,0.15,0.14,0.05,0.06,0.19,7.87,6.1,0.29,0.12,0.3,0.04,0.54,0,2.28,0.05,0.01,17.65
